tsne_1,tsne_2,method,gas_class
-23.469696,59.500427,Best Traditional ML,1
-90.920364,12.8546505,Best Traditional ML,1
-92.754845,24.432392,Best Traditional ML,1
-90.919235,12.850119,Best Traditional ML,1
-91.52927,24.589106,Best Traditional ML,1
-41.215424,20.945469,Best Traditional ML,1
-93.09762,24.28268,Best Traditional ML,1
-87.419914,0.65482813,Best Traditional ML,1
-91.06493,13.352044,Best Traditional ML,1
-92.39688,23.8134,Best Traditional ML,1
-90.93015,12.886939,Best Traditional ML,1
-92.18106,24.012026,Best Traditional ML,1
-88.48217,3.5776196,Best Traditional ML,1
-91.78643,23.4749,Best Traditional ML,1
-23.422916,69.80898,Best Traditional ML,1
-22.385098,59.323166,Best Traditional ML,1
-92.42208,23.79729,Best Traditional ML,1
-92.93271,25.058363,Best Traditional ML,1
-91.8902,24.472322,Best Traditional ML,1
-92.11002,24.024616,Best Traditional ML,1
-23.554638,69.61548,Best Traditional ML,1
-92.1659,23.363747,Best Traditional ML,1
-40.95943,21.979067,Best Traditional ML,1
-92.44905,21.035757,Best Traditional ML,1
-92.02507,23.94512,Best Traditional ML,1
-93.07923,24.022877,Best Traditional ML,1
-23.6372,69.37876,Best Traditional ML,1
-92.09239,24.707104,Best Traditional ML,1
-93.28835,25.307213,Best Traditional ML,1
-23.284056,70.13335,Best Traditional ML,1
-92.37215,23.025124,Best Traditional ML,1
-22.420233,59.328297,Best Traditional ML,1
-92.44797,21.05805,Best Traditional ML,1
-66.60231,-0.5346897,Best Traditional ML,1
-14.523477,46.183598,Best Traditional ML,1
-48.148598,19.407923,Best Traditional ML,1
-45.76386,19.556742,Best Traditional ML,1
-48.73241,19.911226,Best Traditional ML,1
-40.62715,22.281641,Best Traditional ML,1
-47.920586,19.375757,Best Traditional ML,1
-47.169926,20.610157,Best Traditional ML,1
-50.317566,20.973131,Best Traditional ML,1
-43.516872,23.205446,Best Traditional ML,1
-94.20496,27.110899,Best Traditional ML,1
-22.266079,71.58784,Best Traditional ML,1
-48.225918,20.253767,Best Traditional ML,1
-49.03283,19.948456,Best Traditional ML,1
-43.56274,23.325495,Best Traditional ML,1
-93.98636,26.682367,Best Traditional ML,1
-22.520733,71.284706,Best Traditional ML,1
-47.73391,19.339859,Best Traditional ML,1
-94.01744,26.503057,Best Traditional ML,1
-44.74819,17.919062,Best Traditional ML,1
-45.219646,19.375454,Best Traditional ML,1
-22.993301,70.84989,Best Traditional ML,1
-22.465456,71.28669,Best Traditional ML,1
-42.764,21.926939,Best Traditional ML,1
-23.33021,70.879166,Best Traditional ML,1
-93.770485,25.157928,Best Traditional ML,1
-22.533796,71.22031,Best Traditional ML,1
-87.4308,0.43258655,Best Traditional ML,1
-91.55561,24.748692,Best Traditional ML,1
-90.91423,12.826677,Best Traditional ML,1
-44.150776,18.179018,Best Traditional ML,1
-90.91426,12.827035,Best Traditional ML,1
-23.097076,69.90202,Best Traditional ML,1
-93.70203,25.317446,Best Traditional ML,1
-22.698544,70.62351,Best Traditional ML,1
-42.11715,21.396255,Best Traditional ML,1
-42.720013,21.929777,Best Traditional ML,1
-87.435356,0.49832082,Best Traditional ML,1
-91.28938,25.053848,Best Traditional ML,1
-23.505617,70.32295,Best Traditional ML,1
-93.1808,24.943491,Best Traditional ML,1
-22.886696,70.82998,Best Traditional ML,1
-22.699133,71.07609,Best Traditional ML,1
-42.417347,21.952501,Best Traditional ML,1
-93.3263,25.44966,Best Traditional ML,1
-43.57443,18.162258,Best Traditional ML,1
-91.394295,25.100098,Best Traditional ML,1
-22.540873,59.35208,Best Traditional ML,1
-93.46142,25.832592,Best Traditional ML,1
-22.752825,70.53762,Best Traditional ML,1
-42.42117,21.96858,Best Traditional ML,1
-44.786446,18.153566,Best Traditional ML,1
-91.18766,25.098587,Best Traditional ML,1
-87.424355,0.57849944,Best Traditional ML,1
-44.45548,18.157196,Best Traditional ML,1
-44.41054,19.717703,Best Traditional ML,1
-23.379206,69.84652,Best Traditional ML,1
-93.571175,25.681036,Best Traditional ML,1
-22.596766,70.44191,Best Traditional ML,1
-42.502632,21.538673,Best Traditional ML,1
-94.06472,26.10546,Best Traditional ML,1
-23.002302,70.6044,Best Traditional ML,1
-42.259415,21.36095,Best Traditional ML,1
-44.473545,18.478584,Best Traditional ML,1
-91.17275,25.271944,Best Traditional ML,1
-22.550817,59.355274,Best Traditional ML,1
-42.79155,21.060484,Best Traditional ML,1
-44.913937,18.09019,Best Traditional ML,1
-44.78996,18.821491,Best Traditional ML,1
-22.48517,59.33814,Best Traditional ML,1
-93.57216,25.229256,Best Traditional ML,1
-23.10243,70.75035,Best Traditional ML,1
-90.95379,10.922104,Best Traditional ML,1
-44.281975,19.276203,Best Traditional ML,1
-23.45761,70.302826,Best Traditional ML,1
-93.75123,26.380917,Best Traditional ML,1
-22.482279,70.57257,Best Traditional ML,1
-42.402283,21.234692,Best Traditional ML,1
-93.88687,26.606905,Best Traditional ML,1
-44.613388,18.081985,Best Traditional ML,1
-91.13787,25.221922,Best Traditional ML,1
-23.445122,59.49024,Best Traditional ML,1
-22.319653,59.297863,Best Traditional ML,1
-41.9504,21.621162,Best Traditional ML,1
-92.68587,25.214115,Best Traditional ML,1
-93.641304,26.220764,Best Traditional ML,1
-22.909666,71.05854,Best Traditional ML,1
-42.703453,21.334377,Best Traditional ML,1
-44.8079,18.23593,Best Traditional ML,1
-91.34524,25.470472,Best Traditional ML,1
-44.79808,18.857006,Best Traditional ML,1
-44.74851,19.214699,Best Traditional ML,1
-22.551432,59.35232,Best Traditional ML,1
-93.772224,26.558659,Best Traditional ML,1
-22.31864,59.299458,Best Traditional ML,1
-42.350224,21.754944,Best Traditional ML,1
-41.69941,21.405025,Best Traditional ML,1
-44.298508,18.604158,Best Traditional ML,1
-91.11516,25.19797,Best Traditional ML,1
-92.4436,21.061045,Best Traditional ML,1
-93.79891,26.533407,Best Traditional ML,1
-22.77506,70.22026,Best Traditional ML,1
-22.430689,70.76116,Best Traditional ML,1
-42.151237,21.375135,Best Traditional ML,1
-93.960686,26.627985,Best Traditional ML,1
-43.93489,18.128798,Best Traditional ML,1
-43.89023,20.163317,Best Traditional ML,1
-23.451118,59.49321,Best Traditional ML,1
-93.872505,26.39984,Best Traditional ML,1
-22.586527,70.91165,Best Traditional ML,1
-41.842064,21.379452,Best Traditional ML,1
-44.6767,18.578543,Best Traditional ML,1
-91.25525,25.50772,Best Traditional ML,1
-41.335712,20.91881,Best Traditional ML,1
-45.026466,17.915365,Best Traditional ML,1
-91.165855,25.286135,Best Traditional ML,1
-92.44831,21.038437,Best Traditional ML,1
-93.42119,26.087189,Best Traditional ML,1
-22.819351,70.38296,Best Traditional ML,1
-42.271015,21.629278,Best Traditional ML,1
-14.961199,-2.079291,Best Traditional ML,1
4.607473,31.058105,Best Traditional ML,1
6.2563806,22.372498,Best Traditional ML,1
-87.08651,-1.6876719,Best Traditional ML,1
-6.6426315,-4.1024456,Best Traditional ML,1
4.802568,25.210495,Best Traditional ML,1
4.9700065,21.388224,Best Traditional ML,1
-14.205298,-3.6492114,Best Traditional ML,1
-10.8322735,0.91277397,Best Traditional ML,1
5.244174,25.948181,Best Traditional ML,1
-34.04885,-3.394211,Best Traditional ML,1
3.6611695,36.048283,Best Traditional ML,1
-11.809612,0.94501674,Best Traditional ML,1
-9.94684,2.0401857,Best Traditional ML,1
5.5195713,24.880589,Best Traditional ML,1
-12.358393,-0.81132215,Best Traditional ML,1
5.696836,31.605963,Best Traditional ML,1
6.182858,23.135197,Best Traditional ML,1
-13.265336,-2.1134036,Best Traditional ML,1
-11.126456,0.06616815,Best Traditional ML,1
5.734369,21.599222,Best Traditional ML,1
5.101146,25.385391,Best Traditional ML,1
4.157621,33.150642,Best Traditional ML,1
6.3103886,22.821644,Best Traditional ML,1
4.98892,25.741766,Best Traditional ML,1
-12.175979,-0.9353689,Best Traditional ML,1
4.2856865,32.788094,Best Traditional ML,1
6.221634,23.425238,Best Traditional ML,1
-11.610619,0.35085732,Best Traditional ML,1
-10.272086,1.5540203,Best Traditional ML,1
-18.894657,-4.792585,Best Traditional ML,1
-10.064671,1.8998339,Best Traditional ML,1
5.267131,27.076717,Best Traditional ML,1
-13.162002,-0.70978045,Best Traditional ML,1
3.6131287,36.40948,Best Traditional ML,1
6.2266226,23.166647,Best Traditional ML,1
6.032669,22.876453,Best Traditional ML,1
-18.306278,-3.243927,Best Traditional ML,1
-11.29155,0.7075542,Best Traditional ML,1
3.5603762,25.841862,Best Traditional ML,1
-13.626034,-1.6769372,Best Traditional ML,1
6.4192705,31.972532,Best Traditional ML,1
6.3336678,31.699032,Best Traditional ML,1
5.358664,21.771523,Best Traditional ML,1
-35.588814,-5.418014,Best Traditional ML,1
-87.4959,-1.664283,Best Traditional ML,1
-10.760679,1.4442408,Best Traditional ML,1
4.351493,25.980637,Best Traditional ML,1
-37.585377,-5.4194074,Best Traditional ML,1
5.9950814,31.120358,Best Traditional ML,1
4.6484203,21.198395,Best Traditional ML,1
-21.59616,-4.3204465,Best Traditional ML,1
-10.408048,0.39757165,Best Traditional ML,1
4.302325,26.185373,Best Traditional ML,1
-17.665691,-4.100203,Best Traditional ML,1
-10.269881,0.14820975,Best Traditional ML,1
4.8703,26.217716,Best Traditional ML,1
-36.40352,-5.161384,Best Traditional ML,1
6.3150473,32.095116,Best Traditional ML,1
5.3816676,21.907694,Best Traditional ML,1
-49.5079,20.009245,Best Traditional ML,1
8.75305,32.93161,Best Traditional ML,1
1.8701428,19.355072,Best Traditional ML,1
-20.735981,-6.208775,Best Traditional ML,1
-12.338749,0.87021863,Best Traditional ML,1
4.077952,25.912111,Best Traditional ML,1
5.783215,22.360659,Best Traditional ML,1
-20.682287,-5.9041557,Best Traditional ML,1
-11.855876,0.08862508,Best Traditional ML,1
6.121185,24.328234,Best Traditional ML,1
-26.939945,-7.6570706,Best Traditional ML,1
6.791351,31.145113,Best Traditional ML,1
-87.423065,-2.0819461,Best Traditional ML,1
-11.658591,0.73763067,Best Traditional ML,1
5.879383,26.41007,Best Traditional ML,1
-24.77973,-1.0871071,Best Traditional ML,1
6.711165,31.655657,Best Traditional ML,1
5.366865,21.914452,Best Traditional ML,1
-24.913193,-1.0695484,Best Traditional ML,1
-87.430084,-1.9921732,Best Traditional ML,1
-11.297078,0.108367324,Best Traditional ML,1
6.0843396,26.719395,Best Traditional ML,1
6.541079,31.840075,Best Traditional ML,1
5.2413926,22.27166,Best Traditional ML,1
6.090967,26.755674,Best Traditional ML,1
-25.58745,-8.117211,Best Traditional ML,1
6.3635926,32.610306,Best Traditional ML,1
5.7211256,22.511707,Best Traditional ML,1
-20.09734,-5.684047,Best Traditional ML,1
-11.004553,0.6707546,Best Traditional ML,1
-19.995712,-4.731993,Best Traditional ML,1
-11.631554,-0.25705838,Best Traditional ML,1
6.628916,27.25075,Best Traditional ML,1
-20.895037,-10.104485,Best Traditional ML,1
6.304086,32.667442,Best Traditional ML,1
3.5101738,20.419449,Best Traditional ML,1
4.5935097,21.140059,Best Traditional ML,1
-20.893974,-5.4219904,Best Traditional ML,1
-11.122008,0.57900834,Best Traditional ML,1
6.1620336,26.622896,Best Traditional ML,1
-25.026905,-1.1015394,Best Traditional ML,1
5.176367,34.621723,Best Traditional ML,1
6.345874,32.13869,Best Traditional ML,1
5.733708,22.59726,Best Traditional ML,1
-25.458818,-8.177575,Best Traditional ML,1
-19.972406,-4.839421,Best Traditional ML,1
-9.861779,-0.34254596,Best Traditional ML,1
7.285256,27.645115,Best Traditional ML,1
-19.565014,-9.784989,Best Traditional ML,1
6.205298,33.455406,Best Traditional ML,1
6.5275187,23.659348,Best Traditional ML,1
-19.786497,-5.4005976,Best Traditional ML,1
-9.733657,-0.3110919,Best Traditional ML,1
7.2776494,27.979519,Best Traditional ML,1
-87.35991,-1.9373827,Best Traditional ML,1
-9.249138,-0.66651297,Best Traditional ML,1
7.3756866,28.120888,Best Traditional ML,1
-20.69274,-9.885734,Best Traditional ML,1
6.3697515,34.53071,Best Traditional ML,1
7.442133,25.351028,Best Traditional ML,1
-21.28985,-10.163018,Best Traditional ML,1
6.221814,33.89532,Best Traditional ML,1
7.7897205,25.492565,Best Traditional ML,1
-19.534071,-5.1218343,Best Traditional ML,1
-9.31119,-0.4969249,Best Traditional ML,1
7.529195,28.317413,Best Traditional ML,1
8.031387,25.798756,Best Traditional ML,1
-20.748556,-4.826892,Best Traditional ML,1
-9.602482,-0.39350513,Best Traditional ML,1
7.135581,28.624796,Best Traditional ML,1
-25.952711,-8.250161,Best Traditional ML,1
6.3217974,33.900383,Best Traditional ML,1
-21.341244,-4.633882,Best Traditional ML,1
-9.523274,-0.43838254,Best Traditional ML,1
6.9809957,28.666876,Best Traditional ML,1
-23.41683,-9.320032,Best Traditional ML,1
5.8340135,34.47262,Best Traditional ML,1
8.243112,25.912415,Best Traditional ML,1
-21.91641,-10.023555,Best Traditional ML,1
-21.634329,-4.631651,Best Traditional ML,1
-9.508222,-0.4093044,Best Traditional ML,1
7.14257,28.591019,Best Traditional ML,1
6.34563,34.117268,Best Traditional ML,1
8.198145,25.841007,Best Traditional ML,1
6.995318,28.687609,Best Traditional ML,1
-20.769342,-10.286347,Best Traditional ML,1
6.676037,33.71006,Best Traditional ML,1
8.193461,25.792433,Best Traditional ML,1
-19.326435,-4.830983,Best Traditional ML,1
-9.465116,-0.616018,Best Traditional ML,1
-19.288599,-4.8172503,Best Traditional ML,1
-9.197952,-0.6601394,Best Traditional ML,1
7.4466224,28.277586,Best Traditional ML,1
-20.988937,-10.762335,Best Traditional ML,1
6.3017926,34.74009,Best Traditional ML,1
8.173637,25.886065,Best Traditional ML,1
8.027524,25.508293,Best Traditional ML,1
-19.093615,-5.026909,Best Traditional ML,1
-9.689776,-1.131129,Best Traditional ML,1
6.829765,28.50938,Best Traditional ML,1
-27.639532,-8.611,Best Traditional ML,1
6.675752,34.52033,Best Traditional ML,1
6.7261295,34.214344,Best Traditional ML,1
8.190517,25.698454,Best Traditional ML,1
-23.64912,-9.127561,Best Traditional ML,1
-21.644241,-4.6846876,Best Traditional ML,1
-12.62848,-2.1165035,Best Traditional ML,1
7.5224175,28.214571,Best Traditional ML,1
-25.170626,-8.326991,Best Traditional ML,1
6.6944294,34.33356,Best Traditional ML,1
8.193458,25.611044,Best Traditional ML,1
-20.26821,-5.048206,Best Traditional ML,1
-12.876024,-2.3777936,Best Traditional ML,1
7.474272,27.977123,Best Traditional ML,1
-87.30591,-1.7277194,Best Traditional ML,1
-12.807144,-2.4573889,Best Traditional ML,1
7.256786,28.452246,Best Traditional ML,1
-21.534771,-10.146415,Best Traditional ML,1
6.6683435,34.446445,Best Traditional ML,1
8.316027,25.68447,Best Traditional ML,1
-37.594193,-14.960261,Best Traditional ML,1
3.0795817,30.987741,Best Traditional ML,1
1.339759,19.335087,Best Traditional ML,1
-30.040651,-2.6540132,Best Traditional ML,1
-25.792707,-0.109348014,Best Traditional ML,1
3.1419713,27.500044,Best Traditional ML,1
1.1973399,19.16427,Best Traditional ML,1
-29.965712,-1.2964504,Best Traditional ML,1
-28.018822,-3.0404587,Best Traditional ML,1
1.6692214,20.25851,Best Traditional ML,1
-37.914326,-14.504712,Best Traditional ML,1
3.274065,30.207664,Best Traditional ML,1
-30.552366,-0.9122588,Best Traditional ML,1
-27.980211,-0.72800994,Best Traditional ML,1
2.9170566,28.56121,Best Traditional ML,1
-37.441433,-15.182489,Best Traditional ML,1
3.1191986,32.33949,Best Traditional ML,1
1.1093305,19.177565,Best Traditional ML,1
-37.887333,-14.789129,Best Traditional ML,1
-30.481413,-1.4276114,Best Traditional ML,1
-28.62059,-0.8935046,Best Traditional ML,1
2.811338,28.12884,Best Traditional ML,1
3.2842977,30.183067,Best Traditional ML,1
1.1404141,18.974566,Best Traditional ML,1
2.6881793,27.748878,Best Traditional ML,1
-37.918465,-14.234693,Best Traditional ML,1
2.9731889,31.317392,Best Traditional ML,1
0.45279795,17.6752,Best Traditional ML,1
-31.696615,-0.5167593,Best Traditional ML,1
-28.666931,-0.78177387,Best Traditional ML,1
-30.381485,0.048407894,Best Traditional ML,1
-27.14037,0.91223043,Best Traditional ML,1
3.3544838,29.550726,Best Traditional ML,1
-37.91743,-13.485087,Best Traditional ML,1
-18.24296,75.74499,Best Traditional ML,1
1.4262844,19.258968,Best Traditional ML,1
0.8706643,18.574696,Best Traditional ML,1
-31.040924,-0.07785737,Best Traditional ML,1
-26.813723,0.45496842,Best Traditional ML,1
3.207518,29.663193,Best Traditional ML,1
-38.466797,-13.947459,Best Traditional ML,1
-18.347044,75.75055,Best Traditional ML,1
3.6409292,32.292152,Best Traditional ML,1
0.9542683,18.535585,Best Traditional ML,1
-38.261986,-14.759462,Best Traditional ML,1
-32.20508,-6.4070034,Best Traditional ML,1
-27.5543,0.87348706,Best Traditional ML,1
2.850804,29.44638,Best Traditional ML,1
-37.66457,-14.818454,Best Traditional ML,1
-18.416689,75.733734,Best Traditional ML,1
1.483583,18.860746,Best Traditional ML,1
-31.177732,-0.49020264,Best Traditional ML,1
-27.107447,-0.0041485773,Best Traditional ML,1
3.3924756,29.109276,Best Traditional ML,1
-29.418621,-2.816981,Best Traditional ML,1
-26.77331,0.7574881,Best Traditional ML,1
3.1399772,29.154448,Best Traditional ML,1
-38.457085,-15.066229,Best Traditional ML,1
3.147656,31.770798,Best Traditional ML,1
1.1276731,18.94454,Best Traditional ML,1
-38.08251,-14.50567,Best Traditional ML,1
2.7231991,33.7349,Best Traditional ML,1
0.62970674,18.7665,Best Traditional ML,1
-30.462788,-1.9791193,Best Traditional ML,1
-26.856749,0.040234733,Best Traditional ML,1
3.46656,29.12591,Best Traditional ML,1
0.5141447,18.450089,Best Traditional ML,1
-31.199945,-0.12302473,Best Traditional ML,1
-26.423525,1.169258,Best Traditional ML,1
4.306756,29.795954,Best Traditional ML,1
-38.074898,-11.679115,Best Traditional ML,1
-18.36373,75.73433,Best Traditional ML,1
-28.971275,-2.657019,Best Traditional ML,1
-26.503786,1.101284,Best Traditional ML,1
3.0966704,28.511852,Best Traditional ML,1
-38.309944,-11.891691,Best Traditional ML,1
-18.32713,75.73834,Best Traditional ML,1
0.6949477,18.278023,Best Traditional ML,1
-38.159107,-11.471921,Best Traditional ML,1
-27.680323,-4.853722,Best Traditional ML,1
-27.215912,0.85131586,Best Traditional ML,1
4.077895,29.969915,Best Traditional ML,1
-18.254982,75.752235,Best Traditional ML,1
0.42968306,18.670134,Best Traditional ML,1
2.862098,28.50797,Best Traditional ML,1
-38.13886,-12.165069,Best Traditional ML,1
2.669953,33.571777,Best Traditional ML,1
0.8008776,18.282156,Best Traditional ML,1
-29.979998,-2.217185,Best Traditional ML,1
-25.525732,-0.2837134,Best Traditional ML,1
-29.904882,-1.6004436,Best Traditional ML,1
-26.707338,0.65178406,Best Traditional ML,1
3.2457302,28.624561,Best Traditional ML,1
-38.576786,-12.0977335,Best Traditional ML,1
2.7053223,31.96985,Best Traditional ML,1
0.4663502,17.700104,Best Traditional ML,1
1.033803,18.955795,Best Traditional ML,1
-29.93676,-2.3025644,Best Traditional ML,1
-25.97245,-0.2630066,Best Traditional ML,1
3.3969636,28.782526,Best Traditional ML,1
-38.08236,-13.132766,Best Traditional ML,1
2.687218,33.60755,Best Traditional ML,1
3.0411017,31.049591,Best Traditional ML,1
0.6705011,18.79524,Best Traditional ML,1
-38.9309,-14.602217,Best Traditional ML,1
-30.06555,-2.6744888,Best Traditional ML,1
-26.405878,0.18004024,Best Traditional ML,1
2.7274158,28.771069,Best Traditional ML,1
-42.566135,-16.908546,Best Traditional ML,1
2.515088,31.88116,Best Traditional ML,1
0.44956133,18.14798,Best Traditional ML,1
-29.494013,-2.5762775,Best Traditional ML,1
-25.296867,0.5209362,Best Traditional ML,1
2.4638505,28.2223,Best Traditional ML,1
-29.56551,-1.6279248,Best Traditional ML,1
-26.891016,0.43653798,Best Traditional ML,1
2.5492306,28.587719,Best Traditional ML,1
-38.153015,-14.3810215,Best Traditional ML,1
2.5244348,32.243004,Best Traditional ML,1
0.6415599,18.097517,Best Traditional ML,1
3.3123333,9.62918,Best Traditional ML,1
9.099831,5.1303496,Best Traditional ML,1
7.3671327,6.269083,Best Traditional ML,1
0.77149826,8.873908,Best Traditional ML,1
3.825993,7.443574,Best Traditional ML,1
7.3450775,5.8171835,Best Traditional ML,1
6.933729,6.74314,Best Traditional ML,1
0.7292551,8.964601,Best Traditional ML,1
3.4455135,6.8920507,Best Traditional ML,1
7.090573,5.8098,Best Traditional ML,1
2.759318,8.891597,Best Traditional ML,1
8.38257,5.919406,Best Traditional ML,1
0.12071496,9.0888815,Best Traditional ML,1
3.18608,7.0996633,Best Traditional ML,1
7.523907,5.8397665,Best Traditional ML,1
3.0456965,9.451756,Best Traditional ML,1
8.144504,5.7779336,Best Traditional ML,1
6.309535,7.0383153,Best Traditional ML,1
2.903975,9.0438175,Best Traditional ML,1
-0.01914325,9.133801,Best Traditional ML,1
3.406255,6.9863143,Best Traditional ML,1
7.4134254,5.839374,Best Traditional ML,1
7.6078653,5.454061,Best Traditional ML,1
6.789188,6.9792905,Best Traditional ML,1
7.3741207,5.95622,Best Traditional ML,1
2.971999,9.214381,Best Traditional ML,1
8.357697,5.580093,Best Traditional ML,1
6.6722746,7.1478105,Best Traditional ML,1
0.5817398,8.829232,Best Traditional ML,1
3.4800344,7.170061,Best Traditional ML,1
-0.15084179,9.231841,Best Traditional ML,1
3.3579717,7.2511663,Best Traditional ML,1
7.4747167,5.938773,Best Traditional ML,1
2.9938283,8.931536,Best Traditional ML,1
8.882457,5.3829145,Best Traditional ML,1
6.1802444,6.7664332,Best Traditional ML,1
6.3934555,7.075318,Best Traditional ML,1
-0.023826482,9.127898,Best Traditional ML,1
3.7006683,7.031788,Best Traditional ML,1
7.556544,5.9656043,Best Traditional ML,1
3.1418612,9.384622,Best Traditional ML,1
8.605502,5.598794,Best Traditional ML,1
8.577813,5.4825907,Best Traditional ML,1
6.958242,7.1456676,Best Traditional ML,1
3.910765,9.245256,Best Traditional ML,1
0.7073065,9.11131,Best Traditional ML,1
3.9346366,8.200608,Best Traditional ML,1
7.567347,6.59064,Best Traditional ML,1
3.9570892,9.206739,Best Traditional ML,1
9.66397,4.588612,Best Traditional ML,1
6.331614,7.562929,Best Traditional ML,1
0.18262655,9.196182,Best Traditional ML,1
3.8746874,8.258975,Best Traditional ML,1
7.6333184,6.777455,Best Traditional ML,1
0.82323426,9.005567,Best Traditional ML,1
3.5201726,8.04545,Best Traditional ML,1
7.904808,6.4285965,Best Traditional ML,1
3.2485242,9.194866,Best Traditional ML,1
9.478321,4.7477455,Best Traditional ML,1
6.9798584,7.1382823,Best Traditional ML,1
27.047848,-4.7225575,Best Traditional ML,2
31.213198,-8.218185,Best Traditional ML,2
23.07008,4.5744123,Best Traditional ML,2
25.018648,8.758601,Best Traditional ML,2
34.264027,-14.896237,Best Traditional ML,2
28.146917,-6.0488453,Best Traditional ML,2
23.98574,7.1141696,Best Traditional ML,2
28.341227,-4.498809,Best Traditional ML,2
23.784124,3.342301,Best Traditional ML,2
25.010176,8.669006,Best Traditional ML,2
28.486275,-4.4004273,Best Traditional ML,2
34.42818,-14.97823,Best Traditional ML,2
23.73342,3.1313748,Best Traditional ML,2
25.048584,7.9046187,Best Traditional ML,2
28.859566,-5.9555774,Best Traditional ML,2
24.02857,6.5458045,Best Traditional ML,2
28.796661,-5.868226,Best Traditional ML,2
24.081291,6.5343633,Best Traditional ML,2
28.420864,-4.1216,Best Traditional ML,2
36.590343,-17.573275,Best Traditional ML,2
23.975086,2.857978,Best Traditional ML,2
24.689981,7.5416317,Best Traditional ML,2
24.94858,7.46162,Best Traditional ML,2
29.157486,-6.176318,Best Traditional ML,2
24.242867,5.5437055,Best Traditional ML,2
28.509367,-4.175129,Best Traditional ML,2
36.69495,-17.681465,Best Traditional ML,2
24.17023,2.715934,Best Traditional ML,2
24.174704,2.6772473,Best Traditional ML,2
24.670513,7.3404098,Best Traditional ML,2
36.583103,-17.713076,Best Traditional ML,2
28.867163,-5.9524736,Best Traditional ML,2
24.23367,5.1661377,Best Traditional ML,2
29.06381,-3.808869,Best Traditional ML,2
36.69693,-17.740967,Best Traditional ML,2
24.205322,2.6692498,Best Traditional ML,2
24.612514,6.8256946,Best Traditional ML,2
29.103554,-6.155083,Best Traditional ML,2
24.110142,4.644476,Best Traditional ML,2
29.18532,-3.5123613,Best Traditional ML,2
29.410812,-6.618113,Best Traditional ML,2
24.95978,4.0042253,Best Traditional ML,2
29.287111,-3.6214392,Best Traditional ML,2
42.93313,-13.573731,Best Traditional ML,2
24.583147,2.2916057,Best Traditional ML,2
24.400085,6.4039288,Best Traditional ML,2
71.62457,-49.958805,Best Traditional ML,2
69.75007,-50.6482,Best Traditional ML,2
74.75772,47.641716,Best Traditional ML,2
54.38493,-2.798861,Best Traditional ML,2
105.94769,3.1037912,Best Traditional ML,2
38.34402,4.031621,Best Traditional ML,2
74.82891,47.03858,Best Traditional ML,2
53.91042,-2.624562,Best Traditional ML,2
39.788963,8.206734,Best Traditional ML,2
41.376884,3.287485,Best Traditional ML,2
40.101406,-19.889143,Best Traditional ML,2
74.0072,47.673683,Best Traditional ML,2
52.58568,-4.283873,Best Traditional ML,2
39.648624,8.26049,Best Traditional ML,2
39.553974,3.5584369,Best Traditional ML,2
40.173626,-20.948908,Best Traditional ML,2
70.60811,-57.740322,Best Traditional ML,2
39.82923,12.691726,Best Traditional ML,2
39.90018,-20.360498,Best Traditional ML,2
52.2134,-3.425721,Best Traditional ML,2
38.254974,8.70542,Best Traditional ML,2
39.50546,3.549928,Best Traditional ML,2
70.11256,-58.034008,Best Traditional ML,2
39.730022,12.678132,Best Traditional ML,2
39.52634,3.4788227,Best Traditional ML,2
45.829636,-24.185682,Best Traditional ML,2
41.61337,2.2519207,Best Traditional ML,2
68.34835,-58.363976,Best Traditional ML,2
53.959057,-3.5578072,Best Traditional ML,2
38.314915,8.792229,Best Traditional ML,2
51.9067,-4.568389,Best Traditional ML,2
35.918587,5.936381,Best Traditional ML,2
35.556393,-1.0496725,Best Traditional ML,2
70.69324,-51.855812,Best Traditional ML,2
37.02208,2.038985,Best Traditional ML,2
36.500347,10.0621805,Best Traditional ML,2
36.660236,10.182742,Best Traditional ML,2
50.047157,-5.903067,Best Traditional ML,2
36.660927,5.999481,Best Traditional ML,2
38.566395,1.0926487,Best Traditional ML,2
38.675552,-19.344343,Best Traditional ML,2
36.990738,2.8711107,Best Traditional ML,2
37.37622,2.3455465,Best Traditional ML,2
36.573257,10.149756,Best Traditional ML,2
48.6202,-24.59041,Best Traditional ML,2
52.00147,-4.2898426,Best Traditional ML,2
36.77166,8.144493,Best Traditional ML,2
39.72607,1.9566164,Best Traditional ML,2
45.620773,-24.662666,Best Traditional ML,2
36.488235,3.9869099,Best Traditional ML,2
36.154297,9.907315,Best Traditional ML,2
50.062782,-5.9904575,Best Traditional ML,2
35.780506,6.294058,Best Traditional ML,2
40.667717,1.692057,Best Traditional ML,2
50.118546,-5.9313645,Best Traditional ML,2
36.632965,7.6710253,Best Traditional ML,2
41.11947,1.0874857,Best Traditional ML,2
46.864506,-23.519102,Best Traditional ML,2
39.508972,4.4099474,Best Traditional ML,2
37.315655,11.32675,Best Traditional ML,2
69.82338,-51.90509,Best Traditional ML,2
69.86973,-56.746025,Best Traditional ML,2
38.6524,12.279357,Best Traditional ML,2
53.422318,-2.5200593,Best Traditional ML,2
35.79359,8.3761635,Best Traditional ML,2
41.368214,3.3589861,Best Traditional ML,2
75.60207,47.777355,Best Traditional ML,2
52.343056,-3.949141,Best Traditional ML,2
38.337467,9.84561,Best Traditional ML,2
41.98293,2.7844734,Best Traditional ML,2
47.22323,-18.086102,Best Traditional ML,2
68.902275,-56.766457,Best Traditional ML,2
52.429897,-2.9661047,Best Traditional ML,2
38.39646,9.829538,Best Traditional ML,2
40.85186,3.085496,Best Traditional ML,2
46.27432,-19.189653,Best Traditional ML,2
69.36166,-56.7497,Best Traditional ML,2
75.263725,47.5336,Best Traditional ML,2
46.138565,-16.150473,Best Traditional ML,2
52.290627,-3.6710465,Best Traditional ML,2
37.834007,9.014544,Best Traditional ML,2
40.467056,2.7374725,Best Traditional ML,2
39.81455,3.9521742,Best Traditional ML,2
75.693054,48.424545,Best Traditional ML,2
40.173187,2.5528662,Best Traditional ML,2
45.556675,-16.869028,Best Traditional ML,2
38.291035,2.8560023,Best Traditional ML,2
37.43638,12.2488165,Best Traditional ML,2
53.881058,-2.567055,Best Traditional ML,2
35.680496,8.360272,Best Traditional ML,2
50.022964,-5.730921,Best Traditional ML,2
35.140118,8.089665,Best Traditional ML,2
40.423794,2.8081727,Best Traditional ML,2
44.698902,-18.272871,Best Traditional ML,2
36.571404,4.2221484,Best Traditional ML,2
75.48588,48.30168,Best Traditional ML,2
37.856644,12.280443,Best Traditional ML,2
53.912083,-3.1972802,Best Traditional ML,2
67.67196,-56.426254,Best Traditional ML,2
41.006172,2.1229203,Best Traditional ML,2
45.571953,-16.702013,Best Traditional ML,2
37.0763,3.9657013,Best Traditional ML,2
69.043205,-56.63968,Best Traditional ML,2
36.700203,10.4425335,Best Traditional ML,2
43.63892,-17.466963,Best Traditional ML,2
51.887974,-4.39053,Best Traditional ML,2
36.616444,8.253544,Best Traditional ML,2
39.645027,2.5367646,Best Traditional ML,2
46.1397,-16.698915,Best Traditional ML,2
37.069427,3.5736222,Best Traditional ML,2
38.27597,12.357831,Best Traditional ML,2
52.62991,-3.5579906,Best Traditional ML,2
36.7327,8.804116,Best Traditional ML,2
40.126316,2.8325927,Best Traditional ML,2
51.873016,-3.9542034,Best Traditional ML,2
36.75934,8.460489,Best Traditional ML,2
41.17455,2.7321796,Best Traditional ML,2
46.90279,-17.975746,Best Traditional ML,2
69.10852,-56.601543,Best Traditional ML,2
38.447887,11.669408,Best Traditional ML,2
81.54958,-9.896007,Best Traditional ML,2
39.63099,5.3004584,Best Traditional ML,2
40.095814,12.486709,Best Traditional ML,2
53.673584,-2.9792125,Best Traditional ML,2
68.874146,-58.11579,Best Traditional ML,2
41.30936,3.5172806,Best Traditional ML,2
75.13795,47.53482,Best Traditional ML,2
51.05685,-3.9801528,Best Traditional ML,2
39.44182,8.431865,Best Traditional ML,2
41.97715,2.4660585,Best Traditional ML,2
49.10462,-24.89467,Best Traditional ML,2
36.46385,4.152267,Best Traditional ML,2
50.086243,-5.1382337,Best Traditional ML,2
36.164425,8.630126,Best Traditional ML,2
71.14859,-57.50551,Best Traditional ML,2
84.17522,-12.497453,Best Traditional ML,2
36.254105,5.2691145,Best Traditional ML,2
38.073536,13.081603,Best Traditional ML,2
81.364204,-9.869391,Best Traditional ML,2
34.97039,-9.632295,Best Traditional ML,2
34.757782,8.61585,Best Traditional ML,2
70.77165,-57.137894,Best Traditional ML,2
68.05581,-56.161743,Best Traditional ML,2
35.813118,11.391558,Best Traditional ML,2
70.63849,-57.12611,Best Traditional ML,2
81.31026,-9.844095,Best Traditional ML,2
35.41551,4.5795445,Best Traditional ML,2
35.786533,12.216899,Best Traditional ML,2
50.56003,-5.455098,Best Traditional ML,2
34.47909,8.5940695,Best Traditional ML,2
50.23532,-5.5321136,Best Traditional ML,2
34.205376,8.549452,Best Traditional ML,2
69.92954,-56.557224,Best Traditional ML,2
81.36901,-9.857339,Best Traditional ML,2
36.03882,4.4074616,Best Traditional ML,2
36.847393,11.608223,Best Traditional ML,2
35.59047,12.006302,Best Traditional ML,2
51.111248,-4.4964046,Best Traditional ML,2
34.37546,8.519021,Best Traditional ML,2
40.906033,1.7993569,Best Traditional ML,2
81.295296,-9.842654,Best Traditional ML,2
68.07741,-55.877087,Best Traditional ML,2
68.285484,-55.896427,Best Traditional ML,2
35.62639,11.6910925,Best Traditional ML,2
47.665874,-19.01318,Best Traditional ML,2
49.94472,-5.9913826,Best Traditional ML,2
34.57877,8.152785,Best Traditional ML,2
40.51758,1.5276012,Best Traditional ML,2
46.01864,-18.836096,Best Traditional ML,2
34.618572,4.3498154,Best Traditional ML,2
35.50609,11.579894,Best Traditional ML,2
50.19391,-5.8328185,Best Traditional ML,2
29.527523,7.5449214,Best Traditional ML,2
41.358143,1.7623684,Best Traditional ML,2
51.784237,-5.103328,Best Traditional ML,2
67.44473,-56.58911,Best Traditional ML,2
40.510265,1.5754609,Best Traditional ML,2
46.689606,-18.480633,Best Traditional ML,2
35.540768,4.556029,Best Traditional ML,2
35.685272,11.705026,Best Traditional ML,2
44.35662,-15.590831,Best Traditional ML,2
68.60137,-56.056618,Best Traditional ML,2
39.333675,8.49236,Best Traditional ML,2
53.57661,-1.9081961,Best Traditional ML,2
74.50649,47.644787,Best Traditional ML,2
40.0786,2.6650841,Best Traditional ML,2
39.22647,8.821486,Best Traditional ML,2
53.385944,-4.7703886,Best Traditional ML,2
37.220577,8.801411,Best Traditional ML,2
39.04944,1.9915847,Best Traditional ML,2
44.842834,-15.114118,Best Traditional ML,2
36.07961,5.168332,Best Traditional ML,2
50.852577,-4.113682,Best Traditional ML,2
36.40954,7.6625123,Best Traditional ML,2
39.839035,2.6435935,Best Traditional ML,2
45.044823,-16.457964,Best Traditional ML,2
39.266144,5.788557,Best Traditional ML,2
37.184074,11.242517,Best Traditional ML,2
45.08916,-16.060347,Best Traditional ML,2
52.81102,-4.881926,Best Traditional ML,2
36.974693,8.327032,Best Traditional ML,2
39.998466,2.6241796,Best Traditional ML,2
39.056015,3.046208,Best Traditional ML,2
37.234005,11.034319,Best Traditional ML,2
40.721073,2.314615,Best Traditional ML,2
45.34178,-17.43399,Best Traditional ML,2
39.880295,4.5087113,Best Traditional ML,2
106.05986,3.3084145,Best Traditional ML,2
53.290413,-3.0440743,Best Traditional ML,2
37.063198,8.911346,Best Traditional ML,2
53.04502,-2.5132368,Best Traditional ML,2
37.935635,9.823373,Best Traditional ML,2
42.520542,3.7770379,Best Traditional ML,2
45.959473,-18.450373,Best Traditional ML,2
69.42913,-57.886993,Best Traditional ML,2
38.966167,12.529408,Best Traditional ML,2
75.52445,47.736897,Best Traditional ML,2
53.024624,-3.3356953,Best Traditional ML,2
38.400524,9.608342,Best Traditional ML,2
42.504524,3.8153055,Best Traditional ML,2
46.012424,-18.216293,Best Traditional ML,2
68.699104,-57.43593,Best Traditional ML,2
105.97736,3.0646002,Best Traditional ML,2
38.6532,12.308903,Best Traditional ML,2
46.02427,-17.414728,Best Traditional ML,2
51.66289,-4.382254,Best Traditional ML,2
37.640938,10.273936,Best Traditional ML,2
70.421074,-58.10314,Best Traditional ML,2
45.48168,-16.721659,Best Traditional ML,2
69.096466,-57.38024,Best Traditional ML,2
38.546185,13.343323,Best Traditional ML,2
53.460648,-2.8411572,Best Traditional ML,2
74.970276,47.865227,Best Traditional ML,2
70.16318,-57.37823,Best Traditional ML,2
53.107788,-3.0025055,Best Traditional ML,2
75.12683,48.4229,Best Traditional ML,2
70.34171,-57.530098,Best Traditional ML,2
46.387997,-17.268,Best Traditional ML,2
68.07701,-57.333942,Best Traditional ML,2
37.25381,12.892657,Best Traditional ML,2
45.43162,-17.794132,Best Traditional ML,2
68.30607,-57.583508,Best Traditional ML,2
38.832188,13.510011,Best Traditional ML,2
53.42474,-3.5871022,Best Traditional ML,2
75.19333,48.76492,Best Traditional ML,2
69.43937,-57.040237,Best Traditional ML,2
37.82634,12.707921,Best Traditional ML,2
52.3379,-3.5232847,Best Traditional ML,2
36.753384,10.149929,Best Traditional ML,2
70.87117,-57.604958,Best Traditional ML,2
46.155674,-16.86526,Best Traditional ML,2
68.18906,-57.524197,Best Traditional ML,2
51.60939,-4.118725,Best Traditional ML,2
75.32258,48.26065,Best Traditional ML,2
70.251305,-57.570705,Best Traditional ML,2
46.623806,-17.670479,Best Traditional ML,2
68.0708,-57.359146,Best Traditional ML,2
75.573746,47.617416,Best Traditional ML,2
45.435,-17.279108,Best Traditional ML,2
52.392994,-4.747881,Best Traditional ML,2
37.939644,10.846873,Best Traditional ML,2
70.43863,-57.79482,Best Traditional ML,2
106.027016,3.1850324,Best Traditional ML,2
38.088493,12.918259,Best Traditional ML,2
69.8284,-57.173637,Best Traditional ML,2
45.980366,-17.08368,Best Traditional ML,2
68.33261,-57.41431,Best Traditional ML,2
38.363758,13.402638,Best Traditional ML,2
53.159027,-3.9559245,Best Traditional ML,2
38.581696,11.787634,Best Traditional ML,2
52.78778,-3.792712,Best Traditional ML,2
75.31221,48.64303,Best Traditional ML,2
41.099976,3.8819864,Best Traditional ML,2
46.180424,-17.019127,Best Traditional ML,2
68.49046,-57.929207,Best Traditional ML,2
38.66142,13.620774,Best Traditional ML,2
38.527733,13.469009,Best Traditional ML,2
52.946266,-3.6904418,Best Traditional ML,2
75.19078,48.61233,Best Traditional ML,2
69.23812,-57.162136,Best Traditional ML,2
47.458183,-18.395227,Best Traditional ML,2
68.11086,-57.891228,Best Traditional ML,2
106.02144,3.137366,Best Traditional ML,2
75.46105,47.778805,Best Traditional ML,2
45.874184,-16.063976,Best Traditional ML,2
52.12464,-4.9810333,Best Traditional ML,2
75.139244,48.483746,Best Traditional ML,2
69.9833,-57.723656,Best Traditional ML,2
47.03624,-17.706741,Best Traditional ML,2
68.79685,-57.81552,Best Traditional ML,2
75.60621,47.672047,Best Traditional ML,2
53.46771,-3.4365535,Best Traditional ML,2
75.13115,48.97378,Best Traditional ML,2
69.84782,-57.61326,Best Traditional ML,2
53.382626,-3.4496715,Best Traditional ML,2
75.14455,48.84779,Best Traditional ML,2
40.945698,2.3512383,Best Traditional ML,2
45.136337,-17.211475,Best Traditional ML,2
68.78584,-57.581112,Best Traditional ML,2
38.132458,13.041896,Best Traditional ML,2
32.29183,-13.941056,Best Traditional ML,2
23.672312,4.3370166,Best Traditional ML,2
24.816885,8.558104,Best Traditional ML,2
28.893639,-6.106767,Best Traditional ML,2
24.24614,5.8716855,Best Traditional ML,2
28.328579,-4.1343384,Best Traditional ML,2
24.698795,8.73692,Best Traditional ML,2
28.499193,-5.6927567,Best Traditional ML,2
24.137104,7.3243,Best Traditional ML,2
26.930105,-4.273575,Best Traditional ML,2
32.46791,-14.088177,Best Traditional ML,2
23.114595,6.976393,Best Traditional ML,2
28.1165,-5.7943397,Best Traditional ML,2
24.51086,7.769265,Best Traditional ML,2
28.252535,-4.070463,Best Traditional ML,2
43.195335,-13.693616,Best Traditional ML,2
24.520458,3.0378196,Best Traditional ML,2
25.44445,7.7509294,Best Traditional ML,2
44.577427,-13.994893,Best Traditional ML,2
29.60278,-6.410058,Best Traditional ML,2
24.375143,5.695199,Best Traditional ML,2
30.585281,-1.6468099,Best Traditional ML,2
27.323631,3.1903608,Best Traditional ML,2
26.141382,7.6683474,Best Traditional ML,2
31.046076,-1.0007269,Best Traditional ML,2
44.411777,-14.531249,Best Traditional ML,2
27.277718,3.3594306,Best Traditional ML,2
26.500183,7.7932014,Best Traditional ML,2
31.981428,-8.267021,Best Traditional ML,2
27.76138,4.5320573,Best Traditional ML,2
32.023212,-8.167391,Best Traditional ML,2
27.722994,4.539317,Best Traditional ML,2
33.34155,-2.7028642,Best Traditional ML,2
44.687576,-14.487436,Best Traditional ML,2
29.75574,3.243754,Best Traditional ML,2
27.439507,8.072923,Best Traditional ML,2
27.515007,7.903494,Best Traditional ML,2
33.681133,-8.943315,Best Traditional ML,2
30.69983,5.30542,Best Traditional ML,2
34.219982,-1.7710415,Best Traditional ML,2
44.40108,-14.973182,Best Traditional ML,2
30.002668,2.9713411,Best Traditional ML,2
30.570648,2.904152,Best Traditional ML,2
27.549526,7.5430045,Best Traditional ML,2
44.19638,-14.344296,Best Traditional ML,2
31.899593,-8.425957,Best Traditional ML,2
28.838884,5.2478952,Best Traditional ML,2
34.213745,-1.6689528,Best Traditional ML,2
44.746555,-14.935137,Best Traditional ML,2
30.049202,3.0098426,Best Traditional ML,2
28.318,7.757911,Best Traditional ML,2
33.346745,-8.789633,Best Traditional ML,2
29.613276,4.971656,Best Traditional ML,2
33.870266,-1.6223683,Best Traditional ML,2
33.47657,-8.8057375,Best Traditional ML,2
29.963017,5.2370043,Best Traditional ML,2
33.986774,-1.8961436,Best Traditional ML,2
44.40302,-14.503614,Best Traditional ML,2
30.8294,3.4121704,Best Traditional ML,2
27.369205,7.7643695,Best Traditional ML,2
44.451836,-14.797351,Best Traditional ML,2
30.990555,3.4116228,Best Traditional ML,2
28.332867,8.047313,Best Traditional ML,2
33.832268,-9.009467,Best Traditional ML,2
28.912868,5.352226,Best Traditional ML,2
34.12296,-1.7646184,Best Traditional ML,2
28.455173,7.8972607,Best Traditional ML,2
33.25747,-8.91113,Best Traditional ML,2
29.902966,5.7017484,Best Traditional ML,2
34.74408,-1.7689538,Best Traditional ML,2
44.859684,-15.319395,Best Traditional ML,2
31.143568,3.5501366,Best Traditional ML,2
33.75597,-8.946083,Best Traditional ML,2
28.99161,6.0680695,Best Traditional ML,2
34.859417,-1.2769299,Best Traditional ML,2
44.91921,-14.497078,Best Traditional ML,2
31.901024,3.9406688,Best Traditional ML,2
28.476746,8.288725,Best Traditional ML,2
44.882618,-15.459627,Best Traditional ML,2
33.41656,-8.789607,Best Traditional ML,2
28.841042,5.6855564,Best Traditional ML,2
34.636627,-1.6223778,Best Traditional ML,2
67.802864,-55.71308,Best Traditional ML,2
27.930857,8.191047,Best Traditional ML,2
35.405064,-1.5150309,Best Traditional ML,2
44.708355,-15.182858,Best Traditional ML,2
31.237,3.539792,Best Traditional ML,2
28.327759,8.114185,Best Traditional ML,2
34.85803,-9.062165,Best Traditional ML,2
29.992214,5.336872,Best Traditional ML,2
33.61301,-8.98052,Best Traditional ML,2
28.770182,5.840494,Best Traditional ML,2
35.775406,-1.5474609,Best Traditional ML,2
45.013847,-14.958362,Best Traditional ML,2
67.682755,-55.730526,Best Traditional ML,2
29.139324,8.407871,Best Traditional ML,2
28.679043,8.342861,Best Traditional ML,2
49.842915,-4.5662665,Best Traditional ML,2
28.942196,5.9764647,Best Traditional ML,2
35.021835,-1.222498,Best Traditional ML,2
45.949184,-15.131121,Best Traditional ML,2
31.854887,3.9611287,Best Traditional ML,2
34.928688,4.388986,Best Traditional ML,2
28.585682,8.520939,Best Traditional ML,2
45.844467,-15.549437,Best Traditional ML,2
33.793575,-8.901912,Best Traditional ML,2
30.34629,6.134537,Best Traditional ML,2
35.27803,-1.0231273,Best Traditional ML,2
44.720222,-14.7794485,Best Traditional ML,2
34.498257,4.391467,Best Traditional ML,2
28.933079,8.554014,Best Traditional ML,2
49.33727,-4.626185,Best Traditional ML,2
28.751911,6.288855,Best Traditional ML,2
35.115337,-1.1625971,Best Traditional ML,2
34.655605,-9.141503,Best Traditional ML,2
29.056202,6.4945836,Best Traditional ML,2
35.10183,-1.1694316,Best Traditional ML,2
45.285107,-15.321893,Best Traditional ML,2
67.78062,-55.829334,Best Traditional ML,2
28.87214,8.337472,Best Traditional ML,2
34.93162,-14.917104,Best Traditional ML,2
30.25002,-0.0371319,Best Traditional ML,2
28.483267,4.929,Best Traditional ML,2
32.575935,-8.120392,Best Traditional ML,2
30.48337,2.9544685,Best Traditional ML,2
33.844006,-2.7039971,Best Traditional ML,2
28.121593,5.3887506,Best Traditional ML,2
33.343533,-8.284424,Best Traditional ML,2
29.875856,1.953538,Best Traditional ML,2
33.773666,-3.072226,Best Traditional ML,2
35.201984,-15.160086,Best Traditional ML,2
30.500364,-0.21052022,Best Traditional ML,2
32.19767,-7.696573,Best Traditional ML,2
30.45406,2.8333514,Best Traditional ML,2
33.735542,-2.4692984,Best Traditional ML,2
37.461086,-18.249496,Best Traditional ML,2
32.138954,-1.3933299,Best Traditional ML,2
29.108406,3.597536,Best Traditional ML,2
38.004185,-18.381128,Best Traditional ML,2
32.24631,-8.15963,Best Traditional ML,2
30.183882,1.9941678,Best Traditional ML,2
33.65984,-2.8900042,Best Traditional ML,2
33.19764,-1.8808482,Best Traditional ML,2
29.133255,3.3989568,Best Traditional ML,2
33.670177,-2.903546,Best Traditional ML,2
38.248592,-18.417053,Best Traditional ML,2
31.913858,-1.483694,Best Traditional ML,2
29.532627,2.5195796,Best Traditional ML,2
32.17054,-9.035341,Best Traditional ML,2
29.668537,1.7088575,Best Traditional ML,2
32.060497,-8.915643,Best Traditional ML,2
29.937286,1.509784,Best Traditional ML,2
33.07341,-3.3467748,Best Traditional ML,2
39.245995,-19.032429,Best Traditional ML,2
31.556143,-1.0589468,Best Traditional ML,2
28.74996,2.7851872,Best Traditional ML,2
29.13088,2.3092215,Best Traditional ML,2
32.15522,-8.321305,Best Traditional ML,2
29.66936,1.3379669,Best Traditional ML,2
33.312084,-3.3333101,Best Traditional ML,2
38.54761,-18.623312,Best Traditional ML,2
31.19684,-0.8441405,Best Traditional ML,2
31.923817,-1.0631332,Best Traditional ML,2
29.254068,2.7167096,Best Traditional ML,2
38.680695,-18.778467,Best Traditional ML,2
31.487442,-8.655314,Best Traditional ML,2
30.102032,1.2283301,Best Traditional ML,2
33.129528,-3.2444434,Best Traditional ML,2
39.43009,-19.958366,Best Traditional ML,2
31.941172,-1.3330085,Best Traditional ML,2
29.045906,2.2947521,Best Traditional ML,2
31.711699,-8.8823595,Best Traditional ML,2
29.987358,1.4391868,Best Traditional ML,2
33.091652,-3.2792518,Best Traditional ML,2
32.142536,-9.045258,Best Traditional ML,2
30.013008,1.1698648,Best Traditional ML,2
32.93812,-3.968656,Best Traditional ML,2
39.701664,-17.352884,Best Traditional ML,2
31.320187,-0.7860749,Best Traditional ML,2
28.996939,2.6269033,Best Traditional ML,2
33.656075,-16.389717,Best Traditional ML,2
27.992258,-17.410442,Best Traditional ML,2
25.366896,-18.17497,Best Traditional ML,2
30.21195,-16.802313,Best Traditional ML,2
25.73817,-18.73921,Best Traditional ML,2
29.393333,-17.24792,Best Traditional ML,2
25.030462,-18.646164,Best Traditional ML,2
30.681442,-16.874378,Best Traditional ML,2
25.725582,-18.736431,Best Traditional ML,2
28.67872,-17.401108,Best Traditional ML,2
33.597588,-17.041319,Best Traditional ML,2
27.717161,-17.71539,Best Traditional ML,2
29.887218,-16.654297,Best Traditional ML,2
25.974382,-18.286274,Best Traditional ML,2
29.183943,-17.176344,Best Traditional ML,2
33.88816,-16.94471,Best Traditional ML,2
28.23399,-17.635565,Best Traditional ML,2
25.542809,-18.211456,Best Traditional ML,2
33.88342,-16.851694,Best Traditional ML,2
29.644825,-16.999775,Best Traditional ML,2
25.688663,-18.728327,Best Traditional ML,2
28.815775,-17.457838,Best Traditional ML,2
28.504349,-17.594616,Best Traditional ML,2
25.11583,-18.688993,Best Traditional ML,2
29.299809,-17.396818,Best Traditional ML,2
33.788902,-16.658041,Best Traditional ML,2
27.999266,-17.661272,Best Traditional ML,2
25.413652,-18.187023,Best Traditional ML,2
30.546677,-16.93365,Best Traditional ML,2
25.968458,-18.284004,Best Traditional ML,2
30.104082,-16.853456,Best Traditional ML,2
25.634003,-18.715084,Best Traditional ML,2
28.908651,-17.42613,Best Traditional ML,2
33.758533,-16.834616,Best Traditional ML,2
28.125172,-17.751715,Best Traditional ML,2
25.068823,-18.64514,Best Traditional ML,2
25.315434,-18.165815,Best Traditional ML,2
30.191292,-16.945665,Best Traditional ML,2
25.550602,-18.687218,Best Traditional ML,2
29.367025,-17.218185,Best Traditional ML,2
33.709652,-16.780905,Best Traditional ML,2
28.018368,-17.668053,Best Traditional ML,2
28.392841,-17.488186,Best Traditional ML,2
25.04304,-18.628038,Best Traditional ML,2
33.79186,-17.004915,Best Traditional ML,2
29.9478,-16.910122,Best Traditional ML,2
25.520428,-18.661407,Best Traditional ML,2
30.087961,-17.440111,Best Traditional ML,2
33.239403,-17.042887,Best Traditional ML,2
28.623734,-17.674555,Best Traditional ML,2
25.529924,-18.179499,Best Traditional ML,2
30.851776,-16.93946,Best Traditional ML,2
25.70114,-18.73072,Best Traditional ML,2
30.312614,-17.731833,Best Traditional ML,2
31.871952,-17.02434,Best Traditional ML,2
74.727425,52.179234,Best Traditional ML,2
30.389816,-17.46838,Best Traditional ML,2
34.84131,-18.349052,Best Traditional ML,2
27.845795,-17.826527,Best Traditional ML,2
25.142315,-18.449915,Best Traditional ML,2
86.496475,-10.470634,Best Traditional ML,3
90.11087,-9.66422,Best Traditional ML,3
84.78431,-11.937322,Best Traditional ML,3
90.64234,-8.15494,Best Traditional ML,3
86.77537,-10.116247,Best Traditional ML,3
86.81387,-10.192144,Best Traditional ML,3
90.610176,-8.264061,Best Traditional ML,3
90.59382,-8.311597,Best Traditional ML,3
84.815674,-11.887603,Best Traditional ML,3
86.55246,-10.71939,Best Traditional ML,3
90.58581,-8.335048,Best Traditional ML,3
90.610176,-8.264061,Best Traditional ML,3
86.74215,-10.053399,Best Traditional ML,3
90.05705,-9.783241,Best Traditional ML,3
90.64789,-8.139167,Best Traditional ML,3
86.34112,-10.229163,Best Traditional ML,3
84.84328,-11.883777,Best Traditional ML,3
90.05705,-9.783241,Best Traditional ML,3
90.611626,-8.260129,Best Traditional ML,3
86.82955,-10.2140875,Best Traditional ML,3
90.63817,-8.1639595,Best Traditional ML,3
90.634384,-8.173869,Best Traditional ML,3
84.77641,-11.896354,Best Traditional ML,3
90.59867,-8.297884,Best Traditional ML,3
86.34755,-10.2387905,Best Traditional ML,3
86.22692,-10.156174,Best Traditional ML,3
86.485855,-10.647017,Best Traditional ML,3
90.611626,-8.260129,Best Traditional ML,3
100.77737,-1.5332605,Best Traditional ML,3
4.9901266,-8.615732,Best Traditional ML,3
41.520424,-8.748737,Best Traditional ML,3
43.15681,-8.320427,Best Traditional ML,3
37.021187,-20.02051,Best Traditional ML,3
73.72666,51.90171,Best Traditional ML,3
40.143948,-19.110369,Best Traditional ML,3
43.168476,-8.348543,Best Traditional ML,3
37.025066,-20.02361,Best Traditional ML,3
73.800804,51.83072,Best Traditional ML,3
39.950306,-18.647413,Best Traditional ML,3
39.952328,-17.293097,Best Traditional ML,3
41.523136,-8.925859,Best Traditional ML,3
32.700928,-17.029839,Best Traditional ML,3
42.507034,-8.4089775,Best Traditional ML,3
35.958645,-15.227515,Best Traditional ML,3
34.874493,-15.928068,Best Traditional ML,3
42.211285,-9.300827,Best Traditional ML,3
73.25089,52.422012,Best Traditional ML,3
41.47804,-17.487837,Best Traditional ML,3
34.62799,-17.168535,Best Traditional ML,3
73.62743,51.95842,Best Traditional ML,3
40.299324,-19.36544,Best Traditional ML,3
42.56133,-11.890486,Best Traditional ML,3
73.648445,51.362263,Best Traditional ML,3
40.43573,-19.458776,Best Traditional ML,3
46.41502,-22.256952,Best Traditional ML,3
42.964695,-11.915599,Best Traditional ML,3
73.78967,51.605427,Best Traditional ML,3
37.02974,-19.985376,Best Traditional ML,3
73.636475,51.71044,Best Traditional ML,3
37.098347,-20.204128,Best Traditional ML,3
73.42186,51.77077,Best Traditional ML,3
40.51894,-19.290714,Best Traditional ML,3
49.033478,-21.85089,Best Traditional ML,3
69.5224,-52.728813,Best Traditional ML,3
73.24703,51.533,Best Traditional ML,3
73.1323,51.42141,Best Traditional ML,3
92.07658,-2.923318,Best Traditional ML,3
42.953156,-10.1821375,Best Traditional ML,3
40.60223,-19.385471,Best Traditional ML,3
51.35658,-22.634409,Best Traditional ML,3
41.938267,-11.69249,Best Traditional ML,3
70.01148,-52.61697,Best Traditional ML,3
73.333496,51.61714,Best Traditional ML,3
51.629555,-22.2242,Best Traditional ML,3
37.15649,-20.168976,Best Traditional ML,3
43.223118,-10.1022,Best Traditional ML,3
45.2812,-25.035923,Best Traditional ML,3
81.56325,-9.912012,Best Traditional ML,3
69.73444,-52.616364,Best Traditional ML,3
73.2293,51.336594,Best Traditional ML,3
37.29674,-20.4739,Best Traditional ML,3
72.70934,51.590523,Best Traditional ML,3
45.44395,-25.11584,Best Traditional ML,3
51.338696,-17.779146,Best Traditional ML,3
43.357784,-10.058644,Best Traditional ML,3
45.404835,-24.720407,Best Traditional ML,3
51.258972,-22.412008,Best Traditional ML,3
69.68338,-52.450672,Best Traditional ML,3
73.01024,51.39376,Best Traditional ML,3
42.28967,-17.546337,Best Traditional ML,3
41.16547,-21.42133,Best Traditional ML,3
72.29472,51.311844,Best Traditional ML,3
53.549915,-19.855326,Best Traditional ML,3
103.772835,0.9840389,Best Traditional ML,3
93.132576,-4.884245,Best Traditional ML,3
106.04239,1.2200867,Best Traditional ML,3
90.63241,-6.905943,Best Traditional ML,3
102.3159,0.22452816,Best Traditional ML,3
93.130035,-4.8871727,Best Traditional ML,3
70.736176,-49.836563,Best Traditional ML,3
42.750324,-26.056025,Best Traditional ML,3
51.3193,-17.905624,Best Traditional ML,3
41.30871,-11.8987255,Best Traditional ML,3
42.64089,-26.06534,Best Traditional ML,3
51.544327,-23.439135,Best Traditional ML,3
70.37654,50.3108,Best Traditional ML,3
71.491905,51.408157,Best Traditional ML,3
70.70308,-50.449993,Best Traditional ML,3
92.14012,-3.0820673,Best Traditional ML,3
102.10356,0.24396151,Best Traditional ML,3
93.130615,-4.8884926,Best Traditional ML,3
101.27661,-0.9325063,Best Traditional ML,3
105.814415,1.5021774,Best Traditional ML,3
93.12028,-4.9012485,Best Traditional ML,3
52.45873,-21.671198,Best Traditional ML,3
102.97823,0.4397237,Best Traditional ML,3
71.07549,51.159378,Best Traditional ML,3
81.91564,-9.918189,Best Traditional ML,3
102.36659,-0.71378034,Best Traditional ML,3
81.92684,-9.922068,Best Traditional ML,3
93.111176,-4.920273,Best Traditional ML,3
101.673775,-1.3825396,Best Traditional ML,3
71.155785,-49.68252,Best Traditional ML,3
102.12442,-0.0033200756,Best Traditional ML,3
104.9304,1.3760893,Best Traditional ML,3
104.95524,0.059410788,Best Traditional ML,3
90.560425,-7.349532,Best Traditional ML,3
93.1021,-4.9253864,Best Traditional ML,3
102.4118,-1.0499213,Best Traditional ML,3
70.89851,-49.780735,Best Traditional ML,3
103.01757,-0.034890607,Best Traditional ML,3
101.278595,-1.0993893,Best Traditional ML,3
70.03634,50.551155,Best Traditional ML,3
84.85237,-11.931678,Best Traditional ML,3
53.56812,-20.00415,Best Traditional ML,3
102.316246,-0.7860988,Best Traditional ML,3
101.329124,-1.106183,Best Traditional ML,3
53.170975,-21.656305,Best Traditional ML,3
86.09159,-10.065276,Best Traditional ML,3
69.83534,50.395287,Best Traditional ML,3
83.90787,-9.362467,Best Traditional ML,3
84.54314,-12.088836,Best Traditional ML,3
84.73887,-11.920738,Best Traditional ML,3
83.916084,-9.360648,Best Traditional ML,3
92.36228,-4.335146,Best Traditional ML,3
101.16909,-1.5250608,Best Traditional ML,3
71.427666,-49.442226,Best Traditional ML,3
102.24478,-0.93766475,Best Traditional ML,3
70.16891,50.592533,Best Traditional ML,3
5.1794066,-8.599453,Best Traditional ML,3
42.27033,-8.906499,Best Traditional ML,3
72.01912,53.171783,Best Traditional ML,3
40.69368,-16.656,Best Traditional ML,3
106.391594,1.3072681,Best Traditional ML,3
71.09058,-50.65782,Best Traditional ML,3
71.80589,52.2444,Best Traditional ML,3
40.623264,-16.70712,Best Traditional ML,3
68.5849,-53.12932,Best Traditional ML,3
43.54926,-17.6219,Best Traditional ML,3
39.894436,-16.62387,Best Traditional ML,3
43.115883,-10.360995,Best Traditional ML,3
40.5807,-16.628174,Best Traditional ML,3
43.372326,-9.173299,Best Traditional ML,3
69.51672,-52.65014,Best Traditional ML,3
35.114426,-16.574688,Best Traditional ML,3
43.219746,-10.362178,Best Traditional ML,3
72.32353,52.396072,Best Traditional ML,3
40.513317,-16.826366,Best Traditional ML,3
40.443314,-16.616993,Best Traditional ML,3
105.90541,2.1683772,Best Traditional ML,3
70.26366,-51.045525,Best Traditional ML,3
69.89407,-50.07562,Best Traditional ML,3
71.72197,52.158707,Best Traditional ML,3
70.38995,-50.99312,Best Traditional ML,3
40.94668,-16.910557,Best Traditional ML,3
69.59842,-50.288624,Best Traditional ML,3
71.47114,51.72702,Best Traditional ML,3
50.699764,-20.055262,Best Traditional ML,3
105.80886,1.0260334,Best Traditional ML,3
50.446144,-20.151623,Best Traditional ML,3
104.59294,1.5103515,Best Traditional ML,3
71.098,-50.729214,Best Traditional ML,3
41.232433,-16.747738,Best Traditional ML,3
69.84074,-49.981712,Best Traditional ML,3
105.678856,1.4914576,Best Traditional ML,3
105.26203,1.1661438,Best Traditional ML,3
52.20009,-20.458025,Best Traditional ML,3
104.62636,-0.10520168,Best Traditional ML,3
102.309204,-0.8017333,Best Traditional ML,3
52.127834,-21.924511,Best Traditional ML,3
70.13768,-49.98345,Best Traditional ML,3
70.55908,-49.573368,Best Traditional ML,3
105.52613,1.3780187,Best Traditional ML,3
52.536865,-21.253822,Best Traditional ML,3
51.536674,-20.0848,Best Traditional ML,3
103.81607,0.74110305,Best Traditional ML,3
70.43163,-50.780388,Best Traditional ML,3
52.1,-20.207018,Best Traditional ML,3
84.379906,-12.331132,Best Traditional ML,3
104.956856,-0.0551857,Best Traditional ML,3
82.19805,-10.003851,Best Traditional ML,3
85.91576,-9.912667,Best Traditional ML,3
90.69976,-8.016347,Best Traditional ML,3
82.139854,-10.027111,Best Traditional ML,3
102.80459,-1.1644213,Best Traditional ML,3
92.259415,-3.3413315,Best Traditional ML,3
52.66454,-21.278126,Best Traditional ML,3
68.563255,-50.474426,Best Traditional ML,3
104.57874,0.56298554,Best Traditional ML,3
32.40042,-14.125741,Best Traditional ML,3
41.707912,-8.686892,Best Traditional ML,3
72.33371,53.066864,Best Traditional ML,3
41.60765,-18.320051,Best Traditional ML,3
43.11163,-9.4908085,Best Traditional ML,3
70.87156,-51.164314,Best Traditional ML,3
72.31688,52.426777,Best Traditional ML,3
38.09513,-19.883501,Best Traditional ML,3
73.578354,51.046215,Best Traditional ML,3
70.38183,-52.52818,Best Traditional ML,3
42.114864,-16.681324,Best Traditional ML,3
41.365307,-11.729541,Best Traditional ML,3
37.7737,-19.571774,Best Traditional ML,3
73.83043,51.328506,Best Traditional ML,3
41.34205,-28.230068,Best Traditional ML,3
35.06747,-16.46215,Best Traditional ML,3
41.283833,-11.51281,Best Traditional ML,3
72.75393,52.679142,Best Traditional ML,3
44.57674,-17.846897,Best Traditional ML,3
41.89204,-18.67288,Best Traditional ML,3
72.24426,50.88069,Best Traditional ML,3
71.5436,-51.202988,Best Traditional ML,3
70.78108,50.765034,Best Traditional ML,3
72.09043,51.844204,Best Traditional ML,3
71.586525,-51.073895,Best Traditional ML,3
49.29831,-21.333927,Best Traditional ML,3
69.7736,-51.386414,Best Traditional ML,3
72.319954,52.03942,Best Traditional ML,3
51.434147,-19.452814,Best Traditional ML,3
71.18447,50.498062,Best Traditional ML,3
51.504333,-19.733643,Best Traditional ML,3
70.9045,50.472256,Best Traditional ML,3
71.72119,-49.925034,Best Traditional ML,3
51.11096,-21.893948,Best Traditional ML,3
69.81923,-50.495197,Best Traditional ML,3
71.62543,51.72859,Best Traditional ML,3
71.10035,51.4789,Best Traditional ML,3
92.13173,-3.079638,Best Traditional ML,3
102.65407,-0.11782923,Best Traditional ML,3
92.32116,-4.2879047,Best Traditional ML,3
81.81105,-9.97978,Best Traditional ML,3
70.195526,-49.94766,Best Traditional ML,3
72.07311,-49.827576,Best Traditional ML,3
71.082855,51.456024,Best Traditional ML,3
81.83472,-9.983527,Best Traditional ML,3
52.04039,-19.645298,Best Traditional ML,3
103.853516,0.74842364,Best Traditional ML,3
92.184044,-3.2611978,Best Traditional ML,3
52.59513,-21.60372,Best Traditional ML,3
102.65312,-0.0025261145,Best Traditional ML,3
105.03772,1.0986058,Best Traditional ML,3
53.502743,-20.505043,Best Traditional ML,3
102.69204,-1.3815585,Best Traditional ML,3
92.36406,-4.320505,Best Traditional ML,3
53.002705,-19.698816,Best Traditional ML,3
103.70063,-0.21403089,Best Traditional ML,3
92.317375,-4.288207,Best Traditional ML,3
71.926956,-49.36378,Best Traditional ML,3
103.49381,-0.35738102,Best Traditional ML,3
105.3135,1.8344551,Best Traditional ML,3
47.376537,-23.486628,Best Traditional ML,3
42.318928,-25.437796,Best Traditional ML,3
71.88864,51.510727,Best Traditional ML,3
51.004482,-18.680176,Best Traditional ML,3
104.46248,0.73405325,Best Traditional ML,3
92.37782,-4.298277,Best Traditional ML,3
105.57629,1.8423202,Best Traditional ML,3
52.850784,-19.510809,Best Traditional ML,3
104.79657,2.178416,Best Traditional ML,3
71.2195,-51.161865,Best Traditional ML,3
51.932285,-22.322924,Best Traditional ML,3
70.9335,50.53598,Best Traditional ML,3
50.753693,-18.529903,Best Traditional ML,3
41.291264,-11.865479,Best Traditional ML,3
70.99093,-51.95142,Best Traditional ML,3
52.167137,-21.916492,Best Traditional ML,3
71.310165,50.467575,Best Traditional ML,3
106.10358,1.6924957,Best Traditional ML,3
71.91776,-49.645428,Best Traditional ML,3
50.37205,-18.672363,Best Traditional ML,3
104.18638,1.0774285,Best Traditional ML,3
101.81027,-0.35186538,Best Traditional ML,3
85.90095,-9.877137,Best Traditional ML,3
105.75883,0.9616902,Best Traditional ML,3
71.993454,-50.15701,Best Traditional ML,3
72.10648,-49.08561,Best Traditional ML,3
69.97958,-49.815987,Best Traditional ML,3
105.90888,1.8641526,Best Traditional ML,3
52.78925,-19.813114,Best Traditional ML,3
102.36785,-0.19883315,Best Traditional ML,3
52.801193,-20.007158,Best Traditional ML,3
102.714195,-0.24809657,Best Traditional ML,3
92.32451,-4.2881618,Best Traditional ML,3
84.582275,-12.04966,Best Traditional ML,3
104.18775,1.2159878,Best Traditional ML,3
85.7136,-9.690443,Best Traditional ML,3
104.76884,-0.13409998,Best Traditional ML,3
53.059364,-20.08597,Best Traditional ML,3
101.66301,-1.3874885,Best Traditional ML,3
93.22953,-4.248976,Best Traditional ML,3
71.70861,-49.24985,Best Traditional ML,3
103.75326,-0.277044,Best Traditional ML,3
86.005936,-9.9949465,Best Traditional ML,3
105.3994,0.73093694,Best Traditional ML,3
86.282036,-12.215383,Best Traditional ML,3
53.382652,-19.667185,Best Traditional ML,3
102.72471,-0.22151792,Best Traditional ML,3
90.70647,-8.0029745,Best Traditional ML,3
84.7067,-12.104942,Best Traditional ML,3
85.90413,-9.916936,Best Traditional ML,3
104.417046,0.5874268,Best Traditional ML,3
53.350697,-20.939348,Best Traditional ML,3
86.24437,-10.088385,Best Traditional ML,3
92.35711,-4.3351107,Best Traditional ML,3
92.14848,-3.135384,Best Traditional ML,3
101.34589,-1.418161,Best Traditional ML,3
90.80484,-7.462417,Best Traditional ML,3
84.75741,-11.971065,Best Traditional ML,3
101.2814,-1.0854381,Best Traditional ML,3
105.27343,0.5987574,Best Traditional ML,3
-17.735569,-14.223069,Best Traditional ML,4
91.68697,-1.8055803,Best Traditional ML,4
-16.090626,-11.224506,Best Traditional ML,4
-17.63272,-13.608325,Best Traditional ML,4
-17.353735,-15.006717,Best Traditional ML,4
-17.040104,-15.585378,Best Traditional ML,4
-87.927284,7.1180735,Best Traditional ML,4
-17.67444,-14.388678,Best Traditional ML,4
-28.119051,-31.501242,Best Traditional ML,4
-4.7923684,-24.114428,Best Traditional ML,4
-15.716249,-9.763663,Best Traditional ML,4
-18.373251,-10.536312,Best Traditional ML,4
-28.896406,-32.182827,Best Traditional ML,4
-18.59502,-9.36576,Best Traditional ML,4
-18.967915,-13.771487,Best Traditional ML,4
-16.72605,-12.041475,Best Traditional ML,4
-28.366238,-31.734388,Best Traditional ML,4
-5.248103,-23.926384,Best Traditional ML,4
-17.919231,-10.719643,Best Traditional ML,4
-18.443861,-9.670896,Best Traditional ML,4
-20.002356,-12.769445,Best Traditional ML,4
-17.060698,-12.658692,Best Traditional ML,4
-18.64569,-10.623731,Best Traditional ML,4
-19.379568,-12.639584,Best Traditional ML,4
-16.594873,-12.36601,Best Traditional ML,4
-29.381866,-31.11474,Best Traditional ML,4
-5.260721,-23.93258,Best Traditional ML,4
-18.73349,-11.081889,Best Traditional ML,4
-29.578072,-36.31972,Best Traditional ML,4
-34.613934,-1.1479383,Best Traditional ML,4
-33.618713,-3.008413,Best Traditional ML,4
-17.975967,1.22981,Best Traditional ML,4
-33.720814,-3.496773,Best Traditional ML,4
-35.821495,-1.2959276,Best Traditional ML,4
-33.500614,-1.875741,Best Traditional ML,4
-18.080772,1.3832791,Best Traditional ML,4
-33.37966,-3.6030755,Best Traditional ML,4
-15.100331,-0.95646256,Best Traditional ML,4
-38.388992,-20.354568,Best Traditional ML,4
-34.005013,-0.89765275,Best Traditional ML,4
-20.2839,-23.50443,Best Traditional ML,4
-19.784124,-3.587499,Best Traditional ML,4
-14.779872,-1.5263641,Best Traditional ML,4
-28.414545,-35.301773,Best Traditional ML,4
-87.44314,-1.4858315,Best Traditional ML,4
-33.878643,-3.3570611,Best Traditional ML,4
-38.26892,-20.303534,Best Traditional ML,4
-26.27757,-5.733629,Best Traditional ML,4
-30.789978,-6.718953,Best Traditional ML,4
-37.495983,-1.7864112,Best Traditional ML,4
-34.93948,0.002823027,Best Traditional ML,4
-37.438873,-5.5620956,Best Traditional ML,4
-37.11415,-1.3202609,Best Traditional ML,4
-38.32494,-20.237755,Best Traditional ML,4
-37.74338,-0.07554913,Best Traditional ML,4
-35.350327,-5.5199437,Best Traditional ML,4
-24.99737,-5.9230695,Best Traditional ML,4
-31.082457,-6.855865,Best Traditional ML,4
-27.950235,-6.7957172,Best Traditional ML,4
-32.97552,-1.5800214,Best Traditional ML,4
-34.785618,0.09587802,Best Traditional ML,4
-39.26516,-16.53842,Best Traditional ML,4
-37.771027,-0.08982842,Best Traditional ML,4
-37.11032,-1.6536704,Best Traditional ML,4
-37.31597,-1.910087,Best Traditional ML,4
-90.74819,9.33142,Best Traditional ML,4
-34.75293,-4.908399,Best Traditional ML,4
-45.37727,-6.5867786,Best Traditional ML,4
-39.37455,-16.40164,Best Traditional ML,4
-37.7666,-0.1780628,Best Traditional ML,4
-37.598625,-0.43741587,Best Traditional ML,4
-37.236286,-1.9235991,Best Traditional ML,4
-39.53732,-16.304497,Best Traditional ML,4
-21.31198,-5.1674147,Best Traditional ML,4
-87.97777,-2.6373441,Best Traditional ML,4
-45.356785,-6.6108804,Best Traditional ML,4
-39.400043,-15.909492,Best Traditional ML,4
0.5443369,8.097426,Best Traditional ML,4
-33.95151,-1.6721337,Best Traditional ML,4
-26.52597,-5.710272,Best Traditional ML,4
-30.718056,-6.7849026,Best Traditional ML,4
-43.210075,-7.207897,Best Traditional ML,4
-27.39671,-6.3912725,Best Traditional ML,4
-87.87082,-2.5369859,Best Traditional ML,4
-37.011753,-1.7050439,Best Traditional ML,4
-39.098194,-15.738815,Best Traditional ML,4
0.27342772,7.84397,Best Traditional ML,4
-35.127895,-5.0568905,Best Traditional ML,4
-29.510881,-30.730343,Best Traditional ML,4
-30.583687,-3.0691302,Best Traditional ML,4
-30.573166,-5.104339,Best Traditional ML,4
-26.423964,-5.2075906,Best Traditional ML,4
-87.9302,-2.6528308,Best Traditional ML,4
-29.919563,-7.023985,Best Traditional ML,4
-30.837458,-4.5330853,Best Traditional ML,4
-27.277325,-7.5008645,Best Traditional ML,4
-27.470816,-6.8182116,Best Traditional ML,4
-87.83125,-2.4148479,Best Traditional ML,4
-42.18744,-17.86355,Best Traditional ML,4
-30.794693,-3.518577,Best Traditional ML,4
-27.439089,-7.3637853,Best Traditional ML,4
-27.808716,-6.523332,Best Traditional ML,4
-87.931015,-2.7895358,Best Traditional ML,4
-29.60596,-30.894815,Best Traditional ML,4
-31.01217,-0.29851413,Best Traditional ML,4
-29.659351,-7.534737,Best Traditional ML,4
-29.485971,-30.739613,Best Traditional ML,4
-28.661873,-8.371197,Best Traditional ML,4
-90.601204,9.514864,Best Traditional ML,4
-90.34997,9.824943,Best Traditional ML,4
-29.586296,-3.8781621,Best Traditional ML,4
-29.453415,-7.6658072,Best Traditional ML,4
-87.01677,-5.254909,Best Traditional ML,4
-29.67636,-30.65734,Best Traditional ML,4
-31.220913,-0.38062483,Best Traditional ML,4
-28.932392,-6.0561337,Best Traditional ML,4
-28.793575,-8.171098,Best Traditional ML,4
-26.984509,-6.7535386,Best Traditional ML,4
-28.391077,-8.519844,Best Traditional ML,4
-87.921,-2.7529345,Best Traditional ML,4
-87.77011,-2.4149384,Best Traditional ML,4
-29.700457,-30.545042,Best Traditional ML,4
-30.173101,-2.0989418,Best Traditional ML,4
-29.3943,-7.203547,Best Traditional ML,4
-29.498932,-7.158706,Best Traditional ML,4
-26.902077,-7.7700424,Best Traditional ML,4
-28.968628,-8.0213,Best Traditional ML,4
-26.982433,-6.7864976,Best Traditional ML,4
-28.894444,-31.437075,Best Traditional ML,4
-31.129503,-0.12138014,Best Traditional ML,4
-25.451645,-4.441615,Best Traditional ML,4
-89.14026,27.82044,Best Traditional ML,4
-28.524902,-32.09448,Best Traditional ML,4
-28.720148,-5.8396945,Best Traditional ML,4
-28.179049,-8.053165,Best Traditional ML,4
-26.172995,-8.215678,Best Traditional ML,4
-28.524258,-31.825771,Best Traditional ML,4
-25.656372,-4.620497,Best Traditional ML,4
-89.14481,27.81015,Best Traditional ML,4
-26.437094,-6.2252035,Best Traditional ML,4
-90.151535,10.012978,Best Traditional ML,4
-26.71075,-6.951135,Best Traditional ML,4
-26.41933,-6.229165,Best Traditional ML,4
-90.29956,10.154043,Best Traditional ML,4
-29.515772,-8.076357,Best Traditional ML,4
-27.591051,-31.738583,Best Traditional ML,4
-30.466944,-3.5825372,Best Traditional ML,4
-32.31109,-8.032853,Best Traditional ML,4
-28.888186,-33.607567,Best Traditional ML,4
-19.136688,-10.007034,Best Traditional ML,4
-27.071081,-7.6798854,Best Traditional ML,4
-20.325888,-10.840737,Best Traditional ML,4
-27.27521,-7.6091413,Best Traditional ML,4
-33.115395,-7.6331725,Best Traditional ML,4
-40.010918,-9.727448,Best Traditional ML,4
-90.16032,9.649265,Best Traditional ML,4
-90.51353,9.611803,Best Traditional ML,4
-25.415127,-1.193432,Best Traditional ML,4
-27.784748,-33.321934,Best Traditional ML,4
-26.602991,-0.2724821,Best Traditional ML,4
-90.43416,9.251179,Best Traditional ML,4
-30.490515,-7.14754,Best Traditional ML,4
-39.850925,-9.575133,Best Traditional ML,4
-28.060291,-32.429646,Best Traditional ML,4
-34.44193,-5.7311463,Best Traditional ML,4
-31.935894,-0.7016649,Best Traditional ML,4
-26.741304,-31.871147,Best Traditional ML,4
-87.54563,-2.2118204,Best Traditional ML,4
-32.134827,-6.9637494,Best Traditional ML,4
-90.77161,10.007261,Best Traditional ML,4
-34.619076,-7.662162,Best Traditional ML,4
-36.489258,-6.178822,Best Traditional ML,4
-90.65812,10.052854,Best Traditional ML,4
-5.6487646,-29.981283,Best Traditional ML,4
-35.284508,-6.657822,Best Traditional ML,4
-36.427895,-6.064402,Best Traditional ML,4
-90.560234,9.774595,Best Traditional ML,4
-32.17409,-7.005563,Best Traditional ML,4
-90.80953,9.724863,Best Traditional ML,4
-30.923021,-6.6539764,Best Traditional ML,4
-90.8157,10.096256,Best Traditional ML,4
-26.485863,-31.503202,Best Traditional ML,4
-36.84136,-6.908746,Best Traditional ML,4
-36.453182,-6.6744857,Best Traditional ML,4
-37.457016,-12.421685,Best Traditional ML,4
-90.64668,9.937883,Best Traditional ML,4
-34.793877,-7.757965,Best Traditional ML,4
-34.06877,-7.3499784,Best Traditional ML,4
-26.92517,-31.938,Best Traditional ML,4
-36.270775,-7.4231315,Best Traditional ML,4
-36.88749,-6.9935164,Best Traditional ML,4
-35.431255,-8.056456,Best Traditional ML,4
-5.6891603,-29.994556,Best Traditional ML,4
-34.573303,0.018957308,Best Traditional ML,4
-37.298576,-5.5432124,Best Traditional ML,4
-35.168056,-7.9957623,Best Traditional ML,4
-38.23138,-15.165084,Best Traditional ML,4
-37.634815,-1.6882032,Best Traditional ML,4
-35.187138,-7.6857767,Best Traditional ML,4
-31.161894,-4.344027,Best Traditional ML,4
-34.6456,-4.9755197,Best Traditional ML,4
-34.99998,-7.5799704,Best Traditional ML,4
-33.15675,-1.4554137,Best Traditional ML,4
-33.25339,-7.4472775,Best Traditional ML,4
-34.959156,-7.4243765,Best Traditional ML,4
-5.6881537,-30.038021,Best Traditional ML,4
-38.047962,-2.2498338,Best Traditional ML,4
-35.15348,-7.8726773,Best Traditional ML,4
-31.221098,-37.3689,Best Traditional ML,4
-15.342925,-0.35017243,Best Traditional ML,4
-15.847116,2.1667724,Best Traditional ML,4
-19.144293,-30.721428,Best Traditional ML,4
-8.572301,-4.11841,Best Traditional ML,4
-16.962954,2.3721209,Best Traditional ML,4
-16.376232,2.0599644,Best Traditional ML,4
-18.361753,-29.792276,Best Traditional ML,4
-8.933765,-3.5661514,Best Traditional ML,4
-17.667673,2.4922168,Best Traditional ML,4
-30.310926,-36.91284,Best Traditional ML,4
-14.697836,-1.2975887,Best Traditional ML,4
-18.270823,-29.10428,Best Traditional ML,4
-9.275228,-3.2629385,Best Traditional ML,4
-17.128006,2.2538579,Best Traditional ML,4
-29.807716,-36.338497,Best Traditional ML,4
-15.033079,-1.0063244,Best Traditional ML,4
-19.129717,4.3167806,Best Traditional ML,4
-30.144535,-36.80715,Best Traditional ML,4
-17.381151,-28.450613,Best Traditional ML,4
-8.85853,-3.6485732,Best Traditional ML,4
-19.512365,4.2895036,Best Traditional ML,4
-14.420699,-1.0975398,Best Traditional ML,4
-14.77319,0.9895206,Best Traditional ML,4
-26.477684,-17.89527,Best Traditional ML,4
69.38455,-54.12367,Best Traditional ML,4
-14.495799,-1.3274347,Best Traditional ML,4
-18.508577,3.6579487,Best Traditional ML,4
-18.038603,-28.927984,Best Traditional ML,4
-14.537552,0.7699257,Best Traditional ML,4
-17.604132,-28.77768,Best Traditional ML,4
-9.525399,-3.0441396,Best Traditional ML,4
-15.011799,1.089647,Best Traditional ML,4
-29.92284,-36.09008,Best Traditional ML,4
-8.86705,-1.3969991,Best Traditional ML,4
-19.064983,4.133965,Best Traditional ML,4
-16.759691,2.136182,Best Traditional ML,4
-17.694561,-28.58877,Best Traditional ML,4
-9.613324,-2.931081,Best Traditional ML,4
-16.951447,2.1270125,Best Traditional ML,4
-29.810915,-36.308346,Best Traditional ML,4
-8.358308,-1.8801754,Best Traditional ML,4
-14.10317,-0.33679354,Best Traditional ML,4
-14.963261,0.9092338,Best Traditional ML,4
-29.947649,-36.287193,Best Traditional ML,4
-16.810152,-27.726204,Best Traditional ML,4
-15.805775,1.5958816,Best Traditional ML,4
-14.495168,0.16597855,Best Traditional ML,4
-29.786556,-36.356613,Best Traditional ML,4
-8.529037,-1.7852887,Best Traditional ML,4
-16.064539,1.7629387,Best Traditional ML,4
-17.308863,-28.398926,Best Traditional ML,4
-9.703747,-2.7349763,Best Traditional ML,4
-14.357853,-0.18282196,Best Traditional ML,4
-17.009602,-28.048832,Best Traditional ML,4
-15.606931,1.6264341,Best Traditional ML,4
-13.776081,-1.3213458,Best Traditional ML,4
-29.722567,-36.241657,Best Traditional ML,4
-8.389232,-1.7993879,Best Traditional ML,4
-16.274956,1.6187584,Best Traditional ML,4
-28.656971,-33.15385,Best Traditional ML,4
-13.251594,-25.711193,Best Traditional ML,4
-36.70142,-1.5652163,Best Traditional ML,4
-16.855822,-27.214052,Best Traditional ML,4
-17.643438,2.9064553,Best Traditional ML,4
-20.489538,-21.027212,Best Traditional ML,4
-20.904406,6.784144,Best Traditional ML,4
-16.874569,-27.286184,Best Traditional ML,4
-16.51358,0.013489214,Best Traditional ML,4
-16.869884,-7.16286,Best Traditional ML,4
-27.433855,-34.180405,Best Traditional ML,4
-12.844477,-25.960392,Best Traditional ML,4
-16.6113,-27.426325,Best Traditional ML,4
-19.719383,-3.8128796,Best Traditional ML,4
-17.026716,-4.154497,Best Traditional ML,4
-28.33023,-33.17818,Best Traditional ML,4
-12.794037,-25.836111,Best Traditional ML,4
-20.867788,6.1625037,Best Traditional ML,4
-27.53723,-34.552372,Best Traditional ML,4
-15.549985,-26.984917,Best Traditional ML,4
-87.2803,-1.8641498,Best Traditional ML,4
-17.105816,-4.1674933,Best Traditional ML,4
-12.486531,-25.984644,Best Traditional ML,4
-22.83567,0.00058515806,Best Traditional ML,4
-17.29584,-7.613969,Best Traditional ML,4
-27.382627,-34.329544,Best Traditional ML,4
-13.0283,-25.851887,Best Traditional ML,4
-23.423735,0.3551266,Best Traditional ML,4
-16.034393,-27.559093,Best Traditional ML,4
-20.995943,-4.9938335,Best Traditional ML,4
-15.991587,-27.299006,Best Traditional ML,4
-19.31942,-5.688967,Best Traditional ML,4
-18.245203,-9.148353,Best Traditional ML,4
-27.431028,-34.19931,Best Traditional ML,4
-12.661848,-25.834509,Best Traditional ML,4
-24.007044,0.058497243,Best Traditional ML,4
-17.18921,-7.5401173,Best Traditional ML,4
-16.599766,-28.262098,Best Traditional ML,4
-19.263058,-5.892082,Best Traditional ML,4
-18.020075,-8.965515,Best Traditional ML,4
-27.434103,-33.91183,Best Traditional ML,4
-12.718861,-25.924261,Best Traditional ML,4
-11.216402,-26.487814,Best Traditional ML,4
-16.84441,-0.19902873,Best Traditional ML,4
-27.526142,-34.66479,Best Traditional ML,4
-15.587036,-26.697248,Best Traditional ML,4
-19.676918,-4.6420755,Best Traditional ML,4
-17.794186,-9.057881,Best Traditional ML,4
-27.550209,-34.674583,Best Traditional ML,4
-12.71336,-25.94891,Best Traditional ML,4
-22.756216,0.22046435,Best Traditional ML,4
-15.810337,-27.26667,Best Traditional ML,4
-20.808807,-5.766138,Best Traditional ML,4
-18.211658,-9.580706,Best Traditional ML,4
-19.442059,-23.097244,Best Traditional ML,4
-20.059448,-4.195325,Best Traditional ML,4
-16.71773,-9.449786,Best Traditional ML,4
-27.39708,-33.882828,Best Traditional ML,4
-12.925422,-25.919653,Best Traditional ML,4
-16.86822,-6.813006,Best Traditional ML,4
-26.915152,-34.935326,Best Traditional ML,4
-15.969004,-11.287409,Best Traditional ML,4
-18.383675,-10.801396,Best Traditional ML,4
-17.955616,-29.106594,Best Traditional ML,4
-22.44488,0.11464554,Best Traditional ML,4
-16.743,-11.889766,Best Traditional ML,4
-17.046707,-11.002997,Best Traditional ML,4
-17.976265,-27.960846,Best Traditional ML,4
-19.53689,-12.480643,Best Traditional ML,4
-16.970943,-15.544527,Best Traditional ML,4
-28.041246,-30.598068,Best Traditional ML,4
-16.907465,-11.2241335,Best Traditional ML,4
-17.095705,-14.979407,Best Traditional ML,4
-18.15887,-15.557387,Best Traditional ML,4
91.6498,-1.6999421,Best Traditional ML,4
-28.525047,-31.992044,Best Traditional ML,4
-16.851892,-10.863347,Best Traditional ML,4
-18.967382,-13.760181,Best Traditional ML,4
-28.467117,-32.153847,Best Traditional ML,4
-16.929539,-15.708501,Best Traditional ML,4
-17.761473,-15.534817,Best Traditional ML,4
-17.36509,-14.025686,Best Traditional ML,4
-16.193375,-11.1672735,Best Traditional ML,4
-17.10546,-15.838135,Best Traditional ML,4
-17.232847,-11.7595005,Best Traditional ML,4
-28.594269,-31.672102,Best Traditional ML,4
-15.562817,-9.801166,Best Traditional ML,4
-17.423826,-15.718134,Best Traditional ML,4
-16.733063,-15.645233,Best Traditional ML,4
-18.026937,-15.603557,Best Traditional ML,4
91.65185,-1.7069979,Best Traditional ML,4
-18.629932,-15.640693,Best Traditional ML,4
-17.481785,-11.967694,Best Traditional ML,4
-27.571913,-30.141575,Best Traditional ML,4
-15.82197,-8.82346,Best Traditional ML,4
-17.237667,-14.8422,Best Traditional ML,4
-17.298645,-15.731285,Best Traditional ML,4
91.657455,-1.7212493,Best Traditional ML,4
91.63031,-1.6487153,Best Traditional ML,4
-18.546373,-12.380473,Best Traditional ML,4
-27.694681,-30.26415,Best Traditional ML,4
-15.329739,-9.304475,Best Traditional ML,4
-15.779619,-11.249529,Best Traditional ML,4
-17.206057,-14.68566,Best Traditional ML,4
-27.555109,-33.44477,Best Traditional ML,4
-18.229433,-9.240398,Best Traditional ML,4
-20.153126,-12.7554245,Best Traditional ML,4
-16.114666,-11.786142,Best Traditional ML,4
-28.357267,-31.957972,Best Traditional ML,4
-5.7128468,-23.310862,Best Traditional ML,4
-19.03912,-13.667008,Best Traditional ML,4
-87.546555,-1.8844293,Best Traditional ML,4
-28.690392,-8.927489,Best Traditional ML,4
-16.27931,-11.912196,Best Traditional ML,4
-18.446108,-11.104049,Best Traditional ML,4
-90.63185,9.347396,Best Traditional ML,4
-16.325352,-12.579107,Best Traditional ML,4
-29.519794,-31.431538,Best Traditional ML,4
-17.2827,-10.351833,Best Traditional ML,4
-18.61166,-13.690235,Best Traditional ML,4
-83.76753,-5.5543838,Best Traditional ML,5
-88.95431,8.227915,Best Traditional ML,5
5.12967,9.617316,Best Traditional ML,5
20.517487,72.27508,Best Traditional ML,5
-7.767032,72.193596,Best Traditional ML,5
3.1913066,24.701666,Best Traditional ML,5
-7.7525754,71.484695,Best Traditional ML,5
5.831903,42.323677,Best Traditional ML,5
-7.4614425,71.88222,Best Traditional ML,5
3.2516792,24.84654,Best Traditional ML,5
10.682541,89.467735,Best Traditional ML,5
5.241703,42.418274,Best Traditional ML,5
5.685765,9.260807,Best Traditional ML,5
3.5795496,99.87529,Best Traditional ML,5
3.1670344,24.609451,Best Traditional ML,5
-7.248535,70.75335,Best Traditional ML,5
5.7796836,42.173588,Best Traditional ML,5
5.714825,9.259838,Best Traditional ML,5
6.585092,90.416306,Best Traditional ML,5
-6.434597,71.664986,Best Traditional ML,5
5.7860947,9.223515,Best Traditional ML,5
3.1908932,24.602877,Best Traditional ML,5
8.409617,93.36621,Best Traditional ML,5
4.8071165,42.44253,Best Traditional ML,5
6.6409287,90.15079,Best Traditional ML,5
-6.300233,71.809494,Best Traditional ML,5
5.04684,42.32485,Best Traditional ML,5
3.2595565,6.539577,Best Traditional ML,5
7.355097,89.577415,Best Traditional ML,5
19.302605,71.516815,Best Traditional ML,5
-5.884425,21.259558,Best Traditional ML,5
20.542807,72.297844,Best Traditional ML,5
-5.930895,21.309189,Best Traditional ML,5
20.542604,72.29882,Best Traditional ML,5
-15.333581,78.59407,Best Traditional ML,5
-8.672427,0.8028093,Best Traditional ML,5
8.622031,89.16504,Best Traditional ML,5
-6.0040245,70.80054,Best Traditional ML,5
-6.106669,70.75699,Best Traditional ML,5
9.0651865,21.765354,Best Traditional ML,5
20.543541,72.300705,Best Traditional ML,5
4.567071,41.627747,Best Traditional ML,5
-10.765357,-1.1865788,Best Traditional ML,5
12.94482,92.93414,Best Traditional ML,5
12.932845,92.92209,Best Traditional ML,5
-6.374457,71.47451,Best Traditional ML,5
-10.883115,-1.6646731,Best Traditional ML,5
8.937861,22.555424,Best Traditional ML,5
13.578231,89.26395,Best Traditional ML,5
-15.999437,78.09121,Best Traditional ML,5
-11.606167,-1.847506,Best Traditional ML,5
2.0065916,95.24799,Best Traditional ML,5
-6.3181787,71.87821,Best Traditional ML,5
9.675673,22.648495,Best Traditional ML,5
20.54493,72.30155,Best Traditional ML,5
-16.010462,77.77477,Best Traditional ML,5
9.735035,22.661114,Best Traditional ML,5
20.543758,72.3009,Best Traditional ML,5
-15.416484,77.42091,Best Traditional ML,5
-87.050476,-1.4956651,Best Traditional ML,5
0.020597855,94.760025,Best Traditional ML,5
-5.9068193,71.24275,Best Traditional ML,5
-28.24882,-36.342106,Best Traditional ML,5
6.520254,36.54491,Best Traditional ML,5
19.330536,71.53924,Best Traditional ML,5
7.6168756,22.519192,Best Traditional ML,5
12.249336,89.72011,Best Traditional ML,5
-16.09589,79.30005,Best Traditional ML,5
-5.968205,70.99503,Best Traditional ML,5
8.446347,22.436085,Best Traditional ML,5
13.9569,88.97539,Best Traditional ML,5
4.1997175,42.690216,Best Traditional ML,5
-11.434318,-1.7329803,Best Traditional ML,5
2.3618283,100.07328,Best Traditional ML,5
7.3201747,22.531345,Best Traditional ML,5
8.246445,92.538376,Best Traditional ML,5
-15.889996,79.0169,Best Traditional ML,5
-18.052774,-3.8364224,Best Traditional ML,5
2.675964,99.25864,Best Traditional ML,5
13.903508,88.43615,Best Traditional ML,5
-18.71183,-4.1786127,Best Traditional ML,5
11.541576,23.094938,Best Traditional ML,5
20.54355,72.30152,Best Traditional ML,5
4.741287,40.618618,Best Traditional ML,5
4.1091766,96.88429,Best Traditional ML,5
-5.9161897,71.17751,Best Traditional ML,5
4.8155756,40.22391,Best Traditional ML,5
-0.84911525,-0.80983824,Best Traditional ML,5
3.91676,96.685326,Best Traditional ML,5
-5.857227,71.306145,Best Traditional ML,5
12.778142,23.40539,Best Traditional ML,5
13.250223,89.5144,Best Traditional ML,5
12.293496,23.410763,Best Traditional ML,5
13.239593,89.50845,Best Traditional ML,5
4.679696,40.288216,Best Traditional ML,5
-0.5005622,-0.9376857,Best Traditional ML,5
3.6638381,96.622894,Best Traditional ML,5
-6.605958,71.1552,Best Traditional ML,5
-5.8930287,71.25581,Best Traditional ML,5
13.450807,23.681309,Best Traditional ML,5
11.965642,89.96318,Best Traditional ML,5
4.5250297,39.228996,Best Traditional ML,5
-0.22872406,-1.0739652,Best Traditional ML,5
2.936156,94.63142,Best Traditional ML,5
2.4695127,94.85064,Best Traditional ML,5
-5.848563,71.34211,Best Traditional ML,5
0.03993319,-1.1343459,Best Traditional ML,5
13.486835,22.978735,Best Traditional ML,5
4.2294483,95.619995,Best Traditional ML,5
-16.726057,75.86868,Best Traditional ML,5
0.40979666,-1.2882649,Best Traditional ML,5
3.549748,95.56205,Best Traditional ML,5
-7.0000153,71.987976,Best Traditional ML,5
13.370763,22.814123,Best Traditional ML,5
9.200793,92.55701,Best Traditional ML,5
4.7208614,37.48321,Best Traditional ML,5
13.882079,23.010075,Best Traditional ML,5
9.119948,92.51959,Best Traditional ML,5
4.547998,37.516323,Best Traditional ML,5
1.504827,-1.9348308,Best Traditional ML,5
3.516047,95.7484,Best Traditional ML,5
-7.0943594,71.92109,Best Traditional ML,5
2.41105,-2.7350643,Best Traditional ML,5
3.0529253,96.78863,Best Traditional ML,5
-6.991034,71.99453,Best Traditional ML,5
14.018048,22.863846,Best Traditional ML,5
9.07814,92.583626,Best Traditional ML,5
3.7990098,37.32724,Best Traditional ML,5
10.397894,86.9617,Best Traditional ML,5
14.901106,23.297663,Best Traditional ML,5
9.247707,92.507996,Best Traditional ML,5
3.8324697,37.141685,Best Traditional ML,5
3.346303,-4.042505,Best Traditional ML,5
1.3925172,97.49574,Best Traditional ML,5
16.222088,24.4935,Best Traditional ML,5
9.272594,92.50163,Best Traditional ML,5
3.6337833,37.276203,Best Traditional ML,5
2.9612474,-3.7032294,Best Traditional ML,5
2.4081936,97.06569,Best Traditional ML,5
-6.7745433,71.89233,Best Traditional ML,5
3.323302,-4.042039,Best Traditional ML,5
15.442042,23.502779,Best Traditional ML,5
10.3283,91.51776,Best Traditional ML,5
3.6235135,37.11483,Best Traditional ML,5
2.488079,97.060295,Best Traditional ML,5
10.828302,87.305504,Best Traditional ML,5
3.6782398,37.11469,Best Traditional ML,5
6.121204,-5.099349,Best Traditional ML,5
2.7410047,97.03533,Best Traditional ML,5
-6.8142366,71.855446,Best Traditional ML,5
14.883399,23.227896,Best Traditional ML,5
10.292058,91.53648,Best Traditional ML,5
14.875633,23.049295,Best Traditional ML,5
10.313933,91.47668,Best Traditional ML,5
4.085416,37.478016,Best Traditional ML,5
2.8658328,-3.6167002,Best Traditional ML,5
3.237235,96.51802,Best Traditional ML,5
-6.9107084,71.6751,Best Traditional ML,5
-7.1250644,71.41536,Best Traditional ML,5
14.993442,23.13772,Best Traditional ML,5
20.54749,72.30385,Best Traditional ML,5
4.446442,37.550858,Best Traditional ML,5
2.870798,-3.0922205,Best Traditional ML,5
4.767081,91.53118,Best Traditional ML,5
4.8165884,91.29214,Best Traditional ML,5
-6.434763,70.64124,Best Traditional ML,5
2.7399318,-2.6104307,Best Traditional ML,5
14.953143,23.077936,Best Traditional ML,5
13.276044,89.428474,Best Traditional ML,5
4.0391226,37.748676,Best Traditional ML,5
0.64661944,-1.2070628,Best Traditional ML,5
8.471148,90.17133,Best Traditional ML,5
-6.3772063,70.67599,Best Traditional ML,5
14.270464,23.020304,Best Traditional ML,5
13.310095,89.367775,Best Traditional ML,5
4.677509,37.551743,Best Traditional ML,5
13.92557,23.372877,Best Traditional ML,5
13.28386,89.40836,Best Traditional ML,5
4.15705,37.797764,Best Traditional ML,5
0.066687636,-1.0664921,Best Traditional ML,5
5.3905764,91.218735,Best Traditional ML,5
-6.3386817,70.71071,Best Traditional ML,5
-11.312372,-3.6408637,Best Traditional ML,5
-14.211425,76.21765,Best Traditional ML,5
8.2205715,89.718704,Best Traditional ML,5
10.29711,22.733065,Best Traditional ML,5
12.343573,90.1457,Best Traditional ML,5
-16.447447,78.45813,Best Traditional ML,5
8.713862,88.40946,Best Traditional ML,5
10.059698,22.7237,Best Traditional ML,5
9.056468,90.5971,Best Traditional ML,5
-16.324863,78.546684,Best Traditional ML,5
-11.354379,-3.5979586,Best Traditional ML,5
3.5917926,99.79938,Best Traditional ML,5
10.394637,22.722637,Best Traditional ML,5
10.618873,92.35505,Best Traditional ML,5
-17.379667,78.4951,Best Traditional ML,5
-11.3406925,-3.5084274,Best Traditional ML,5
3.5646071,99.78645,Best Traditional ML,5
8.279888,89.41399,Best Traditional ML,5
-11.471363,-3.4618475,Best Traditional ML,5
9.966018,22.70328,Best Traditional ML,5
10.584794,93.05199,Best Traditional ML,5
-17.134644,78.095314,Best Traditional ML,5
12.202056,87.85706,Best Traditional ML,5
10.44473,87.95892,Best Traditional ML,5
-17.149685,78.11668,Best Traditional ML,5
-11.348362,-3.6635103,Best Traditional ML,5
3.7612,99.7594,Best Traditional ML,5
8.990522,94.07377,Best Traditional ML,5
10.748735,22.86662,Best Traditional ML,5
7.452873,90.49953,Best Traditional ML,5
12.228222,24.670738,Best Traditional ML,5
20.518751,72.285385,Best Traditional ML,5
-15.173736,77.57007,Best Traditional ML,5
-0.66172683,-0.87803614,Best Traditional ML,5
0.38923633,94.393196,Best Traditional ML,5
13.882701,88.46647,Best Traditional ML,5
13.870894,88.529915,Best Traditional ML,5
13.282316,23.818647,Best Traditional ML,5
12.605496,89.19226,Best Traditional ML,5
-15.669975,78.0916,Best Traditional ML,5
1.9196928,-1.9188974,Best Traditional ML,5
0.19162817,94.82091,Best Traditional ML,5
0.48768893,94.39544,Best Traditional ML,5
-6.184009,70.83322,Best Traditional ML,5
2.7159102,-2.0738995,Best Traditional ML,5
15.503692,26.523193,Best Traditional ML,5
8.046874,90.609314,Best Traditional ML,5
-16.42231,78.26101,Best Traditional ML,5
3.1419404,-2.2378242,Best Traditional ML,5
0.46032208,94.31511,Best Traditional ML,5
-7.0818543,71.39046,Best Traditional ML,5
14.539039,26.18705,Best Traditional ML,5
8.545965,90.364,Best Traditional ML,5
-16.12482,77.98069,Best Traditional ML,5
15.294224,26.913685,Best Traditional ML,5
11.389515,89.0097,Best Traditional ML,5
-16.685947,78.10468,Best Traditional ML,5
3.5527153,-2.3857539,Best Traditional ML,5
0.3998911,94.64946,Best Traditional ML,5
10.816473,87.36952,Best Traditional ML,5
3.7074516,-2.333399,Best Traditional ML,5
0.56219965,94.279915,Best Traditional ML,5
10.854802,87.43553,Best Traditional ML,5
15.305735,26.027622,Best Traditional ML,5
7.8909364,90.53785,Best Traditional ML,5
-16.068533,77.4264,Best Traditional ML,5
10.833175,87.351,Best Traditional ML,5
15.829868,25.905954,Best Traditional ML,5
8.338924,90.211296,Best Traditional ML,5
-16.3771,77.28676,Best Traditional ML,5
2.6326547,-2.3242495,Best Traditional ML,5
0.4481269,95.46663,Best Traditional ML,5
15.397538,26.359879,Best Traditional ML,5
4.9591455,91.49601,Best Traditional ML,5
-16.196997,77.03652,Best Traditional ML,5
5.501233,-3.5976117,Best Traditional ML,5
0.84518236,94.42849,Best Traditional ML,5
-6.9565797,71.50469,Best Traditional ML,5
2.7809565,-2.460467,Best Traditional ML,5
14.78446,25.438799,Best Traditional ML,5
8.089098,92.7063,Best Traditional ML,5
-16.283989,76.988365,Best Traditional ML,5
1.0795866,94.653496,Best Traditional ML,5
8.397782,88.619995,Best Traditional ML,5
-16.011894,77.30432,Best Traditional ML,5
5.8150153,-3.7722118,Best Traditional ML,5
3.1246333,94.584305,Best Traditional ML,5
11.670948,87.451866,Best Traditional ML,5
16.450342,26.030169,Best Traditional ML,5
6.6197934,95.61368,Best Traditional ML,5
16.335318,26.24282,Best Traditional ML,5
5.538186,96.52585,Best Traditional ML,5
-17.291164,77.407486,Best Traditional ML,5
5.9266424,-4.207118,Best Traditional ML,5
4.0141554,95.95483,Best Traditional ML,5
8.34579,88.648,Best Traditional ML,5
9.370625,95.07348,Best Traditional ML,5
16.132694,26.010872,Best Traditional ML,5
6.3110614,96.887886,Best Traditional ML,5
-16.666641,76.70052,Best Traditional ML,5
5.8197904,-3.772956,Best Traditional ML,5
3.8556728,95.32105,Best Traditional ML,5
4.7368555,91.84632,Best Traditional ML,5
9.079928,95.63006,Best Traditional ML,5
6.1493306,-3.893455,Best Traditional ML,5
16.4604,26.044743,Best Traditional ML,5
4.792571,91.5759,Best Traditional ML,5
-16.838465,76.846954,Best Traditional ML,5
6.4189687,-4.349457,Best Traditional ML,5
1.2168967,96.42175,Best Traditional ML,5
11.026959,87.999916,Best Traditional ML,5
15.9264,26.559505,Best Traditional ML,5
5.5513124,91.159966,Best Traditional ML,5
-17.350136,76.89405,Best Traditional ML,5
16.257387,26.717913,Best Traditional ML,5
4.778377,91.655876,Best Traditional ML,5
-17.177435,77.58385,Best Traditional ML,5
6.3232927,-3.9472928,Best Traditional ML,5
2.8857353,95.088554,Best Traditional ML,5
11.012897,87.939514,Best Traditional ML,5
6.1152525,-3.841662,Best Traditional ML,5
0.95297766,97.472855,Best Traditional ML,5
8.223046,88.97894,Best Traditional ML,5
16.00478,25.645578,Best Traditional ML,5
4.6385994,95.13506,Best Traditional ML,5
-16.766006,77.00375,Best Traditional ML,5
9.433547,94.8285,Best Traditional ML,5
15.730061,25.412992,Best Traditional ML,5
6.5935755,96.50005,Best Traditional ML,5
-15.9391985,76.591255,Best Traditional ML,5
4.020266,-3.3094563,Best Traditional ML,5
0.44363394,96.6069,Best Traditional ML,5
14.908717,25.92013,Best Traditional ML,5
7.8892646,93.005226,Best Traditional ML,5
-15.593133,76.675606,Best Traditional ML,5
3.4213724,-3.3553214,Best Traditional ML,5
2.9407449,93.743385,Best Traditional ML,5
9.4535885,94.69858,Best Traditional ML,5
4.1440253,-3.2161934,Best Traditional ML,5
15.111737,24.963514,Best Traditional ML,5
8.7051,93.43789,Best Traditional ML,5
-15.8946295,76.5204,Best Traditional ML,5
7.4476895,92.77246,Best Traditional ML,5
9.612553,94.7568,Best Traditional ML,5
-16.356123,76.63943,Best Traditional ML,5
4.107302,-3.354653,Best Traditional ML,5
3.2154088,94.267265,Best Traditional ML,5
8.36891,88.66256,Best Traditional ML,5
14.390869,25.924122,Best Traditional ML,5
11.234133,88.944374,Best Traditional ML,5
14.461046,26.523771,Best Traditional ML,5
8.407997,90.11025,Best Traditional ML,5
-16.524569,76.80288,Best Traditional ML,5
4.06498,-3.2771685,Best Traditional ML,5
7.1497493,92.92383,Best Traditional ML,5
10.99526,87.81362,Best Traditional ML,5
-7.1565046,71.33659,Best Traditional ML,5
14.580356,26.667515,Best Traditional ML,5
8.847857,93.634964,Best Traditional ML,5
-16.36861,76.63501,Best Traditional ML,5
4.2024326,-3.4407887,Best Traditional ML,5
2.824718,94.324875,Best Traditional ML,5
2.4098904,93.856026,Best Traditional ML,5
10.912157,87.59303,Best Traditional ML,5
6.4259663,-4.2602644,Best Traditional ML,5
15.908361,25.51434,Best Traditional ML,5
6.026714,90.94578,Best Traditional ML,5
-17.14749,77.16354,Best Traditional ML,5
6.232551,-4.380878,Best Traditional ML,5
3.3704438,94.51417,Best Traditional ML,5
11.010248,87.97438,Best Traditional ML,5
16.16856,26.279789,Best Traditional ML,5
6.847923,95.0732,Best Traditional ML,5
-17.083677,77.0761,Best Traditional ML,5
16.241264,26.561518,Best Traditional ML,5
5.515305,91.186584,Best Traditional ML,5
-17.210278,77.207924,Best Traditional ML,5
6.424577,-4.5867376,Best Traditional ML,5
5.8486314,94.97438,Best Traditional ML,5
11.025806,88.04217,Best Traditional ML,5
-3.9638994,-6.8263335,Best Traditional ML,5
17.243681,-4.9543815,Best Traditional ML,5
17.781532,-9.961365,Best Traditional ML,5
10.16789,3.5939026,Best Traditional ML,5
17.202787,-8.79533,Best Traditional ML,5
16.383596,-0.41693822,Best Traditional ML,5
17.956001,-10.4580345,Best Traditional ML,5
10.481059,3.437916,Best Traditional ML,5
17.021088,-8.657082,Best Traditional ML,5
16.472134,-0.4790539,Best Traditional ML,5
6.964318,8.44801,Best Traditional ML,5
17.377518,-5.9015627,Best Traditional ML,5
10.096832,3.8302832,Best Traditional ML,5
17.180012,-8.531344,Best Traditional ML,5
16.200178,-0.21784604,Best Traditional ML,5
7.093189,8.039736,Best Traditional ML,5
17.362112,-5.567032,Best Traditional ML,5
17.041237,-10.719312,Best Traditional ML,5
7.2688775,8.292883,Best Traditional ML,5
9.979429,4.0060544,Best Traditional ML,5
16.717989,-9.06329,Best Traditional ML,5
16.314554,-0.278474,Best Traditional ML,5
17.376425,-5.8879046,Best Traditional ML,5
17.16064,-10.603759,Best Traditional ML,5
16.195894,-0.1905758,Best Traditional ML,5
6.8342476,7.90593,Best Traditional ML,5
17.363258,-5.722504,Best Traditional ML,5
17.463726,-10.8198,Best Traditional ML,5
10.182429,3.637009,Best Traditional ML,5
17.422861,-8.764707,Best Traditional ML,5
10.342182,3.6121063,Best Traditional ML,5
16.641129,-9.122642,Best Traditional ML,5
16.279045,-0.23360603,Best Traditional ML,5
6.960939,8.061279,Best Traditional ML,5
17.357553,-5.5565205,Best Traditional ML,5
17.41517,-10.76839,Best Traditional ML,5
17.610518,-10.720341,Best Traditional ML,5
10.509924,3.36149,Best Traditional ML,5
16.852322,-9.954434,Best Traditional ML,5
16.268826,-0.27639458,Best Traditional ML,5
7.195397,8.126636,Best Traditional ML,5
17.380575,-5.947175,Best Traditional ML,5
17.394297,-6.370885,Best Traditional ML,5
17.482063,-10.81718,Best Traditional ML,5
7.150395,8.31417,Best Traditional ML,5
10.643072,3.4380753,Best Traditional ML,5
16.371254,-9.886984,Best Traditional ML,5
16.450394,-0.47933897,Best Traditional ML,5
7.3889937,7.589648,Best Traditional ML,5
17.411522,-6.3779798,Best Traditional ML,5
17.461763,-10.39909,Best Traditional ML,5
10.414612,3.2593455,Best Traditional ML,5
16.785795,-9.308642,Best Traditional ML,5
16.388056,-0.3289443,Best Traditional ML,5
10.51121,3.2340007,Best Traditional ML,5
17.004202,-9.867864,Best Traditional ML,5
16.35253,-0.3536092,Best Traditional ML,5
7.2915735,8.082768,Best Traditional ML,5
17.393476,-6.325662,Best Traditional ML,5
17.748583,-10.613937,Best Traditional ML,5
5.7589507,-7.423085,Best Traditional ML,5
16.292494,-1.0955403,Best Traditional ML,5
17.939026,-9.194122,Best Traditional ML,5
10.843039,2.2718768,Best Traditional ML,5
17.274794,-7.250378,Best Traditional ML,5
15.153,0.5003295,Best Traditional ML,5
18.001656,-9.139725,Best Traditional ML,5
10.832453,2.2082243,Best Traditional ML,5
17.211245,-7.5197887,Best Traditional ML,5
15.1875515,0.47240058,Best Traditional ML,5
5.823651,-7.3088217,Best Traditional ML,5
17.133055,-3.7136214,Best Traditional ML,5
10.850945,2.3361046,Best Traditional ML,5
17.24985,-7.505163,Best Traditional ML,5
15.203476,0.47144127,Best Traditional ML,5
5.7318635,-7.4213824,Best Traditional ML,5
17.14944,-3.7364593,Best Traditional ML,5
17.290174,-9.619505,Best Traditional ML,5
5.7419777,-7.4344306,Best Traditional ML,5
10.848334,2.3956819,Best Traditional ML,5
17.13818,-7.8681073,Best Traditional ML,5
15.387998,0.32640707,Best Traditional ML,5
17.334135,-4.4511523,Best Traditional ML,5
17.792479,-9.353205,Best Traditional ML,5
15.480536,0.2566232,Best Traditional ML,5
5.7563043,-7.373453,Best Traditional ML,5
17.292593,-4.369427,Best Traditional ML,5
17.83704,-9.8132925,Best Traditional ML,5
11.028901,2.161536,Best Traditional ML,5
17.251476,-8.1431875,Best Traditional ML,5
11.132434,2.1938682,Best Traditional ML,5
17.243858,-8.387691,Best Traditional ML,5
15.493388,0.23949727,Best Traditional ML,5
5.783771,-7.3247843,Best Traditional ML,5
17.372282,-4.5252495,Best Traditional ML,5
17.319223,-9.518275,Best Traditional ML,5
17.422834,-9.668622,Best Traditional ML,5
11.032943,2.1806724,Best Traditional ML,5
17.353561,-8.055323,Best Traditional ML,5
15.442233,0.2925193,Best Traditional ML,5
5.6310797,-7.519914,Best Traditional ML,5
17.359116,-4.648205,Best Traditional ML,5
17.390192,-4.5181804,Best Traditional ML,5
17.635878,-10.072921,Best Traditional ML,5
5.6872373,-7.46677,Best Traditional ML,5
11.310213,2.2081382,Best Traditional ML,5
17.286076,-8.460054,Best Traditional ML,5
15.499509,0.23349191,Best Traditional ML,5
5.7493596,-7.4244347,Best Traditional ML,5
17.345709,-4.512192,Best Traditional ML,5
17.701195,-9.101287,Best Traditional ML,5
11.287037,2.238492,Best Traditional ML,5
16.799816,-8.664878,Best Traditional ML,5
15.590205,0.19720042,Best Traditional ML,5
11.063676,2.3543289,Best Traditional ML,5
17.105541,-9.161182,Best Traditional ML,5
15.503358,0.24675642,Best Traditional ML,5
5.8410954,-7.3542595,Best Traditional ML,5
17.334362,-4.8806787,Best Traditional ML,5
17.682806,-9.348786,Best Traditional ML,5
6.141476,-4.481515,Best Traditional ML,5
0.6555107,97.95142,Best Traditional ML,5
6.3935595,96.924446,Best Traditional ML,5
15.934637,24.219559,Best Traditional ML,5
5.221261,98.03845,Best Traditional ML,5
3.1232922,37.713158,Best Traditional ML,5
6.963411,96.19357,Best Traditional ML,5
16.124584,24.133438,Best Traditional ML,5
5.5859637,97.84166,Best Traditional ML,5
1.2533401,39.477863,Best Traditional ML,5
5.973031,-4.1114593,Best Traditional ML,5
0.5009447,97.63165,Best Traditional ML,5
16.479895,24.571999,Best Traditional ML,5
5.4970946,95.662544,Best Traditional ML,5
0.83223164,39.74762,Best Traditional ML,5
5.821222,-4.322929,Best Traditional ML,5
0.9253721,97.92873,Best Traditional ML,5
7.666375,89.861565,Best Traditional ML,5
6.5155144,-4.1988263,Best Traditional ML,5
17.131468,24.76943,Best Traditional ML,5
3.11691,97.23488,Best Traditional ML,5
1.7771268,39.056812,Best Traditional ML,5
1.4686873,97.67418,Best Traditional ML,5
6.8894043,95.14976,Best Traditional ML,5
2.4711237,38.37814,Best Traditional ML,5
6.3776774,-4.9384623,Best Traditional ML,5
1.02358,97.87124,Best Traditional ML,5
6.510466,95.08365,Best Traditional ML,5
16.455288,24.614048,Best Traditional ML,5
5.4681716,97.64821,Best Traditional ML,5
16.43627,24.797482,Best Traditional ML,5
5.4987636,97.72989,Best Traditional ML,5
2.1422167,38.695946,Best Traditional ML,5
6.2599254,-4.753086,Best Traditional ML,5
1.7049723,97.84249,Best Traditional ML,5
8.345236,93.88818,Best Traditional ML,5
8.337256,93.771645,Best Traditional ML,5
16.546322,24.830545,Best Traditional ML,5
5.4902706,97.64677,Best Traditional ML,5
3.4065042,38.07639,Best Traditional ML,5
6.4529934,-5.1222467,Best Traditional ML,5
1.5342897,97.51151,Best Traditional ML,5
2.1954403,97.8569,Best Traditional ML,5
8.840709,95.6114,Best Traditional ML,5
6.4095683,-5.1482706,Best Traditional ML,5
16.904255,24.593386,Best Traditional ML,5
5.48473,97.6637,Best Traditional ML,5
2.052377,38.836136,Best Traditional ML,5
6.3980627,-5.1082172,Best Traditional ML,5
1.7067057,97.5936,Best Traditional ML,5
8.096528,89.256165,Best Traditional ML,5
16.501827,24.573843,Best Traditional ML,5
5.3761587,96.45295,Best Traditional ML,5
3.1385179,37.806725,Best Traditional ML,5
17.098755,25.334866,Best Traditional ML,5
5.2516465,96.458595,Best Traditional ML,5
2.4547417,38.493206,Best Traditional ML,5
6.5191154,-4.529302,Best Traditional ML,5
1.6967572,97.21027,Best Traditional ML,5
9.052754,94.48053,Best Traditional ML,5
4.4458437,-2.4822054,Best Traditional ML,5
2.2690716,99.772064,Best Traditional ML,5
8.714443,95.23198,Best Traditional ML,5
14.413831,25.314005,Best Traditional ML,5
5.623081,96.29368,Best Traditional ML,5
-16.729288,78.641106,Best Traditional ML,5
8.438577,95.02924,Best Traditional ML,5
13.789436,24.91149,Best Traditional ML,5
10.932579,92.739006,Best Traditional ML,5
-15.331721,77.146065,Best Traditional ML,5
0.7672615,-1.6523519,Best Traditional ML,5
6.412392,95.0309,Best Traditional ML,5
12.707572,24.775913,Best Traditional ML,5
12.329647,90.9873,Best Traditional ML,5
4.88495,40.67567,Best Traditional ML,5
0.1229143,-1.7948023,Best Traditional ML,5
7.2933717,95.413,Best Traditional ML,5
9.242497,95.142586,Best Traditional ML,5
0.24031168,-1.953948,Best Traditional ML,5
12.814305,24.201326,Best Traditional ML,5
11.040682,92.56561,Best Traditional ML,5
4.8931313,40.655178,Best Traditional ML,5
13.903572,88.8102,Best Traditional ML,5
9.40703,94.51759,Best Traditional ML,5
4.854464,40.732,Best Traditional ML,5
0.2547344,-1.9718212,Best Traditional ML,5
11.066376,89.546745,Best Traditional ML,5
9.367651,94.60164,Best Traditional ML,5
12.527663,25.02339,Best Traditional ML,5
20.516678,72.28417,Best Traditional ML,5
12.574898,25.046556,Best Traditional ML,5
20.516823,72.28428,Best Traditional ML,5
4.8811607,40.73244,Best Traditional ML,5
0.14187244,-1.7916778,Best Traditional ML,5
11.80582,89.82127,Best Traditional ML,5
-7.037064,71.25102,Best Traditional ML,5
-7.0999384,71.18945,Best Traditional ML,5
12.593169,25.033802,Best Traditional ML,5
10.657964,91.45279,Best Traditional ML,5
4.9367275,40.81881,Best Traditional ML,5
0.31273842,-1.4417948,Best Traditional ML,5
0.81947064,93.85745,Best Traditional ML,5
0.96888375,93.73917,Best Traditional ML,5
-7.2393556,71.17681,Best Traditional ML,5
4.2179985,-2.329462,Best Traditional ML,5
15.600798,26.305937,Best Traditional ML,5
5.0048733,91.60881,Best Traditional ML,5
-16.934738,78.70647,Best Traditional ML,5
4.9519444,-3.0562456,Best Traditional ML,5
2.507404,94.53497,Best Traditional ML,5
11.042015,88.12752,Best Traditional ML,5
15.863931,26.782345,Best Traditional ML,5
5.811959,96.19637,Best Traditional ML,5
-16.300478,78.23948,Best Traditional ML,5
15.179469,27.245564,Best Traditional ML,5
5.5536666,91.18641,Best Traditional ML,5
-16.972427,78.14465,Best Traditional ML,5
5.4665303,-3.7302568,Best Traditional ML,5
3.268202,94.80358,Best Traditional ML,5
11.001948,87.93653,Best Traditional ML,5
-84.15199,-5.4698973,Best Traditional ML,6
-88.47713,3.6451132,Best Traditional ML,6
-86.087845,-5.2698145,Best Traditional ML,6
-85.301865,-4.107224,Best Traditional ML,6
-87.92297,7.1005583,Best Traditional ML,6
-86.239655,-5.2702546,Best Traditional ML,6
-89.0153,8.022589,Best Traditional ML,6
-60.632965,-27.081514,Best Traditional ML,6
-86.07829,-3.3107674,Best Traditional ML,6
-83.97552,-5.469207,Best Traditional ML,6
-57.518295,-33.408928,Best Traditional ML,6
-57.95279,-33.00888,Best Traditional ML,6
-85.88995,-3.1428585,Best Traditional ML,6
-85.35863,-3.7832253,Best Traditional ML,6
-57.913235,-32.626915,Best Traditional ML,6
-83.97622,-5.4608254,Best Traditional ML,6
-85.17711,-3.5256004,Best Traditional ML,6
-86.122375,-3.7207868,Best Traditional ML,6
-85.6979,-3.441855,Best Traditional ML,6
-85.37378,-3.0395756,Best Traditional ML,6
-85.16916,-3.268558,Best Traditional ML,6
-85.715256,-3.1319735,Best Traditional ML,6
-85.92406,-3.7850688,Best Traditional ML,6
-85.705795,-3.5756774,Best Traditional ML,6
-85.281296,-3.441627,Best Traditional ML,6
-86.0409,-3.878537,Best Traditional ML,6
-57.536476,-33.61478,Best Traditional ML,6
-57.693108,-33.73848,Best Traditional ML,6
-86.026505,-2.5849433,Best Traditional ML,6
-59.967293,-30.442694,Best Traditional ML,6
-85.57121,-3.1311574,Best Traditional ML,6
-85.94003,-2.640693,Best Traditional ML,6
-85.928764,-3.5463066,Best Traditional ML,6
-59.904606,-30.664421,Best Traditional ML,6
-58.11515,-34.785717,Best Traditional ML,6
-56.324455,-35.85375,Best Traditional ML,6
-56.92127,-35.348534,Best Traditional ML,6
-56.53383,-35.696342,Best Traditional ML,6
-56.918365,-35.16831,Best Traditional ML,6
-86.35712,-2.1212697,Best Traditional ML,6
-61.188576,-27.973515,Best Traditional ML,6
-59.935764,-30.454275,Best Traditional ML,6
-57.748226,-34.375843,Best Traditional ML,6
-85.722824,-2.5283594,Best Traditional ML,6
-57.04046,-35.084057,Best Traditional ML,6
-57.986885,-33.8498,Best Traditional ML,6
-86.16932,-2.3627334,Best Traditional ML,6
-60.450966,-26.284506,Best Traditional ML,6
-59.92458,-30.319134,Best Traditional ML,6
-59.935944,-30.436607,Best Traditional ML,6
-58.19244,-34.59069,Best Traditional ML,6
-61.05551,-28.091705,Best Traditional ML,6
-56.9797,-34.46782,Best Traditional ML,6
-56.94554,-34.488956,Best Traditional ML,6
-86.205284,-2.221713,Best Traditional ML,6
-60.349125,-26.522343,Best Traditional ML,6
-86.235466,-2.5639055,Best Traditional ML,6
-85.84132,-2.1964326,Best Traditional ML,6
-56.651913,-35.631012,Best Traditional ML,6
-56.7788,-34.66299,Best Traditional ML,6
-86.24636,-2.15674,Best Traditional ML,6
-56.397045,-35.63375,Best Traditional ML,6
-56.99479,-35.160187,Best Traditional ML,6
-57.4905,-35.458878,Best Traditional ML,6
-60.930122,-28.39304,Best Traditional ML,6
-90.487885,8.806906,Best Traditional ML,6
-58.06274,-34.828564,Best Traditional ML,6
-26.016764,-33.806396,Best Traditional ML,6
-7.621964,-0.722706,Best Traditional ML,6
-24.591959,-0.7656229,Best Traditional ML,6
-21.11759,-23.260906,Best Traditional ML,6
-23.080112,-20.602205,Best Traditional ML,6
-17.76729,-24.287962,Best Traditional ML,6
-22.75204,-20.505758,Best Traditional ML,6
-22.468824,-23.452969,Best Traditional ML,6
-22.449823,-21.526606,Best Traditional ML,6
-17.7491,-24.8469,Best Traditional ML,6
-25.384958,-34.379314,Best Traditional ML,6
-17.041868,-24.65448,Best Traditional ML,6
-22.754957,-24.62222,Best Traditional ML,6
-24.328215,-20.698114,Best Traditional ML,6
-18.667522,-26.325493,Best Traditional ML,6
-25.449495,-34.619865,Best Traditional ML,6
-17.504625,-25.414238,Best Traditional ML,6
-21.974962,-23.808718,Best Traditional ML,6
-25.700823,-34.708065,Best Traditional ML,6
-23.136023,-22.871262,Best Traditional ML,6
-24.555044,-20.593996,Best Traditional ML,6
-18.22934,-26.01976,Best Traditional ML,6
-18.561068,-26.225079,Best Traditional ML,6
-20.789307,-22.348469,Best Traditional ML,6
-17.875675,-26.085896,Best Traditional ML,6
-25.630121,-34.61247,Best Traditional ML,6
-17.354767,-25.82789,Best Traditional ML,6
-21.073399,-22.273607,Best Traditional ML,6
-23.261694,-23.83964,Best Traditional ML,6
-25.25219,-20.166805,Best Traditional ML,6
-23.054361,-24.189543,Best Traditional ML,6
-25.11836,-21.427376,Best Traditional ML,6
-18.183025,-26.044691,Best Traditional ML,6
-25.465336,-34.53456,Best Traditional ML,6
-17.168238,-25.448557,Best Traditional ML,6
-21.036726,-22.266783,Best Traditional ML,6
-21.184273,-22.22795,Best Traditional ML,6
-23.807129,-24.572567,Best Traditional ML,6
-25.007776,-19.798399,Best Traditional ML,6
-18.491636,-26.02228,Best Traditional ML,6
-25.258593,-34.746876,Best Traditional ML,6
-17.175644,-26.000418,Best Traditional ML,6
-18.565928,-26.548904,Best Traditional ML,6
-20.57875,-22.661783,Best Traditional ML,6
-25.58569,-34.65617,Best Traditional ML,6
-22.976774,-23.38613,Best Traditional ML,6
-23.272488,-21.570358,Best Traditional ML,6
-18.295149,-25.301722,Best Traditional ML,6
-25.338451,-34.76162,Best Traditional ML,6
-17.382187,-25.569662,Best Traditional ML,6
-21.320782,-21.872158,Best Traditional ML,6
-22.91582,-25.743765,Best Traditional ML,6
-24.770319,-21.149359,Best Traditional ML,6
-18.057974,-26.172987,Best Traditional ML,6
-23.003168,-25.72899,Best Traditional ML,6
-25.152033,-20.608952,Best Traditional ML,6
-18.162857,-25.067587,Best Traditional ML,6
-25.684748,-34.7373,Best Traditional ML,6
-17.484539,-26.12206,Best Traditional ML,6
-20.847815,-22.426619,Best Traditional ML,6
-35.729546,-38.003616,Best Traditional ML,6
-57.418953,-23.448986,Best Traditional ML,6
-54.825226,-28.954094,Best Traditional ML,6
-25.63853,-22.783636,Best Traditional ML,6
-55.688187,-25.322245,Best Traditional ML,6
-25.278513,-21.146524,Best Traditional ML,6
-56.344604,-27.631386,Best Traditional ML,6
-25.909678,-23.20057,Best Traditional ML,6
-55.799156,-25.573133,Best Traditional ML,6
-58.450245,-25.007074,Best Traditional ML,6
-35.51753,-38.64791,Best Traditional ML,6
-58.620712,-27.218605,Best Traditional ML,6
-25.82657,-22.749369,Best Traditional ML,6
-89.5992,9.507461,Best Traditional ML,6
-58.45554,-24.771828,Best Traditional ML,6
-35.6197,-38.545002,Best Traditional ML,6
-58.770588,-25.087011,Best Traditional ML,6
-56.170837,-28.245602,Best Traditional ML,6
-34.98356,-38.5049,Best Traditional ML,6
-53.65589,-27.955801,Best Traditional ML,6
-55.61988,-25.255808,Best Traditional ML,6
-51.835373,-19.447546,Best Traditional ML,6
-57.761364,-25.344624,Best Traditional ML,6
-57.312965,-27.848063,Best Traditional ML,6
-57.56646,-25.241268,Best Traditional ML,6
-34.93424,-38.19031,Best Traditional ML,6
-59.901505,-25.681643,Best Traditional ML,6
-56.10015,-28.461521,Best Traditional ML,6
-24.141956,-25.490423,Best Traditional ML,6
-55.615803,-25.237362,Best Traditional ML,6
-25.91942,-22.86667,Best Traditional ML,6
-89.4949,9.537075,Best Traditional ML,6
-58.45177,-24.997997,Best Traditional ML,6
-35.568924,-38.561268,Best Traditional ML,6
-58.65002,-25.597141,Best Traditional ML,6
-56.65463,-27.972738,Best Traditional ML,6
-56.02369,-28.475712,Best Traditional ML,6
-24.820322,-24.50677,Best Traditional ML,6
-89.43096,9.401763,Best Traditional ML,6
-58.56725,-25.836828,Best Traditional ML,6
-35.185978,-38.98951,Best Traditional ML,6
-59.575203,-26.577406,Best Traditional ML,6
-59.296684,-26.412191,Best Traditional ML,6
-57.082836,-28.64007,Best Traditional ML,6
-35.104996,-38.990704,Best Traditional ML,6
-53.457104,-28.279531,Best Traditional ML,6
-55.42692,-28.391829,Best Traditional ML,6
-57.82447,-26.050423,Best Traditional ML,6
-35.248814,-37.93682,Best Traditional ML,6
-60.105343,-26.306406,Best Traditional ML,6
-57.810596,-28.373802,Best Traditional ML,6
-24.609772,-25.06804,Best Traditional ML,6
-89.49068,9.320916,Best Traditional ML,6
-58.20593,-25.377682,Best Traditional ML,6
-26.469751,-22.749142,Best Traditional ML,6
-56.016987,-27.978657,Best Traditional ML,6
-57.926006,-26.597952,Best Traditional ML,6
-35.45006,-38.576744,Best Traditional ML,6
-59.92092,-26.49949,Best Traditional ML,6
-57.784084,-28.387466,Best Traditional ML,6
-22.426634,-35.194138,Best Traditional ML,6
1.6913954,-9.5939245,Best Traditional ML,6
-1.0000921,-10.0486145,Best Traditional ML,6
-6.601219,-6.483789,Best Traditional ML,6
-5.0895967,-7.087284,Best Traditional ML,6
0.3698753,-9.784856,Best Traditional ML,6
-0.70907533,-10.097893,Best Traditional ML,6
-6.8701773,-6.430685,Best Traditional ML,6
-4.8052144,-7.3105917,Best Traditional ML,6
0.4222936,-9.926359,Best Traditional ML,6
-22.450253,-35.02487,Best Traditional ML,6
1.1130172,-9.835805,Best Traditional ML,6
-7.0613937,-6.4532623,Best Traditional ML,6
-5.046479,-7.253234,Best Traditional ML,6
0.67640567,-9.634607,Best Traditional ML,6
-22.814274,-35.281487,Best Traditional ML,6
1.542882,-9.685129,Best Traditional ML,6
-0.9754925,-10.076634,Best Traditional ML,6
-22.556263,-35.003143,Best Traditional ML,6
-6.765101,-6.496178,Best Traditional ML,6
-5.118231,-7.0456886,Best Traditional ML,6
0.6779357,-9.761334,Best Traditional ML,6
0.8354178,-10.070064,Best Traditional ML,6
-0.90707016,-10.031853,Best Traditional ML,6
0.017029528,-10.081153,Best Traditional ML,6
-22.54267,-35.160675,Best Traditional ML,6
1.2911996,-9.777574,Best Traditional ML,6
-0.95847976,-10.029338,Best Traditional ML,6
-5.952209,-6.5446577,Best Traditional ML,6
-4.736461,-7.388119,Best Traditional ML,6
-6.067014,-6.5345197,Best Traditional ML,6
-4.874968,-7.1808257,Best Traditional ML,6
0.8669697,-10.039523,Best Traditional ML,6
-22.471657,-35.064713,Best Traditional ML,6
1.4541323,-9.730177,Best Traditional ML,6
-0.6379433,-9.949173,Best Traditional ML,6
-1.0229428,-10.096292,Best Traditional ML,6
-6.4432254,-6.494966,Best Traditional ML,6
-4.762777,-7.2609935,Best Traditional ML,6
0.4125292,-9.877451,Best Traditional ML,6
-22.629519,-35.370594,Best Traditional ML,6
1.3302523,-9.716079,Best Traditional ML,6
0.8128617,-9.914835,Best Traditional ML,6
-0.7302371,-10.0184355,Best Traditional ML,6
-21.397575,-33.097168,Best Traditional ML,6
-6.210153,-6.6142135,Best Traditional ML,6
-4.4176016,-7.3764267,Best Traditional ML,6
0.39899817,-10.139173,Best Traditional ML,6
-22.722698,-35.28862,Best Traditional ML,6
0.9458158,-9.947344,Best Traditional ML,6
-1.0345669,-10.282302,Best Traditional ML,6
-6.4134555,-5.8324633,Best Traditional ML,6
-4.6892557,-7.354206,Best Traditional ML,6
0.07385039,-10.279011,Best Traditional ML,6
-7.0056934,-6.436606,Best Traditional ML,6
-4.917155,-7.2169633,Best Traditional ML,6
-0.045226954,-10.283379,Best Traditional ML,6
-22.738682,-35.297108,Best Traditional ML,6
0.81770396,-10.015069,Best Traditional ML,6
-0.9469883,-10.03458,Best Traditional ML,6
-24.917557,-34.65911,Best Traditional ML,6
-21.524876,-22.788307,Best Traditional ML,6
-24.803762,-19.215284,Best Traditional ML,6
-19.500069,-28.935097,Best Traditional ML,6
-24.812323,-17.31765,Best Traditional ML,6
-23.68409,-16.869646,Best Traditional ML,6
-23.854372,-16.992517,Best Traditional ML,6
-19.570337,-29.03413,Best Traditional ML,6
-25.439564,-18.0355,Best Traditional ML,6
-23.748695,-19.306747,Best Traditional ML,6
-20.232342,-32.014233,Best Traditional ML,6
-19.654266,-23.710081,Best Traditional ML,6
-18.865494,-30.172497,Best Traditional ML,6
-25.973959,-18.715094,Best Traditional ML,6
-22.792835,-22.232908,Best Traditional ML,6
-19.918795,-31.797434,Best Traditional ML,6
-19.34557,-24.042685,Best Traditional ML,6
-26.77864,-19.077051,Best Traditional ML,6
-19.873865,-31.728235,Best Traditional ML,6
-19.625305,-29.010403,Best Traditional ML,6
-26.520262,-18.170492,Best Traditional ML,6
-21.823277,-22.67772,Best Traditional ML,6
-18.465496,-25.718235,Best Traditional ML,6
-27.585978,-18.324162,Best Traditional ML,6
-24.306639,-21.44608,Best Traditional ML,6
-19.77846,-31.677025,Best Traditional ML,6
-18.448933,-25.714191,Best Traditional ML,6
-27.072426,-18.864594,Best Traditional ML,6
-19.027176,-30.399054,Best Traditional ML,6
-25.988813,-24.903484,Best Traditional ML,6
-19.157396,-30.089085,Best Traditional ML,6
-25.863653,-25.012259,Best Traditional ML,6
-21.875383,-23.310633,Best Traditional ML,6
-19.85533,-31.68814,Best Traditional ML,6
-18.887007,-24.475748,Best Traditional ML,6
-27.038858,-18.855818,Best Traditional ML,6
-26.263882,-19.681904,Best Traditional ML,6
-23.012806,-26.516483,Best Traditional ML,6
-25.891026,-18.96942,Best Traditional ML,6
-22.127138,-21.900606,Best Traditional ML,6
-20.20256,-32.015526,Best Traditional ML,6
-19.148918,-24.149618,Best Traditional ML,6
-18.199478,-25.011654,Best Traditional ML,6
-26.459368,-19.231363,Best Traditional ML,6
-20.053722,-31.877613,Best Traditional ML,6
-22.758842,-25.596825,Best Traditional ML,6
-26.36191,-19.148283,Best Traditional ML,6
-21.872038,-23.864723,Best Traditional ML,6
-20.082605,-31.879269,Best Traditional ML,6
-18.86365,-24.19668,Best Traditional ML,6
-25.269016,-19.668701,Best Traditional ML,6
-23.496218,-25.977905,Best Traditional ML,6
-25.955462,-19.023237,Best Traditional ML,6
-22.471079,-22.665724,Best Traditional ML,6
-23.026943,-25.721123,Best Traditional ML,6
-25.873678,-19.212858,Best Traditional ML,6
-21.998476,-22.584322,Best Traditional ML,6
-20.406956,-32.161583,Best Traditional ML,6
-21.187162,-22.062695,Best Traditional ML,6
-25.58891,-19.772985,Best Traditional ML,6
-34.998592,-38.551643,Best Traditional ML,6
-58.10214,-26.650312,Best Traditional ML,6
-89.76776,9.152587,Best Traditional ML,6
-25.219173,-24.895662,Best Traditional ML,6
-54.771328,-27.989632,Best Traditional ML,6
-59.813698,-29.67329,Best Traditional ML,6
-89.61816,9.107655,Best Traditional ML,6
-25.364723,-24.863295,Best Traditional ML,6
-54.512543,-28.102375,Best Traditional ML,6
-90.20058,8.847018,Best Traditional ML,6
-34.998188,-38.5213,Best Traditional ML,6
-90.41211,11.926363,Best Traditional ML,6
-25.28959,-24.711048,Best Traditional ML,6
-56.658245,-25.192608,Best Traditional ML,6
-89.71514,9.405237,Best Traditional ML,6
-35.294727,-38.563805,Best Traditional ML,6
-90.41193,11.919101,Best Traditional ML,6
-57.273617,-27.834005,Best Traditional ML,6
-34.773552,-38.089016,Best Traditional ML,6
-26.81942,-22.70164,Best Traditional ML,6
-54.64293,-27.125618,Best Traditional ML,6
-56.794655,-27.665657,Best Traditional ML,6
-89.143,27.84402,Best Traditional ML,6
-56.74179,-28.595358,Best Traditional ML,6
-55.750694,-27.836426,Best Traditional ML,6
-34.96579,-38.55405,Best Traditional ML,6
-89.148476,27.836996,Best Traditional ML,6
-89.396385,9.276899,Best Traditional ML,6
-25.257607,-25.171808,Best Traditional ML,6
-54.334873,-28.157497,Best Traditional ML,6
-25.490944,-24.18469,Best Traditional ML,6
-53.752384,-27.172382,Best Traditional ML,6
-55.98055,-28.394726,Best Traditional ML,6
-35.29051,-38.547665,Best Traditional ML,6
-89.800415,8.828308,Best Traditional ML,6
-89.35651,8.985029,Best Traditional ML,6
-56.65148,-29.156443,Best Traditional ML,6
-25.259624,-25.185753,Best Traditional ML,6
-55.958344,-27.50344,Best Traditional ML,6
-58.917305,-26.823536,Best Traditional ML,6
-35.066113,-37.75361,Best Traditional ML,6
-89.85277,8.990415,Best Traditional ML,6
-59.006042,-28.080854,Best Traditional ML,6
-89.804756,9.0907,Best Traditional ML,6
-34.94774,-38.50483,Best Traditional ML,6
-26.9014,-22.835175,Best Traditional ML,6
-55.848442,-27.829672,Best Traditional ML,6
-58.93568,-27.816128,Best Traditional ML,6
-35.28856,-38.560753,Best Traditional ML,6
-86.78614,-5.260599,Best Traditional ML,6
-58.072105,-28.623968,Best Traditional ML,6
-24.735512,-25.392658,Best Traditional ML,6
-57.29312,-27.216114,Best Traditional ML,6
-57.85493,-27.066566,Best Traditional ML,6
-26.374138,-22.96662,Best Traditional ML,6
-55.047115,-27.655888,Best Traditional ML,6
-57.844494,-27.829939,Best Traditional ML,6
-35.152317,-38.089527,Best Traditional ML,6
-86.76552,-5.2607656,Best Traditional ML,6
-57.396988,-29.029478,Best Traditional ML,6
-80.42991,43.22229,EEGNet-like Baseline,1
-83.062836,38.08216,EEGNet-like Baseline,1
-81.44437,41.56861,EEGNet-like Baseline,1
-83.0821,38.39215,EEGNet-like Baseline,1
-81.46043,42.292065,EEGNet-like Baseline,1
-78.50994,42.24549,EEGNet-like Baseline,1
-65.81188,0.24485174,EEGNet-like Baseline,1
-78.904106,43.618065,EEGNet-like Baseline,1
-80.5447,42.50415,EEGNet-like Baseline,1
-80.55115,42.48033,EEGNet-like Baseline,1
-83.24161,37.38305,EEGNet-like Baseline,1
-81.4725,41.986626,EEGNet-like Baseline,1
-79.78145,44.347363,EEGNet-like Baseline,1
-65.99237,0.3952226,EEGNet-like Baseline,1
-78.464,43.08137,EEGNet-like Baseline,1
-78.27343,42.733456,EEGNet-like Baseline,1
-80.69991,42.1278,EEGNet-like Baseline,1
-64.72018,-0.12780543,EEGNet-like Baseline,1
-83.04303,38.358486,EEGNet-like Baseline,1
-81.52515,42.01219,EEGNet-like Baseline,1
-79.96916,43.883118,EEGNet-like Baseline,1
-65.928375,0.047035128,EEGNet-like Baseline,1
-79.095055,43.574295,EEGNet-like Baseline,1
-81.10295,41.836563,EEGNet-like Baseline,1
-83.37454,37.665985,EEGNet-like Baseline,1
-81.29484,41.621857,EEGNet-like Baseline,1
-79.79313,44.53775,EEGNet-like Baseline,1
-83.19584,38.649845,EEGNet-like Baseline,1
-81.34993,41.24663,EEGNet-like Baseline,1
-79.72269,44.3829,EEGNet-like Baseline,1
-65.79418,0.4016761,EEGNet-like Baseline,1
-78.00428,46.966675,EEGNet-like Baseline,1
-80.72432,42.686375,EEGNet-like Baseline,1
-62.145153,0.07234892,EEGNet-like Baseline,1
-75.54378,53.141167,EEGNet-like Baseline,1
-80.22066,48.70273,EEGNet-like Baseline,1
-83.22801,37.623055,EEGNet-like Baseline,1
-80.83968,47.679882,EEGNet-like Baseline,1
-77.458176,51.2307,EEGNet-like Baseline,1
-80.003975,48.827953,EEGNet-like Baseline,1
-82.2324,37.628296,EEGNet-like Baseline,1
-82.03502,44.76299,EEGNet-like Baseline,1
-77.10445,49.994987,EEGNet-like Baseline,1
-62.586056,-0.06191804,EEGNet-like Baseline,1
-75.96679,52.92686,EEGNet-like Baseline,1
-82.46682,37.579582,EEGNet-like Baseline,1
-81.87173,45.41177,EEGNet-like Baseline,1
-77.51625,51.275257,EEGNet-like Baseline,1
-64.34438,0.20349869,EEGNet-like Baseline,1
-75.852295,53.056942,EEGNet-like Baseline,1
-80.79742,48.811543,EEGNet-like Baseline,1
-65.27885,0.1837527,EEGNet-like Baseline,1
-81.4547,38.082474,EEGNet-like Baseline,1
-80.7006,46.317165,EEGNet-like Baseline,1
-79.10091,49.65628,EEGNet-like Baseline,1
-76.57185,52.22362,EEGNet-like Baseline,1
-79.92988,48.786232,EEGNet-like Baseline,1
-78.84836,49.51157,EEGNet-like Baseline,1
-66.361725,0.60029006,EEGNet-like Baseline,1
-76.28705,52.619194,EEGNet-like Baseline,1
-80.00803,48.03066,EEGNet-like Baseline,1
-81.818085,38.236496,EEGNet-like Baseline,1
-82.19997,45.52766,EEGNet-like Baseline,1
-82.099464,37.87783,EEGNet-like Baseline,1
-80.560295,46.895073,EEGNet-like Baseline,1
-77.81902,50.526142,EEGNet-like Baseline,1
-65.657745,0.6965476,EEGNet-like Baseline,1
-76.49296,52.91362,EEGNet-like Baseline,1
-79.8979,47.755527,EEGNet-like Baseline,1
-80.47199,49.002308,EEGNet-like Baseline,1
-82.30314,37.484196,EEGNet-like Baseline,1
-82.20843,45.33392,EEGNet-like Baseline,1
-78.096634,49.930347,EEGNet-like Baseline,1
-65.37944,-0.018201781,EEGNet-like Baseline,1
-76.728424,52.9012,EEGNet-like Baseline,1
-76.878746,51.858227,EEGNet-like Baseline,1
-79.210014,49.481186,EEGNet-like Baseline,1
-65.58935,0.082232304,EEGNet-like Baseline,1
-82.04534,39.226105,EEGNet-like Baseline,1
-80.212326,45.834743,EEGNet-like Baseline,1
-78.65259,50.338276,EEGNet-like Baseline,1
-65.837166,0.022901671,EEGNet-like Baseline,1
-76.48422,52.41095,EEGNet-like Baseline,1
-79.59154,47.55245,EEGNet-like Baseline,1
-82.6763,38.090927,EEGNet-like Baseline,1
-80.2487,46.12241,EEGNet-like Baseline,1
-78.61736,50.171085,EEGNet-like Baseline,1
-82.24016,37.759254,EEGNet-like Baseline,1
-81.05556,45.800488,EEGNet-like Baseline,1
-77.75492,50.868988,EEGNet-like Baseline,1
-64.736,-0.04301395,EEGNet-like Baseline,1
-76.43973,52.84051,EEGNet-like Baseline,1
-79.26978,48.32083,EEGNet-like Baseline,1
-80.94865,37.494617,EEGNet-like Baseline,1
-76.51139,52.65145,EEGNet-like Baseline,1
-80.31278,47.18894,EEGNet-like Baseline,1
-82.089424,38.503067,EEGNet-like Baseline,1
-80.965706,45.57105,EEGNet-like Baseline,1
-78.49838,50.47187,EEGNet-like Baseline,1
-79.360435,48.27374,EEGNet-like Baseline,1
-82.1042,38.096516,EEGNet-like Baseline,1
-81.495285,46.119987,EEGNet-like Baseline,1
-77.09552,51.071,EEGNet-like Baseline,1
-65.23895,0.37917113,EEGNet-like Baseline,1
-76.485954,52.330364,EEGNet-like Baseline,1
-82.57873,37.68957,EEGNet-like Baseline,1
-80.15671,46.35796,EEGNet-like Baseline,1
-79.11202,48.658745,EEGNet-like Baseline,1
-64.415886,-0.21879068,EEGNet-like Baseline,1
-76.390564,52.003265,EEGNet-like Baseline,1
-79.78331,47.64574,EEGNet-like Baseline,1
-65.11972,-0.024766602,EEGNet-like Baseline,1
-82.08457,38.49514,EEGNet-like Baseline,1
-80.35476,45.98785,EEGNet-like Baseline,1
-78.602875,49.988228,EEGNet-like Baseline,1
-76.8043,51.304924,EEGNet-like Baseline,1
-80.69754,46.42317,EEGNet-like Baseline,1
-78.00328,49.38273,EEGNet-like Baseline,1
-64.969536,0.19472197,EEGNet-like Baseline,1
-76.60489,51.67422,EEGNet-like Baseline,1
-79.80216,46.937916,EEGNet-like Baseline,1
-83.10818,38.020508,EEGNet-like Baseline,1
-81.08642,44.897484,EEGNet-like Baseline,1
-82.65232,38.16527,EEGNet-like Baseline,1
-80.70606,45.192192,EEGNet-like Baseline,1
-78.54818,48.742626,EEGNet-like Baseline,1
-64.80488,-0.060221456,EEGNet-like Baseline,1
-76.0829,51.05908,EEGNet-like Baseline,1
-80.55636,44.647022,EEGNet-like Baseline,1
-80.52237,45.229294,EEGNet-like Baseline,1
-82.71275,38.553726,EEGNet-like Baseline,1
-81.04617,45.188656,EEGNet-like Baseline,1
-78.61712,49.337128,EEGNet-like Baseline,1
-64.368065,0.034696408,EEGNet-like Baseline,1
-76.40979,51.553936,EEGNet-like Baseline,1
-77.42213,50.270145,EEGNet-like Baseline,1
-81.22611,45.676807,EEGNet-like Baseline,1
-64.414604,-0.15832661,EEGNet-like Baseline,1
-82.96534,38.60205,EEGNet-like Baseline,1
-80.35941,45.22292,EEGNet-like Baseline,1
-78.48907,49.235878,EEGNet-like Baseline,1
-63.816177,0.26806462,EEGNet-like Baseline,1
-75.82677,50.90833,EEGNet-like Baseline,1
-79.60986,47.32399,EEGNet-like Baseline,1
-82.76006,37.644184,EEGNet-like Baseline,1
-81.45184,42.500866,EEGNet-like Baseline,1
-78.31751,48.91372,EEGNet-like Baseline,1
-83.020195,37.697937,EEGNet-like Baseline,1
-81.72081,44.540714,EEGNet-like Baseline,1
-78.67521,48.70909,EEGNet-like Baseline,1
-65.7344,0.15776204,EEGNet-like Baseline,1
-76.26119,51.799675,EEGNet-like Baseline,1
-80.795555,45.522182,EEGNet-like Baseline,1
-58.245377,2.8257885,EEGNet-like Baseline,1
-63.03347,41.69121,EEGNet-like Baseline,1
-55.538456,17.848074,EEGNet-like Baseline,1
-51.90159,4.6685967,EEGNet-like Baseline,1
-56.418163,17.63736,EEGNet-like Baseline,1
-58.034645,27.850437,EEGNet-like Baseline,1
-58.418682,27.612478,EEGNet-like Baseline,1
-58.644085,14.646858,EEGNet-like Baseline,1
-56.860184,18.314276,EEGNet-like Baseline,1
-58.06219,29.6867,EEGNet-like Baseline,1
-57.635967,0.9247203,EEGNet-like Baseline,1
-51.673466,39.05126,EEGNet-like Baseline,1
-52.351093,6.2542114,EEGNet-like Baseline,1
-59.92456,20.793953,EEGNet-like Baseline,1
-55.10563,17.89973,EEGNet-like Baseline,1
-52.166077,4.623914,EEGNet-like Baseline,1
-40.19683,36.16646,EEGNet-like Baseline,1
-58.42488,27.771181,EEGNet-like Baseline,1
-51.614517,2.3131893,EEGNet-like Baseline,1
-60.640366,14.870368,EEGNet-like Baseline,1
-60.26424,20.356606,EEGNet-like Baseline,1
-58.02697,29.92223,EEGNet-like Baseline,1
-57.227673,29.150412,EEGNet-like Baseline,1
-58.660477,29.544134,EEGNet-like Baseline,1
-63.070385,39.875256,EEGNet-like Baseline,1
-58.921787,2.123985,EEGNet-like Baseline,1
-57.682064,43.15621,EEGNet-like Baseline,1
-58.6672,27.52876,EEGNet-like Baseline,1
-62.202522,14.775687,EEGNet-like Baseline,1
-61.45388,23.518,EEGNet-like Baseline,1
-61.920395,14.640815,EEGNet-like Baseline,1
-61.387413,24.914331,EEGNet-like Baseline,1
-62.24792,34.992958,EEGNet-like Baseline,1
-57.75141,0.48040417,EEGNet-like Baseline,1
-63.078213,40.822327,EEGNet-like Baseline,1
-63.514324,29.442707,EEGNet-like Baseline,1
-62.156467,30.933456,EEGNet-like Baseline,1
-62.664814,15.636922,EEGNet-like Baseline,1
-61.34942,26.085667,EEGNet-like Baseline,1
-51.900314,34.500336,EEGNet-like Baseline,1
-57.489395,0.2793979,EEGNet-like Baseline,1
-62.20316,42.47467,EEGNet-like Baseline,1
-62.76428,43.101192,EEGNet-like Baseline,1
-63.273697,39.828426,EEGNet-like Baseline,1
-59.35079,2.782367,EEGNet-like Baseline,1
-59.07529,18.519537,EEGNet-like Baseline,1
-61.805946,26.337883,EEGNet-like Baseline,1
-60.158245,40.07047,EEGNet-like Baseline,1
-58.384445,1.4842184,EEGNet-like Baseline,1
-62.536068,43.153553,EEGNet-like Baseline,1
-61.2583,34.755753,EEGNet-like Baseline,1
-58.978363,18.020193,EEGNet-like Baseline,1
-62.233772,28.5894,EEGNet-like Baseline,1
-60.5519,40.18075,EEGNet-like Baseline,1
-62.054527,17.162573,EEGNet-like Baseline,1
-62.08737,25.326368,EEGNet-like Baseline,1
-61.31341,40.333054,EEGNet-like Baseline,1
-59.24719,2.0763469,EEGNet-like Baseline,1
-63.723866,44.221165,EEGNet-like Baseline,1
-62.748943,34.694237,EEGNet-like Baseline,1
-66.53316,0.6517469,EEGNet-like Baseline,1
-79.08938,50.431618,EEGNet-like Baseline,1
-68.17155,42.54674,EEGNet-like Baseline,1
-61.53913,14.011395,EEGNet-like Baseline,1
-61.72281,23.815945,EEGNet-like Baseline,1
-58.286423,32.62655,EEGNet-like Baseline,1
-58.372677,29.764637,EEGNet-like Baseline,1
-61.240456,14.343764,EEGNet-like Baseline,1
-61.715313,23.874542,EEGNet-like Baseline,1
-58.20331,32.277596,EEGNet-like Baseline,1
-38.892815,-26.765875,EEGNet-like Baseline,1
-58.020687,42.783596,EEGNet-like Baseline,1
-62.131058,12.725163,EEGNet-like Baseline,1
-61.65264,23.52373,EEGNet-like Baseline,1
-64.08925,42.53877,EEGNet-like Baseline,1
-38.62682,-26.04054,EEGNet-like Baseline,1
-61.27204,45.64703,EEGNet-like Baseline,1
-64.20128,30.453312,EEGNet-like Baseline,1
-57.33402,0.024403468,EEGNet-like Baseline,1
-61.24626,14.183252,EEGNet-like Baseline,1
-62.114323,24.38234,EEGNet-like Baseline,1
-61.577034,39.021812,EEGNet-like Baseline,1
-57.901485,42.053276,EEGNet-like Baseline,1
-62.86584,39.91527,EEGNet-like Baseline,1
-51.238983,55.604206,EEGNet-like Baseline,1
-41.182514,-30.282047,EEGNet-like Baseline,1
-61.199776,46.183537,EEGNet-like Baseline,1
-62.530388,34.748726,EEGNet-like Baseline,1
-48.225777,-10.763072,EEGNet-like Baseline,1
-63.95589,29.248913,EEGNet-like Baseline,1
-61.870186,14.279814,EEGNet-like Baseline,1
-61.822323,24.543798,EEGNet-like Baseline,1
-57.962013,41.058613,EEGNet-like Baseline,1
-38.30353,-26.588753,EEGNet-like Baseline,1
-62.08337,48.23731,EEGNet-like Baseline,1
-62.508762,39.618137,EEGNet-like Baseline,1
-63.368546,34.716537,EEGNet-like Baseline,1
-60.885403,14.681893,EEGNet-like Baseline,1
-64.27662,29.348661,EEGNet-like Baseline,1
-57.98034,32.035423,EEGNet-like Baseline,1
-38.469074,-26.435066,EEGNet-like Baseline,1
-61.950615,49.2229,EEGNet-like Baseline,1
-57.586258,42.186222,EEGNet-like Baseline,1
-67.851845,42.68826,EEGNet-like Baseline,1
-39.92538,-26.670603,EEGNet-like Baseline,1
-63.223087,15.589517,EEGNet-like Baseline,1
-64.48368,29.037292,EEGNet-like Baseline,1
-66.35532,45.21478,EEGNet-like Baseline,1
-38.857845,-27.068663,EEGNet-like Baseline,1
-61.90084,51.327133,EEGNet-like Baseline,1
-65.4019,42.81502,EEGNet-like Baseline,1
-63.315468,14.519139,EEGNet-like Baseline,1
-66.066605,33.33918,EEGNet-like Baseline,1
-64.83335,46.824654,EEGNet-like Baseline,1
-63.15231,14.325271,EEGNet-like Baseline,1
-64.904106,30.090755,EEGNet-like Baseline,1
-64.461266,46.577892,EEGNet-like Baseline,1
-39.42139,-26.927631,EEGNet-like Baseline,1
-62.043148,50.86163,EEGNet-like Baseline,1
-66.36317,43.83646,EEGNet-like Baseline,1
-38.53288,-28.471622,EEGNet-like Baseline,1
-62.414696,49.84614,EEGNet-like Baseline,1
-65.318504,40.35305,EEGNet-like Baseline,1
-47.427593,-8.564499,EEGNet-like Baseline,1
-66.36525,35.077854,EEGNet-like Baseline,1
-66.05728,44.172916,EEGNet-like Baseline,1
-64.559586,43.979958,EEGNet-like Baseline,1
-62.81337,14.311713,EEGNet-like Baseline,1
-65.98845,33.57327,EEGNet-like Baseline,1
-64.00944,44.98965,EEGNet-like Baseline,1
-37.064163,-27.495924,EEGNet-like Baseline,1
-62.20771,49.994545,EEGNet-like Baseline,1
-63.108463,15.010188,EEGNet-like Baseline,1
-65.99739,32.87714,EEGNet-like Baseline,1
-64.98633,46.014168,EEGNet-like Baseline,1
-38.25041,-27.524664,EEGNet-like Baseline,1
-62.33309,50.155064,EEGNet-like Baseline,1
-64.76118,44.208374,EEGNet-like Baseline,1
-37.933044,-27.427658,EEGNet-like Baseline,1
-63.596474,15.610948,EEGNet-like Baseline,1
-66.04169,34.219692,EEGNet-like Baseline,1
-64.09429,45.794174,EEGNet-like Baseline,1
-62.35453,49.818928,EEGNet-like Baseline,1
-66.05305,43.974873,EEGNet-like Baseline,1
-64.13522,45.975304,EEGNet-like Baseline,1
-38.61157,-28.645386,EEGNet-like Baseline,1
-62.348812,49.66009,EEGNet-like Baseline,1
-65.043816,43.899982,EEGNet-like Baseline,1
-61.985508,14.158263,EEGNet-like Baseline,1
-66.16601,34.07375,EEGNet-like Baseline,1
-62.948185,14.047215,EEGNet-like Baseline,1
-66.31515,34.76774,EEGNet-like Baseline,1
-64.00906,46.6917,EEGNet-like Baseline,1
-38.381702,-27.84582,EEGNet-like Baseline,1
-62.381016,50.233994,EEGNet-like Baseline,1
-64.58511,44.26753,EEGNet-like Baseline,1
-66.15144,44.047955,EEGNet-like Baseline,1
-63.360687,14.968686,EEGNet-like Baseline,1
-66.10945,33.383965,EEGNet-like Baseline,1
-65.07796,45.50294,EEGNet-like Baseline,1
-38.077427,-27.044394,EEGNet-like Baseline,1
-62.4478,49.594257,EEGNet-like Baseline,1
-62.194004,50.292797,EEGNet-like Baseline,1
-65.364265,43.719543,EEGNet-like Baseline,1
-38.540936,-27.248579,EEGNet-like Baseline,1
-63.83486,15.653238,EEGNet-like Baseline,1
-65.04829,41.92064,EEGNet-like Baseline,1
-63.934258,44.694878,EEGNet-like Baseline,1
-38.364174,-26.690926,EEGNet-like Baseline,1
-62.133156,50.79562,EEGNet-like Baseline,1
-64.230545,43.489708,EEGNet-like Baseline,1
-62.97801,15.202785,EEGNet-like Baseline,1
-66.3058,34.87023,EEGNet-like Baseline,1
-65.14755,44.72912,EEGNet-like Baseline,1
-62.83259,15.507772,EEGNet-like Baseline,1
-65.814926,34.138603,EEGNet-like Baseline,1
-63.199574,45.939823,EEGNet-like Baseline,1
-60.162243,1.4361212,EEGNet-like Baseline,1
-62.125916,49.74761,EEGNet-like Baseline,1
-66.38785,44.20952,EEGNet-like Baseline,1
-60.929794,1.7359555,EEGNet-like Baseline,1
-59.845646,45.613613,EEGNet-like Baseline,1
-58.890476,32.843433,EEGNet-like Baseline,1
-60.127354,14.64251,EEGNet-like Baseline,1
-60.61849,25.266674,EEGNet-like Baseline,1
-58.50534,34.620617,EEGNet-like Baseline,1
-60.616203,32.501007,EEGNet-like Baseline,1
-60.6697,13.973276,EEGNet-like Baseline,1
-61.460655,25.827547,EEGNet-like Baseline,1
-59.37363,33.18586,EEGNet-like Baseline,1
-61.21279,0.6014617,EEGNet-like Baseline,1
-60.03968,43.30546,EEGNet-like Baseline,1
-61.79988,17.01074,EEGNet-like Baseline,1
-60.95993,25.688072,EEGNet-like Baseline,1
-60.59372,33.67367,EEGNet-like Baseline,1
-60.775467,1.5696049,EEGNet-like Baseline,1
-59.254032,43.807697,EEGNet-like Baseline,1
-59.204502,32.657185,EEGNet-like Baseline,1
-60.93015,0.8245063,EEGNet-like Baseline,1
-61.408546,17.053518,EEGNet-like Baseline,1
-61.529896,26.892454,EEGNet-like Baseline,1
-60.765747,33.34967,EEGNet-like Baseline,1
-59.1212,42.89938,EEGNet-like Baseline,1
-59.61199,31.7189,EEGNet-like Baseline,1
-58.60204,34.640434,EEGNet-like Baseline,1
-60.424942,0.35940784,EEGNet-like Baseline,1
-59.545753,42.296703,EEGNet-like Baseline,1
-59.54234,31.897085,EEGNet-like Baseline,1
-60.649284,16.3123,EEGNet-like Baseline,1
-61.240364,25.822649,EEGNet-like Baseline,1
-60.54939,16.024164,EEGNet-like Baseline,1
-62.286346,27.800825,EEGNet-like Baseline,1
-59.798813,33.747807,EEGNet-like Baseline,1
-59.921665,-0.4915562,EEGNet-like Baseline,1
-58.952866,44.068645,EEGNet-like Baseline,1
-59.679405,32.258118,EEGNet-like Baseline,1
-58.68573,29.985008,EEGNet-like Baseline,1
-60.512226,15.312785,EEGNet-like Baseline,1
-61.87345,25.337627,EEGNet-like Baseline,1
-58.774235,40.262383,EEGNet-like Baseline,1
-59.53497,-0.4980999,EEGNet-like Baseline,1
-59.40002,43.648785,EEGNet-like Baseline,1
-61.66607,42.92597,EEGNet-like Baseline,1
-61.636433,34.17272,EEGNet-like Baseline,1
-61.464043,-0.065463476,EEGNet-like Baseline,1
-61.134865,15.127603,EEGNet-like Baseline,1
-63.172394,26.80372,EEGNet-like Baseline,1
-59.711834,39.884434,EEGNet-like Baseline,1
-60.312344,1.0396985,EEGNet-like Baseline,1
-59.477585,44.316574,EEGNet-like Baseline,1
-61.131554,33.332275,EEGNet-like Baseline,1
-61.24501,15.799037,EEGNet-like Baseline,1
-61.64564,26.692007,EEGNet-like Baseline,1
-60.292007,39.977715,EEGNet-like Baseline,1
-61.027557,16.488007,EEGNet-like Baseline,1
-61.89218,26.79899,EEGNet-like Baseline,1
-60.04939,39.657944,EEGNet-like Baseline,1
-61.18459,0.31445062,EEGNet-like Baseline,1
-59.143517,44.16883,EEGNet-like Baseline,1
-59.6059,31.60705,EEGNet-like Baseline,1
-61.043274,0.3175776,EEGNet-like Baseline,1
-60.15149,46.03409,EEGNet-like Baseline,1
-60.726566,33.152634,EEGNet-like Baseline,1
-60.558086,14.613342,EEGNet-like Baseline,1
-61.00444,27.252773,EEGNet-like Baseline,1
-59.01334,40.048885,EEGNet-like Baseline,1
-59.702324,32.9055,EEGNet-like Baseline,1
-61.15913,16.617949,EEGNet-like Baseline,1
-62.305264,27.31645,EEGNet-like Baseline,1
-58.673286,42.188107,EEGNet-like Baseline,1
-60.335556,0.3602258,EEGNet-like Baseline,1
-62.213375,44.65772,EEGNet-like Baseline,1
-61.849937,16.341505,EEGNet-like Baseline,1
-63.092064,28.829866,EEGNet-like Baseline,1
-61.137474,40.33545,EEGNet-like Baseline,1
-59.115612,-0.47532278,EEGNet-like Baseline,1
-60.86081,45.757816,EEGNet-like Baseline,1
-62.240593,33.819252,EEGNet-like Baseline,1
-37.402874,-26.5273,EEGNet-like Baseline,1
-62.606297,15.980843,EEGNet-like Baseline,1
-63.76989,28.679712,EEGNet-like Baseline,1
-57.74321,40.628864,EEGNet-like Baseline,1
-60.012836,45.23642,EEGNet-like Baseline,1
-61.318745,32.041203,EEGNet-like Baseline,1
-60.219994,40.46925,EEGNet-like Baseline,1
-60.63848,0.035444696,EEGNet-like Baseline,1
-60.944347,46.05657,EEGNet-like Baseline,1
-61.81639,32.610374,EEGNet-like Baseline,1
-62.07784,16.288149,EEGNet-like Baseline,1
-62.706562,28.840775,EEGNet-like Baseline,1
-61.26559,15.698029,EEGNet-like Baseline,1
-62.255947,28.558466,EEGNet-like Baseline,1
-58.530388,40.62804,EEGNet-like Baseline,1
-61.40863,-0.23586658,EEGNet-like Baseline,1
-60.625706,45.726448,EEGNet-like Baseline,1
-62.05672,33.55433,EEGNet-like Baseline,1
-62.40431,31.930798,EEGNet-like Baseline,1
-61.813786,16.45725,EEGNet-like Baseline,1
-62.55769,27.648802,EEGNet-like Baseline,1
-58.00397,40.687504,EEGNet-like Baseline,1
-61.41926,0.054856006,EEGNet-like Baseline,1
-61.620213,46.517963,EEGNet-like Baseline,1
-61.10872,45.94103,EEGNet-like Baseline,1
-62.10033,33.823105,EEGNet-like Baseline,1
-60.924274,0.11417238,EEGNet-like Baseline,1
-61.43546,15.737833,EEGNet-like Baseline,1
-62.02169,29.700874,EEGNet-like Baseline,1
-59.346096,41.168163,EEGNet-like Baseline,1
-60.85683,0.035042465,EEGNet-like Baseline,1
-60.72118,46.307915,EEGNet-like Baseline,1
-61.19309,34.174976,EEGNet-like Baseline,1
-61.67821,16.728582,EEGNet-like Baseline,1
-62.76524,29.22316,EEGNet-like Baseline,1
-58.602894,40.276672,EEGNet-like Baseline,1
-61.703102,16.577488,EEGNet-like Baseline,1
-61.802425,26.513187,EEGNet-like Baseline,1
-58.63109,40.004353,EEGNet-like Baseline,1
-60.962296,0.24962108,EEGNet-like Baseline,1
-60.263596,45.70582,EEGNet-like Baseline,1
-60.831432,33.07317,EEGNet-like Baseline,1
-60.23786,2.8275332,EEGNet-like Baseline,1
-60.84754,49.180023,EEGNet-like Baseline,1
-62.21858,42.48152,EEGNet-like Baseline,1
-59.457413,18.175861,EEGNet-like Baseline,1
-60.86146,30.948185,EEGNet-like Baseline,1
-59.99665,47.292995,EEGNet-like Baseline,1
-58.364574,41.574898,EEGNet-like Baseline,1
-63.49721,25.219862,EEGNet-like Baseline,1
-63.43586,31.46026,EEGNet-like Baseline,1
-61.91994,44.37925,EEGNet-like Baseline,1
-59.893627,2.4161718,EEGNet-like Baseline,1
-61.34706,49.26049,EEGNet-like Baseline,1
-59.005,20.146545,EEGNet-like Baseline,1
-60.08061,30.658043,EEGNet-like Baseline,1
-58.51294,43.707382,EEGNet-like Baseline,1
-58.84973,1.9664055,EEGNet-like Baseline,1
-59.93311,46.842823,EEGNet-like Baseline,1
-62.80506,41.920578,EEGNet-like Baseline,1
-57.967705,1.1476624,EEGNet-like Baseline,1
-59.517326,18.897732,EEGNet-like Baseline,1
-59.55833,30.424587,EEGNet-like Baseline,1
-58.377785,43.74147,EEGNet-like Baseline,1
-59.60543,47.544846,EEGNet-like Baseline,1
-62.54019,41.697697,EEGNet-like Baseline,1
-62.002747,44.898457,EEGNet-like Baseline,1
-59.484066,2.8470864,EEGNet-like Baseline,1
-59.868713,47.777927,EEGNet-like Baseline,1
-58.90578,43.08504,EEGNet-like Baseline,1
-58.66932,20.945124,EEGNet-like Baseline,1
-60.358208,30.652561,EEGNet-like Baseline,1
-58.963562,19.486952,EEGNet-like Baseline,1
-63.1835,39.669464,EEGNet-like Baseline,1
-59.98253,46.332085,EEGNet-like Baseline,1
-60.427895,3.0877428,EEGNet-like Baseline,1
-60.952545,49.074993,EEGNet-like Baseline,1
-58.665375,43.318302,EEGNet-like Baseline,1
-58.4895,42.96823,EEGNet-like Baseline,1
-59.172676,19.542442,EEGNet-like Baseline,1
-59.453964,30.402586,EEGNet-like Baseline,1
-60.237633,45.939613,EEGNet-like Baseline,1
-59.95318,2.5302172,EEGNet-like Baseline,1
-60.66343,48.654278,EEGNet-like Baseline,1
-59.706535,47.61044,EEGNet-like Baseline,1
-61.655193,42.90073,EEGNet-like Baseline,1
-59.50777,1.8071513,EEGNet-like Baseline,1
-59.262573,21.775532,EEGNet-like Baseline,1
-63.287766,31.182545,EEGNet-like Baseline,1
-59.114674,45.074337,EEGNet-like Baseline,1
-60.97148,17.711294,EEGNet-like Baseline,1
-60.38928,47.769886,EEGNet-like Baseline,1
-61.865063,42.46511,EEGNet-like Baseline,1
-58.521114,21.579824,EEGNet-like Baseline,1
-60.622364,30.78447,EEGNet-like Baseline,1
-62.795235,43.62448,EEGNet-like Baseline,1
-59.098446,21.343897,EEGNet-like Baseline,1
-60.366886,31.134745,EEGNet-like Baseline,1
-60.116093,45.711082,EEGNet-like Baseline,1
-59.77876,2.191988,EEGNet-like Baseline,1
-59.81708,47.96696,EEGNet-like Baseline,1
-61.378372,42.915478,EEGNet-like Baseline,1
56.372215,27.446207,EEGNet-like Baseline,2
20.788202,-40.423252,EEGNet-like Baseline,2
57.22978,27.057554,EEGNet-like Baseline,2
68.16083,18.418663,EEGNet-like Baseline,2
19.92302,-39.35468,EEGNet-like Baseline,2
50.59581,24.94948,EEGNet-like Baseline,2
60.100418,26.807465,EEGNet-like Baseline,2
57.352936,26.41813,EEGNet-like Baseline,2
59.121338,25.490734,EEGNet-like Baseline,2
68.47779,18.084864,EEGNet-like Baseline,2
57.67208,24.74585,EEGNet-like Baseline,2
21.536343,-36.954765,EEGNet-like Baseline,2
59.196114,25.376177,EEGNet-like Baseline,2
68.61361,18.074797,EEGNet-like Baseline,2
50.676662,21.90376,EEGNet-like Baseline,2
68.19866,18.430271,EEGNet-like Baseline,2
50.535385,21.345278,EEGNet-like Baseline,2
68.31777,18.4574,EEGNet-like Baseline,2
57.75063,24.628614,EEGNet-like Baseline,2
21.0084,-39.73134,EEGNet-like Baseline,2
59.951008,25.347727,EEGNet-like Baseline,2
68.86371,17.038078,EEGNet-like Baseline,2
69.01217,17.673815,EEGNet-like Baseline,2
50.290737,20.008087,EEGNet-like Baseline,2
69.09505,18.040682,EEGNet-like Baseline,2
57.105206,23.349964,EEGNet-like Baseline,2
21.415524,-40.41103,EEGNet-like Baseline,2
59.874485,24.729956,EEGNet-like Baseline,2
61.70276,21.56631,EEGNet-like Baseline,2
69.147514,16.506128,EEGNet-like Baseline,2
22.251835,-48.847507,EEGNet-like Baseline,2
50.23797,20.8311,EEGNet-like Baseline,2
69.00774,18.13665,EEGNet-like Baseline,2
58.904087,22.553717,EEGNet-like Baseline,2
19.858282,-40.676086,EEGNet-like Baseline,2
60.126545,25.241673,EEGNet-like Baseline,2
69.951164,16.69065,EEGNet-like Baseline,2
50.31408,19.901787,EEGNet-like Baseline,2
69.05306,17.819231,EEGNet-like Baseline,2
57.532005,22.18219,EEGNet-like Baseline,2
52.3506,19.751421,EEGNet-like Baseline,2
69.04879,17.105352,EEGNet-like Baseline,2
57.053104,20.188711,EEGNet-like Baseline,2
20.78348,-39.083855,EEGNet-like Baseline,2
60.2335,18.742027,EEGNet-like Baseline,2
67.86479,15.5086355,EEGNet-like Baseline,2
21.685705,-48.85756,EEGNet-like Baseline,2
51.05125,-43.518696,EEGNet-like Baseline,2
49.97246,61.81074,EEGNet-like Baseline,2
59.93133,18.814213,EEGNet-like Baseline,2
86.2134,24.623775,EEGNet-like Baseline,2
73.45858,19.548899,EEGNet-like Baseline,2
86.60899,24.968039,EEGNet-like Baseline,2
60.776604,21.195913,EEGNet-like Baseline,2
85.52391,25.439495,EEGNet-like Baseline,2
73.78417,20.224121,EEGNet-like Baseline,2
26.337042,-35.07381,EEGNet-like Baseline,2
78.38298,21.994045,EEGNet-like Baseline,2
59.475418,20.050322,EEGNet-like Baseline,2
82.331955,23.819609,EEGNet-like Baseline,2
73.37092,19.210873,EEGNet-like Baseline,2
25.946728,-33.05443,EEGNet-like Baseline,2
77.906654,22.293531,EEGNet-like Baseline,2
85.703285,23.742554,EEGNet-like Baseline,2
25.255589,-34.12677,EEGNet-like Baseline,2
60.18525,24.259565,EEGNet-like Baseline,2
83.23512,24.571608,EEGNet-like Baseline,2
72.83863,19.55891,EEGNet-like Baseline,2
78.27942,21.550486,EEGNet-like Baseline,2
85.42719,23.296587,EEGNet-like Baseline,2
72.69864,19.069916,EEGNet-like Baseline,2
25.051832,-36.17386,EEGNet-like Baseline,2
77.88951,20.837746,EEGNet-like Baseline,2
84.69812,21.23741,EEGNet-like Baseline,2
57.89251,19.309511,EEGNet-like Baseline,2
82.152,21.431095,EEGNet-like Baseline,2
59.096535,19.017687,EEGNet-like Baseline,2
82.301926,21.74932,EEGNet-like Baseline,2
72.125984,16.724497,EEGNet-like Baseline,2
22.694988,-36.312496,EEGNet-like Baseline,2
72.59014,16.952343,EEGNet-like Baseline,2
83.91328,21.675106,EEGNet-like Baseline,2
84.582535,22.252039,EEGNet-like Baseline,2
58.881016,18.681198,EEGNet-like Baseline,2
81.883354,21.46902,EEGNet-like Baseline,2
72.27027,17.157393,EEGNet-like Baseline,2
21.504568,-40.365936,EEGNet-like Baseline,2
73.97404,18.38885,EEGNet-like Baseline,2
76.80185,19.93751,EEGNet-like Baseline,2
84.86335,21.230442,EEGNet-like Baseline,2
24.831173,-34.71607,EEGNet-like Baseline,2
57.89173,19.746115,EEGNet-like Baseline,2
83.202255,21.912937,EEGNet-like Baseline,2
71.80883,17.243977,EEGNet-like Baseline,2
24.991707,-36.961376,EEGNet-like Baseline,2
76.95361,20.17038,EEGNet-like Baseline,2
83.78135,21.756468,EEGNet-like Baseline,2
58.228268,18.958815,EEGNet-like Baseline,2
83.68023,23.272772,EEGNet-like Baseline,2
72.251884,18.470816,EEGNet-like Baseline,2
58.68862,19.18324,EEGNet-like Baseline,2
83.30676,21.960243,EEGNet-like Baseline,2
72.65466,17.907787,EEGNet-like Baseline,2
25.164568,-34.101696,EEGNet-like Baseline,2
78.30488,20.739075,EEGNet-like Baseline,2
85.48187,22.119965,EEGNet-like Baseline,2
24.093832,-34.677055,EEGNet-like Baseline,2
78.09213,20.655962,EEGNet-like Baseline,2
85.02259,23.157528,EEGNet-like Baseline,2
59.993546,20.113588,EEGNet-like Baseline,2
81.996895,23.37411,EEGNet-like Baseline,2
72.06346,18.958527,EEGNet-like Baseline,2
85.26348,23.354897,EEGNet-like Baseline,2
58.728355,20.800537,EEGNet-like Baseline,2
84.15248,24.310589,EEGNet-like Baseline,2
72.192795,20.108309,EEGNet-like Baseline,2
23.69811,-34.727932,EEGNet-like Baseline,2
78.86566,21.740065,EEGNet-like Baseline,2
58.275894,20.270857,EEGNet-like Baseline,2
83.41737,24.110636,EEGNet-like Baseline,2
72.827446,18.959797,EEGNet-like Baseline,2
25.26468,-35.54377,EEGNet-like Baseline,2
78.35617,21.798573,EEGNet-like Baseline,2
85.96681,23.151455,EEGNet-like Baseline,2
25.006792,-34.175877,EEGNet-like Baseline,2
59.22071,20.915676,EEGNet-like Baseline,2
84.159546,23.907162,EEGNet-like Baseline,2
72.77509,19.276733,EEGNet-like Baseline,2
78.31652,21.37536,EEGNet-like Baseline,2
86.004105,23.346048,EEGNet-like Baseline,2
72.533585,18.48542,EEGNet-like Baseline,2
23.825493,-34.710964,EEGNet-like Baseline,2
78.9248,21.704332,EEGNet-like Baseline,2
85.9517,22.826702,EEGNet-like Baseline,2
59.43005,20.959496,EEGNet-like Baseline,2
84.5251,23.915876,EEGNet-like Baseline,2
59.532383,20.226358,EEGNet-like Baseline,2
84.18465,23.676344,EEGNet-like Baseline,2
72.7855,18.95856,EEGNet-like Baseline,2
22.33735,-40.337196,EEGNet-like Baseline,2
78.86157,21.442291,EEGNet-like Baseline,2
85.88614,22.996502,EEGNet-like Baseline,2
85.99124,22.389908,EEGNet-like Baseline,2
60.05685,20.171091,EEGNet-like Baseline,2
84.648834,22.368855,EEGNet-like Baseline,2
72.85729,18.089666,EEGNet-like Baseline,2
23.193134,-37.585045,EEGNet-like Baseline,2
78.63408,21.062841,EEGNet-like Baseline,2
78.14192,20.794155,EEGNet-like Baseline,2
85.47558,22.364923,EEGNet-like Baseline,2
24.877777,-37.103107,EEGNet-like Baseline,2
57.63309,19.98495,EEGNet-like Baseline,2
84.45629,22.908625,EEGNet-like Baseline,2
72.94401,18.151146,EEGNet-like Baseline,2
23.405949,-35.59829,EEGNet-like Baseline,2
77.82264,21.044584,EEGNet-like Baseline,2
85.932076,22.735115,EEGNet-like Baseline,2
58.439682,20.45715,EEGNet-like Baseline,2
82.79157,23.463097,EEGNet-like Baseline,2
72.7826,18.344244,EEGNet-like Baseline,2
60.13731,20.7553,EEGNet-like Baseline,2
84.40423,23.67738,EEGNet-like Baseline,2
72.39357,18.594814,EEGNet-like Baseline,2
25.466156,-34.159237,EEGNet-like Baseline,2
77.98303,21.260204,EEGNet-like Baseline,2
85.11306,24.307575,EEGNet-like Baseline,2
22.0748,-39.98834,EEGNet-like Baseline,2
79.659,20.43879,EEGNet-like Baseline,2
86.869156,23.729116,EEGNet-like Baseline,2
59.022846,19.097948,EEGNet-like Baseline,2
86.06876,24.175764,EEGNet-like Baseline,2
73.498184,19.249586,EEGNet-like Baseline,2
86.212074,23.647543,EEGNet-like Baseline,2
59.049393,19.960608,EEGNet-like Baseline,2
85.15651,25.656107,EEGNet-like Baseline,2
72.06541,19.800621,EEGNet-like Baseline,2
25.460373,-35.938076,EEGNet-like Baseline,2
76.373695,21.113256,EEGNet-like Baseline,2
58.848167,21.013903,EEGNet-like Baseline,2
81.7256,24.902742,EEGNet-like Baseline,2
72.97066,20.548635,EEGNet-like Baseline,2
24.52264,-36.01353,EEGNet-like Baseline,2
77.92613,22.145775,EEGNet-like Baseline,2
84.772156,25.357906,EEGNet-like Baseline,2
24.581673,-34.904873,EEGNet-like Baseline,2
58.230244,21.530922,EEGNet-like Baseline,2
79.978645,27.124968,EEGNet-like Baseline,2
72.490585,20.22105,EEGNet-like Baseline,2
76.84881,22.205954,EEGNet-like Baseline,2
82.2369,23.887375,EEGNet-like Baseline,2
72.82881,20.132961,EEGNet-like Baseline,2
24.900902,-33.606853,EEGNet-like Baseline,2
74.5764,24.83921,EEGNet-like Baseline,2
84.75263,25.626606,EEGNet-like Baseline,2
60.16674,21.813236,EEGNet-like Baseline,2
80.90695,26.307379,EEGNet-like Baseline,2
59.33766,22.037992,EEGNet-like Baseline,2
81.73574,27.066437,EEGNet-like Baseline,2
71.689964,20.206442,EEGNet-like Baseline,2
24.233452,-33.480244,EEGNet-like Baseline,2
76.62049,22.5984,EEGNet-like Baseline,2
84.205795,25.60404,EEGNet-like Baseline,2
85.01595,24.700405,EEGNet-like Baseline,2
59.943226,21.449213,EEGNet-like Baseline,2
81.84193,26.626913,EEGNet-like Baseline,2
72.00315,20.888794,EEGNet-like Baseline,2
25.116539,-35.00286,EEGNet-like Baseline,2
76.68479,22.419252,EEGNet-like Baseline,2
77.0246,22.37492,EEGNet-like Baseline,2
84.29681,25.832956,EEGNet-like Baseline,2
25.240162,-33.310425,EEGNet-like Baseline,2
58.28577,21.782484,EEGNet-like Baseline,2
83.66131,26.355438,EEGNet-like Baseline,2
71.6912,20.626122,EEGNet-like Baseline,2
23.6139,-38.010006,EEGNet-like Baseline,2
76.84713,22.353983,EEGNet-like Baseline,2
83.7317,24.808527,EEGNet-like Baseline,2
61.023384,21.821518,EEGNet-like Baseline,2
80.89175,25.923838,EEGNet-like Baseline,2
72.92746,20.255228,EEGNet-like Baseline,2
58.360657,21.095455,EEGNet-like Baseline,2
81.799644,27.253754,EEGNet-like Baseline,2
72.12698,20.273207,EEGNet-like Baseline,2
25.139278,-34.80666,EEGNet-like Baseline,2
75.782005,22.79445,EEGNet-like Baseline,2
82.80896,26.477102,EEGNet-like Baseline,2
22.200968,-36.400196,EEGNet-like Baseline,2
75.93555,19.818663,EEGNet-like Baseline,2
85.8143,21.529345,EEGNet-like Baseline,2
58.18629,18.650444,EEGNet-like Baseline,2
85.152504,22.27409,EEGNet-like Baseline,2
71.88631,17.847595,EEGNet-like Baseline,2
86.132774,22.115637,EEGNet-like Baseline,2
59.134575,18.73673,EEGNet-like Baseline,2
84.60196,22.10555,EEGNet-like Baseline,2
70.785515,18.08194,EEGNet-like Baseline,2
22.031979,-36.32481,EEGNet-like Baseline,2
76.634056,21.036196,EEGNet-like Baseline,2
57.125072,19.007904,EEGNet-like Baseline,2
83.56248,23.477169,EEGNet-like Baseline,2
70.9717,19.115797,EEGNet-like Baseline,2
22.114113,-37.10741,EEGNet-like Baseline,2
74.47359,26.22036,EEGNet-like Baseline,2
85.067856,23.667486,EEGNet-like Baseline,2
21.081253,-36.56961,EEGNet-like Baseline,2
56.595848,19.691208,EEGNet-like Baseline,2
78.58393,26.506886,EEGNet-like Baseline,2
70.85237,19.06798,EEGNet-like Baseline,2
78.50018,27.52475,EEGNet-like Baseline,2
83.66986,30.169094,EEGNet-like Baseline,2
71.561935,19.769245,EEGNet-like Baseline,2
22.726118,-36.051655,EEGNet-like Baseline,2
74.359116,26.21818,EEGNet-like Baseline,2
83.2328,29.977898,EEGNet-like Baseline,2
59.903805,21.296682,EEGNet-like Baseline,2
81.19019,28.91164,EEGNet-like Baseline,2
60.344078,23.180023,EEGNet-like Baseline,2
81.37999,29.323315,EEGNet-like Baseline,2
72.30705,24.747702,EEGNet-like Baseline,2
23.789284,-34.638264,EEGNet-like Baseline,2
78.52198,27.657139,EEGNet-like Baseline,2
83.30312,29.442236,EEGNet-like Baseline,2
83.20311,30.3881,EEGNet-like Baseline,2
60.73286,21.552011,EEGNet-like Baseline,2
81.33538,29.133308,EEGNet-like Baseline,2
71.86724,24.778769,EEGNet-like Baseline,2
24.542427,-34.42369,EEGNet-like Baseline,2
79.12873,27.956545,EEGNet-like Baseline,2
79.129265,27.976372,EEGNet-like Baseline,2
83.56276,30.92314,EEGNet-like Baseline,2
24.064,-34.30486,EEGNet-like Baseline,2
57.952423,21.572945,EEGNet-like Baseline,2
82.32902,29.644728,EEGNet-like Baseline,2
73.054474,25.075232,EEGNet-like Baseline,2
21.845943,-36.054485,EEGNet-like Baseline,2
79.19481,27.525743,EEGNet-like Baseline,2
84.01264,30.508926,EEGNet-like Baseline,2
61.459564,23.006605,EEGNet-like Baseline,2
82.850426,30.775553,EEGNet-like Baseline,2
73.3526,25.415956,EEGNet-like Baseline,2
61.73194,23.18627,EEGNet-like Baseline,2
82.30043,29.382637,EEGNet-like Baseline,2
73.1239,25.109163,EEGNet-like Baseline,2
22.407171,-36.507996,EEGNet-like Baseline,2
79.043724,28.117277,EEGNet-like Baseline,2
83.73051,30.521383,EEGNet-like Baseline,2
24.867884,-33.282963,EEGNet-like Baseline,2
79.43686,27.88264,EEGNet-like Baseline,2
84.45453,31.135708,EEGNet-like Baseline,2
60.83461,21.921192,EEGNet-like Baseline,2
82.38192,29.40008,EEGNet-like Baseline,2
72.87843,25.329363,EEGNet-like Baseline,2
83.73154,30.457582,EEGNet-like Baseline,2
59.911392,22.883339,EEGNet-like Baseline,2
82.07606,29.24362,EEGNet-like Baseline,2
72.323135,24.927044,EEGNet-like Baseline,2
24.921846,-33.934944,EEGNet-like Baseline,2
80.40637,28.761034,EEGNet-like Baseline,2
60.682377,22.718172,EEGNet-like Baseline,2
83.05426,30.686104,EEGNet-like Baseline,2
72.386566,24.63596,EEGNet-like Baseline,2
24.325115,-33.497986,EEGNet-like Baseline,2
79.37084,27.913536,EEGNet-like Baseline,2
83.98676,30.968521,EEGNet-like Baseline,2
24.023663,-33.87659,EEGNet-like Baseline,2
60.32026,22.520609,EEGNet-like Baseline,2
82.91221,30.506674,EEGNet-like Baseline,2
73.10288,25.614483,EEGNet-like Baseline,2
80.4191,29.218035,EEGNet-like Baseline,2
83.96737,30.768543,EEGNet-like Baseline,2
73.225845,25.345428,EEGNet-like Baseline,2
24.745388,-33.577347,EEGNet-like Baseline,2
79.42838,28.094055,EEGNet-like Baseline,2
84.00471,30.892551,EEGNet-like Baseline,2
61.23866,22.538593,EEGNet-like Baseline,2
82.69495,29.965212,EEGNet-like Baseline,2
61.001663,22.951323,EEGNet-like Baseline,2
82.29148,30.255472,EEGNet-like Baseline,2
75.32647,26.05393,EEGNet-like Baseline,2
24.177305,-34.10207,EEGNet-like Baseline,2
80.19719,27.838549,EEGNet-like Baseline,2
84.2509,30.79745,EEGNet-like Baseline,2
84.03348,30.9136,EEGNet-like Baseline,2
60.465244,22.140993,EEGNet-like Baseline,2
81.927246,29.661959,EEGNet-like Baseline,2
73.76393,25.25316,EEGNet-like Baseline,2
24.011358,-34.151005,EEGNet-like Baseline,2
79.9193,28.266718,EEGNet-like Baseline,2
79.7012,28.425335,EEGNet-like Baseline,2
84.0156,30.271866,EEGNet-like Baseline,2
23.791395,-34.346535,EEGNet-like Baseline,2
59.817932,22.262777,EEGNet-like Baseline,2
81.99153,29.495602,EEGNet-like Baseline,2
72.091095,24.155088,EEGNet-like Baseline,2
23.766724,-34.116478,EEGNet-like Baseline,2
80.07571,28.629251,EEGNet-like Baseline,2
84.2292,31.037415,EEGNet-like Baseline,2
60.02406,22.374226,EEGNet-like Baseline,2
79.97255,28.46284,EEGNet-like Baseline,2
72.36881,25.027746,EEGNet-like Baseline,2
59.79909,22.047035,EEGNet-like Baseline,2
82.25509,28.768324,EEGNet-like Baseline,2
73.3159,25.131746,EEGNet-like Baseline,2
23.18563,-36.897682,EEGNet-like Baseline,2
78.59811,27.676893,EEGNet-like Baseline,2
84.27428,30.80078,EEGNet-like Baseline,2
18.671146,-40.381073,EEGNet-like Baseline,2
49.538036,33.270054,EEGNet-like Baseline,2
60.03069,28.536366,EEGNet-like Baseline,2
50.854958,24.391016,EEGNet-like Baseline,2
59.49553,28.548817,EEGNet-like Baseline,2
56.454445,27.468712,EEGNet-like Baseline,2
60.237263,28.545168,EEGNet-like Baseline,2
50.85418,24.628088,EEGNet-like Baseline,2
60.264114,28.526924,EEGNet-like Baseline,2
56.429432,27.786633,EEGNet-like Baseline,2
18.764872,-40.201157,EEGNet-like Baseline,2
57.311653,28.539291,EEGNet-like Baseline,2
50.36482,26.901031,EEGNet-like Baseline,2
58.89952,28.583511,EEGNet-like Baseline,2
56.31972,27.561335,EEGNet-like Baseline,2
19.58368,-38.915394,EEGNet-like Baseline,2
58.040726,28.390696,EEGNet-like Baseline,2
68.03243,28.621063,EEGNet-like Baseline,2
20.092278,-37.572784,EEGNet-like Baseline,2
51.003036,23.99426,EEGNet-like Baseline,2
67.98266,27.941027,EEGNet-like Baseline,2
62.71011,26.340845,EEGNet-like Baseline,2
67.13771,27.713934,EEGNet-like Baseline,2
70.03855,28.44708,EEGNet-like Baseline,2
62.898457,26.137262,EEGNet-like Baseline,2
20.319412,-38.45822,EEGNet-like Baseline,2
67.87166,28.098495,EEGNet-like Baseline,2
72.42397,29.160103,EEGNet-like Baseline,2
52.671104,21.424732,EEGNet-like Baseline,2
69.466736,27.616491,EEGNet-like Baseline,2
52.229027,21.5503,EEGNet-like Baseline,2
69.880005,26.90361,EEGNet-like Baseline,2
63.46464,25.908192,EEGNet-like Baseline,2
19.882313,-38.470505,EEGNet-like Baseline,2
68.547104,27.274925,EEGNet-like Baseline,2
73.69661,29.327417,EEGNet-like Baseline,2
73.78877,29.450987,EEGNet-like Baseline,2
52.97219,21.408182,EEGNet-like Baseline,2
72.59858,28.573402,EEGNet-like Baseline,2
63.731133,24.929707,EEGNet-like Baseline,2
19.340652,-38.692604,EEGNet-like Baseline,2
67.82243,26.652565,EEGNet-like Baseline,2
68.96663,26.858774,EEGNet-like Baseline,2
72.85769,27.413977,EEGNet-like Baseline,2
20.701948,-38.621326,EEGNet-like Baseline,2
52.06658,21.778397,EEGNet-like Baseline,2
70.30579,26.627007,EEGNet-like Baseline,2
63.555748,24.963943,EEGNet-like Baseline,2
20.343657,-37.895042,EEGNet-like Baseline,2
68.74404,26.866455,EEGNet-like Baseline,2
73.89239,27.742823,EEGNet-like Baseline,2
52.951847,21.567648,EEGNet-like Baseline,2
69.94431,26.942097,EEGNet-like Baseline,2
63.031406,26.00853,EEGNet-like Baseline,2
52.738243,21.489717,EEGNet-like Baseline,2
70.501434,26.975033,EEGNet-like Baseline,2
63.552876,25.340445,EEGNet-like Baseline,2
20.008442,-38.199055,EEGNet-like Baseline,2
68.240585,27.23358,EEGNet-like Baseline,2
73.516685,27.767338,EEGNet-like Baseline,2
20.92486,-36.894535,EEGNet-like Baseline,2
67.83366,26.781652,EEGNet-like Baseline,2
74.004616,27.620106,EEGNet-like Baseline,2
53.084213,21.224167,EEGNet-like Baseline,2
71.86562,27.353779,EEGNet-like Baseline,2
63.31114,25.555313,EEGNet-like Baseline,2
74.0148,28.340052,EEGNet-like Baseline,2
52.67618,21.371191,EEGNet-like Baseline,2
70.94696,27.889992,EEGNet-like Baseline,2
63.677864,24.993692,EEGNet-like Baseline,2
21.494081,-37.506714,EEGNet-like Baseline,2
69.051605,26.941845,EEGNet-like Baseline,2
52.37537,20.88192,EEGNet-like Baseline,2
71.32699,26.821396,EEGNet-like Baseline,2
64.09276,25.296139,EEGNet-like Baseline,2
20.37628,-37.949753,EEGNet-like Baseline,2
69.82793,27.118881,EEGNet-like Baseline,2
74.84927,29.063505,EEGNet-like Baseline,2
21.705252,-36.95615,EEGNet-like Baseline,2
52.473225,21.829535,EEGNet-like Baseline,2
73.4317,26.842855,EEGNet-like Baseline,2
64.40477,25.409267,EEGNet-like Baseline,2
68.98655,26.701153,EEGNet-like Baseline,2
74.75032,29.500626,EEGNet-like Baseline,2
64.880516,25.612328,EEGNet-like Baseline,2
20.581293,-38.110474,EEGNet-like Baseline,2
67.944984,26.482615,EEGNet-like Baseline,2
74.27377,27.83964,EEGNet-like Baseline,2
52.78157,20.854525,EEGNet-like Baseline,2
72.19394,27.321272,EEGNet-like Baseline,2
52.73527,21.233274,EEGNet-like Baseline,2
73.66322,27.624613,EEGNet-like Baseline,2
64.059616,24.94621,EEGNet-like Baseline,2
21.341505,-36.061073,EEGNet-like Baseline,2
69.553154,26.778809,EEGNet-like Baseline,2
78.2481,29.716038,EEGNet-like Baseline,2
74.3723,27.839079,EEGNet-like Baseline,2
52.952908,20.895624,EEGNet-like Baseline,2
73.622604,27.774168,EEGNet-like Baseline,2
64.68477,25.418608,EEGNet-like Baseline,2
20.557291,-37.548103,EEGNet-like Baseline,2
69.5393,26.935118,EEGNet-like Baseline,2
70.688995,26.78203,EEGNet-like Baseline,2
74.98956,27.94741,EEGNet-like Baseline,2
21.152906,-37.297997,EEGNet-like Baseline,2
52.65304,21.46769,EEGNet-like Baseline,2
74.64373,28.192123,EEGNet-like Baseline,2
64.01261,25.200119,EEGNet-like Baseline,2
20.452175,-37.77649,EEGNet-like Baseline,2
71.85005,26.414824,EEGNet-like Baseline,2
78.71818,29.631102,EEGNet-like Baseline,2
53.268612,21.211811,EEGNet-like Baseline,2
73.616585,27.366587,EEGNet-like Baseline,2
65.27164,25.631678,EEGNet-like Baseline,2
53.550976,20.940954,EEGNet-like Baseline,2
73.71952,27.214453,EEGNet-like Baseline,2
64.42084,25.221462,EEGNet-like Baseline,2
21.41478,-36.46617,EEGNet-like Baseline,2
70.06387,26.908659,EEGNet-like Baseline,2
74.60179,28.921593,EEGNet-like Baseline,2
19.633251,-39.228302,EEGNet-like Baseline,2
61.873184,22.604189,EEGNet-like Baseline,2
78.0258,19.070068,EEGNet-like Baseline,2
50.57621,20.017899,EEGNet-like Baseline,2
72.51614,19.68355,EEGNet-like Baseline,2
60.61976,21.244793,EEGNet-like Baseline,2
77.99393,19.306738,EEGNet-like Baseline,2
54.333782,19.721415,EEGNet-like Baseline,2
74.1314,19.685167,EEGNet-like Baseline,2
59.090576,22.534157,EEGNet-like Baseline,2
25.496471,-35.60492,EEGNet-like Baseline,2
62.262066,22.662506,EEGNet-like Baseline,2
50.57076,20.098553,EEGNet-like Baseline,2
72.49051,20.939922,EEGNet-like Baseline,2
60.162827,21.707102,EEGNet-like Baseline,2
23.648928,-38.366238,EEGNet-like Baseline,2
61.64053,21.915369,EEGNet-like Baseline,2
77.60026,18.595062,EEGNet-like Baseline,2
25.370161,-35.77745,EEGNet-like Baseline,2
52.46243,20.345808,EEGNet-like Baseline,2
72.83376,19.108145,EEGNet-like Baseline,2
58.575054,20.663126,EEGNet-like Baseline,2
71.3632,16.951694,EEGNet-like Baseline,2
77.48545,18.47657,EEGNet-like Baseline,2
58.036232,19.0577,EEGNet-like Baseline,2
23.16417,-39.33467,EEGNet-like Baseline,2
60.663044,18.356016,EEGNet-like Baseline,2
67.11179,13.488155,EEGNet-like Baseline,2
49.652252,18.626463,EEGNet-like Baseline,2
67.04609,14.64388,EEGNet-like Baseline,2
49.546364,18.5395,EEGNet-like Baseline,2
66.18473,13.932187,EEGNet-like Baseline,2
58.14819,17.41729,EEGNet-like Baseline,2
20.99203,-39.203663,EEGNet-like Baseline,2
65.69318,14.34958,EEGNet-like Baseline,2
67.14969,13.41974,EEGNet-like Baseline,2
67.10424,13.407076,EEGNet-like Baseline,2
48.584984,18.01821,EEGNet-like Baseline,2
66.64791,14.13468,EEGNet-like Baseline,2
58.13999,16.729273,EEGNet-like Baseline,2
24.73593,-37.685818,EEGNet-like Baseline,2
65.42086,14.411598,EEGNet-like Baseline,2
65.54269,14.329715,EEGNet-like Baseline,2
67.24455,13.356258,EEGNet-like Baseline,2
25.15891,-35.871666,EEGNet-like Baseline,2
49.582436,18.507793,EEGNet-like Baseline,2
66.70351,14.0223055,EEGNet-like Baseline,2
58.341522,16.428354,EEGNet-like Baseline,2
23.005447,-37.42778,EEGNet-like Baseline,2
65.0849,14.401382,EEGNet-like Baseline,2
67.35972,13.199908,EEGNet-like Baseline,2
49.122562,18.479404,EEGNet-like Baseline,2
66.322014,14.235301,EEGNet-like Baseline,2
58.21864,17.055668,EEGNet-like Baseline,2
50.092037,18.462534,EEGNet-like Baseline,2
66.92408,13.786846,EEGNet-like Baseline,2
58.210136,16.860731,EEGNet-like Baseline,2
20.40196,-39.540455,EEGNet-like Baseline,2
65.312965,14.40742,EEGNet-like Baseline,2
66.97837,13.206805,EEGNet-like Baseline,2
21.426655,-38.70462,EEGNet-like Baseline,2
63.23546,6.61019,EEGNet-like Baseline,2
64.65015,3.5102534,EEGNet-like Baseline,2
57.524265,10.919276,EEGNet-like Baseline,2
64.26839,4.645272,EEGNet-like Baseline,2
63.28064,6.468562,EEGNet-like Baseline,2
64.77785,3.3728309,EEGNet-like Baseline,2
57.15796,11.4966955,EEGNet-like Baseline,2
64.29651,4.537098,EEGNet-like Baseline,2
62.740284,7.476823,EEGNet-like Baseline,2
19.01337,-40.26033,EEGNet-like Baseline,2
63.51213,5.7708745,EEGNet-like Baseline,2
56.973576,11.579904,EEGNet-like Baseline,2
63.403275,6.225975,EEGNet-like Baseline,2
62.79493,7.9718733,EEGNet-like Baseline,2
22.727493,-38.144604,EEGNet-like Baseline,2
63.14808,7.3937993,EEGNet-like Baseline,2
64.64697,3.5339742,EEGNet-like Baseline,2
22.503286,-37.772156,EEGNet-like Baseline,2
57.037453,11.449276,EEGNet-like Baseline,2
63.753277,5.361391,EEGNet-like Baseline,2
62.829723,8.353935,EEGNet-like Baseline,2
63.56241,6.0299153,EEGNet-like Baseline,2
64.61887,3.5649576,EEGNet-like Baseline,2
62.98845,7.8427486,EEGNet-like Baseline,2
22.125353,-38.08264,EEGNet-like Baseline,2
63.14922,7.5514374,EEGNet-like Baseline,2
63.998844,4.4492903,EEGNet-like Baseline,2
57.174564,11.53918,EEGNet-like Baseline,2
64.407845,4.1020513,EEGNet-like Baseline,2
57.129543,11.549248,EEGNet-like Baseline,2
63.696697,5.4818554,EEGNet-like Baseline,2
63.073906,7.7864013,EEGNet-like Baseline,2
22.114355,-38.57521,EEGNet-like Baseline,2
63.12153,7.2573333,EEGNet-like Baseline,2
64.177704,4.1020226,EEGNet-like Baseline,2
64.2921,3.9771497,EEGNet-like Baseline,2
56.99977,11.586436,EEGNet-like Baseline,2
63.961784,4.947454,EEGNet-like Baseline,2
62.9316,8.442419,EEGNet-like Baseline,2
22.432514,-38.04589,EEGNet-like Baseline,2
63.47741,6.5534344,EEGNet-like Baseline,2
63.96452,4.179537,EEGNet-like Baseline,2
64.575,3.6560392,EEGNet-like Baseline,2
21.732597,-38.70521,EEGNet-like Baseline,2
57.199554,11.437976,EEGNet-like Baseline,2
64.397804,4.449179,EEGNet-like Baseline,2
63.174465,7.089327,EEGNet-like Baseline,2
21.381042,-38.82819,EEGNet-like Baseline,2
64.0131,5.16511,EEGNet-like Baseline,2
64.48054,3.8922617,EEGNet-like Baseline,2
56.63723,11.817532,EEGNet-like Baseline,2
63.92375,5.2690907,EEGNet-like Baseline,2
62.701496,9.099397,EEGNet-like Baseline,2
57.15436,11.709235,EEGNet-like Baseline,2
63.833717,5.0195084,EEGNet-like Baseline,2
62.758217,8.963717,EEGNet-like Baseline,2
22.70722,-38.366695,EEGNet-like Baseline,2
63.08317,6.4198313,EEGNet-like Baseline,2
63.04336,4.4448094,EEGNet-like Baseline,2
79.341446,-21.853811,EEGNet-like Baseline,3
60.681377,-37.159798,EEGNet-like Baseline,3
24.241663,-51.721874,EEGNet-like Baseline,3
70.9344,-28.44432,EEGNet-like Baseline,3
83.59572,-20.259417,EEGNet-like Baseline,3
83.73345,-20.12807,EEGNet-like Baseline,3
51.964928,-27.905773,EEGNet-like Baseline,3
78.862495,-22.20103,EEGNet-like Baseline,3
61.45292,-37.039165,EEGNet-like Baseline,3
24.06241,-51.64715,EEGNet-like Baseline,3
71.33567,-27.76432,EEGNet-like Baseline,3
71.16168,-27.470299,EEGNet-like Baseline,3
83.91319,-20.749949,EEGNet-like Baseline,3
23.267265,-51.971066,EEGNet-like Baseline,3
52.192158,-27.339907,EEGNet-like Baseline,3
78.72892,-21.540648,EEGNet-like Baseline,3
61.244537,-36.55643,EEGNet-like Baseline,3
23.114685,-52.321976,EEGNet-like Baseline,3
71.51646,-27.925013,EEGNet-like Baseline,3
84.003136,-20.017546,EEGNet-like Baseline,3
52.081524,-27.312773,EEGNet-like Baseline,3
78.79645,-21.598532,EEGNet-like Baseline,3
61.099346,-36.451473,EEGNet-like Baseline,3
52.598145,-27.564407,EEGNet-like Baseline,3
79.09109,-21.750301,EEGNet-like Baseline,3
61.48783,-36.56481,EEGNet-like Baseline,3
23.838936,-51.333168,EEGNet-like Baseline,3
71.61957,-27.456879,EEGNet-like Baseline,3
83.588135,-20.808977,EEGNet-like Baseline,3
1.5159026,-57.88677,EEGNet-like Baseline,3
58.7026,-41.588097,EEGNet-like Baseline,3
71.859184,-30.659891,EEGNet-like Baseline,3
47.06904,-23.09034,EEGNet-like Baseline,3
72.171326,-29.915493,EEGNet-like Baseline,3
57.763264,-38.866516,EEGNet-like Baseline,3
74.468124,-26.049265,EEGNet-like Baseline,3
46.967823,-23.101522,EEGNet-like Baseline,3
72.38227,-29.338049,EEGNet-like Baseline,3
57.472862,-38.853905,EEGNet-like Baseline,3
20.259266,-50.385323,EEGNet-like Baseline,3
59.088535,-41.120018,EEGNet-like Baseline,3
46.463665,-22.650192,EEGNet-like Baseline,3
58.843044,-41.423805,EEGNet-like Baseline,3
45.46209,-32.94813,EEGNet-like Baseline,3
20.251562,-50.07151,EEGNet-like Baseline,3
58.42498,-40.24469,EEGNet-like Baseline,3
72.701096,-29.260286,EEGNet-like Baseline,3
20.715336,-49.931488,EEGNet-like Baseline,3
45.429398,-26.290468,EEGNet-like Baseline,3
63.914124,-35.79114,EEGNet-like Baseline,3
53.60579,-37.362637,EEGNet-like Baseline,3
60.60371,-39.619728,EEGNet-like Baseline,3
73.26603,-28.336227,EEGNet-like Baseline,3
53.592144,-37.313118,EEGNet-like Baseline,3
21.17127,-49.690937,EEGNet-like Baseline,3
60.192963,-39.707935,EEGNet-like Baseline,3
73.16707,-28.308357,EEGNet-like Baseline,3
45.878895,-26.31705,EEGNet-like Baseline,3
63.588593,-35.957718,EEGNet-like Baseline,3
46.250736,-26.36263,EEGNet-like Baseline,3
63.709126,-35.830837,EEGNet-like Baseline,3
54.03051,-37.72384,EEGNet-like Baseline,3
20.912378,-50.224594,EEGNet-like Baseline,3
60.81945,-39.490154,EEGNet-like Baseline,3
73.46348,-27.27229,EEGNet-like Baseline,3
73.829765,-26.739485,EEGNet-like Baseline,3
46.22988,-26.517078,EEGNet-like Baseline,3
68.56426,-28.192165,EEGNet-like Baseline,3
54.58814,-37.795338,EEGNet-like Baseline,3
21.730532,-49.153164,EEGNet-like Baseline,3
61.02544,-39.424744,EEGNet-like Baseline,3
61.469166,-38.974575,EEGNet-like Baseline,3
73.94032,-26.655176,EEGNet-like Baseline,3
22.67744,-50.205143,EEGNet-like Baseline,3
47.099495,-26.514557,EEGNet-like Baseline,3
68.82496,-28.11685,EEGNet-like Baseline,3
54.716335,-37.832596,EEGNet-like Baseline,3
23.476677,-50.273914,EEGNet-like Baseline,3
61.82607,-38.083042,EEGNet-like Baseline,3
77.24987,-24.125418,EEGNet-like Baseline,3
49.434784,-26.680748,EEGNet-like Baseline,3
72.48472,-27.329706,EEGNet-like Baseline,3
57.332077,-37.780632,EEGNet-like Baseline,3
49.560555,-26.778887,EEGNet-like Baseline,3
72.582344,-27.246302,EEGNet-like Baseline,3
57.77109,-37.7878,EEGNet-like Baseline,3
24.302235,-50.728336,EEGNet-like Baseline,3
63.320732,-36.09847,EEGNet-like Baseline,3
78.587204,-23.01578,EEGNet-like Baseline,3
22.71706,-51.102406,EEGNet-like Baseline,3
69.15376,-29.141571,EEGNet-like Baseline,3
80.91927,-21.069237,EEGNet-like Baseline,3
49.74064,-26.297777,EEGNet-like Baseline,3
77.0843,-22.209711,EEGNet-like Baseline,3
58.2176,-37.421387,EEGNet-like Baseline,3
82.20234,-20.677073,EEGNet-like Baseline,3
50.098568,-27.018667,EEGNet-like Baseline,3
77.6286,-21.684498,EEGNet-like Baseline,3
58.87781,-37.429935,EEGNet-like Baseline,3
23.137644,-51.181843,EEGNet-like Baseline,3
69.56687,-29.213137,EEGNet-like Baseline,3
51.10114,-26.947817,EEGNet-like Baseline,3
77.76054,-22.102156,EEGNet-like Baseline,3
59.436855,-37.191322,EEGNet-like Baseline,3
23.072945,-51.50316,EEGNet-like Baseline,3
69.80597,-29.191652,EEGNet-like Baseline,3
83.14989,-20.263674,EEGNet-like Baseline,3
24.15463,-51.117077,EEGNet-like Baseline,3
51.4718,-26.77638,EEGNet-like Baseline,3
77.5551,-21.504728,EEGNet-like Baseline,3
59.77308,-36.932865,EEGNet-like Baseline,3
70.11793,-28.987812,EEGNet-like Baseline,3
83.37042,-20.012684,EEGNet-like Baseline,3
59.063263,-37.287365,EEGNet-like Baseline,3
24.382507,-51.288307,EEGNet-like Baseline,3
69.91586,-29.42899,EEGNet-like Baseline,3
82.57687,-20.525942,EEGNet-like Baseline,3
51.12678,-26.880217,EEGNet-like Baseline,3
77.72745,-21.583948,EEGNet-like Baseline,3
50.811127,-26.888943,EEGNet-like Baseline,3
77.32048,-21.311579,EEGNet-like Baseline,3
59.133434,-37.22285,EEGNet-like Baseline,3
24.353905,-50.609875,EEGNet-like Baseline,3
70.268364,-29.541355,EEGNet-like Baseline,3
83.48021,-20.415157,EEGNet-like Baseline,3
83.52214,-20.4136,EEGNet-like Baseline,3
51.787872,-26.772795,EEGNet-like Baseline,3
78.13924,-20.861418,EEGNet-like Baseline,3
60.41165,-36.665066,EEGNet-like Baseline,3
24.677584,-51.346214,EEGNet-like Baseline,3
71.09933,-28.573168,EEGNet-like Baseline,3
70.11778,-28.862373,EEGNet-like Baseline,3
82.88656,-21.035135,EEGNet-like Baseline,3
24.190634,-50.503323,EEGNet-like Baseline,3
49.64101,-27.016518,EEGNet-like Baseline,3
76.874695,-22.194979,EEGNet-like Baseline,3
58.536983,-37.544365,EEGNet-like Baseline,3
22.66244,-50.101955,EEGNet-like Baseline,3
62.78453,-36.048824,EEGNet-like Baseline,3
79.188286,-21.959358,EEGNet-like Baseline,3
46.651142,-26.547468,EEGNet-like Baseline,3
71.70977,-26.89424,EEGNet-like Baseline,3
54.90584,-37.905254,EEGNet-like Baseline,3
46.619095,-26.844736,EEGNet-like Baseline,3
70.39528,-27.117918,EEGNet-like Baseline,3
54.62741,-38.07281,EEGNet-like Baseline,3
21.602303,-49.16209,EEGNet-like Baseline,3
61.955833,-38.42384,EEGNet-like Baseline,3
76.283714,-23.632452,EEGNet-like Baseline,3
18.656687,-51.84337,EEGNet-like Baseline,3
58.426384,-41.692856,EEGNet-like Baseline,3
71.00482,-30.732672,EEGNet-like Baseline,3
48.62004,-26.642717,EEGNet-like Baseline,3
70.75701,-29.438505,EEGNet-like Baseline,3
54.94034,-38.471615,EEGNet-like Baseline,3
76.537125,-22.494135,EEGNet-like Baseline,3
46.75452,-27.195051,EEGNet-like Baseline,3
70.53071,-31.178013,EEGNet-like Baseline,3
46.56056,-32.500454,EEGNet-like Baseline,3
21.305815,-51.055214,EEGNet-like Baseline,3
59.398262,-39.61427,EEGNet-like Baseline,3
45.984226,-27.080652,EEGNet-like Baseline,3
70.62569,-31.436405,EEGNet-like Baseline,3
45.994125,-33.011597,EEGNet-like Baseline,3
20.660946,-50.96213,EEGNet-like Baseline,3
59.244877,-39.74603,EEGNet-like Baseline,3
71.836716,-25.982365,EEGNet-like Baseline,3
21.590837,-51.22899,EEGNet-like Baseline,3
46.180073,-27.245235,EEGNet-like Baseline,3
71.264404,-29.311169,EEGNet-like Baseline,3
54.285675,-37.91796,EEGNet-like Baseline,3
61.54403,-39.079132,EEGNet-like Baseline,3
76.4473,-22.817232,EEGNet-like Baseline,3
54.393616,-38.335083,EEGNet-like Baseline,3
21.069286,-50.921097,EEGNet-like Baseline,3
62.12316,-38.694267,EEGNet-like Baseline,3
76.48353,-23.156553,EEGNet-like Baseline,3
46.7494,-27.490137,EEGNet-like Baseline,3
69.69416,-27.907501,EEGNet-like Baseline,3
46.50144,-27.433859,EEGNet-like Baseline,3
69.48653,-27.740019,EEGNet-like Baseline,3
54.254223,-38.291134,EEGNet-like Baseline,3
21.223433,-51.06045,EEGNet-like Baseline,3
62.05584,-38.805424,EEGNet-like Baseline,3
76.56274,-23.461718,EEGNet-like Baseline,3
76.50128,-23.514832,EEGNet-like Baseline,3
46.63511,-27.573868,EEGNet-like Baseline,3
69.47851,-27.54695,EEGNet-like Baseline,3
54.299934,-38.327652,EEGNet-like Baseline,3
21.503363,-49.76894,EEGNet-like Baseline,3
62.18971,-38.758278,EEGNet-like Baseline,3
62.243767,-38.856213,EEGNet-like Baseline,3
76.54535,-23.624468,EEGNet-like Baseline,3
21.70129,-49.517784,EEGNet-like Baseline,3
46.735336,-27.657757,EEGNet-like Baseline,3
69.33106,-27.225897,EEGNet-like Baseline,3
54.37562,-38.18822,EEGNet-like Baseline,3
21.88741,-50.381767,EEGNet-like Baseline,3
61.520195,-39.087307,EEGNet-like Baseline,3
76.52871,-23.509119,EEGNet-like Baseline,3
46.763943,-27.355227,EEGNet-like Baseline,3
69.48906,-27.343645,EEGNet-like Baseline,3
54.36254,-38.625565,EEGNet-like Baseline,3
46.885593,-27.591175,EEGNet-like Baseline,3
69.343475,-27.242783,EEGNet-like Baseline,3
54.292133,-38.283623,EEGNet-like Baseline,3
20.62013,-50.290783,EEGNet-like Baseline,3
62.515816,-38.804314,EEGNet-like Baseline,3
76.42445,-23.575392,EEGNet-like Baseline,3
22.348087,-53.71046,EEGNet-like Baseline,3
59.133595,-41.603012,EEGNet-like Baseline,3
77.04817,-20.573029,EEGNet-like Baseline,3
52.669037,-26.808958,EEGNet-like Baseline,3
84.28119,-18.8704,EEGNet-like Baseline,3
60.12152,-37.265476,EEGNet-like Baseline,3
81.77379,-20.99422,EEGNet-like Baseline,3
52.44589,-27.64852,EEGNet-like Baseline,3
76.08311,-20.88802,EEGNet-like Baseline,3
59.200714,-38.635284,EEGNet-like Baseline,3
22.743902,-53.27821,EEGNet-like Baseline,3
70.69266,-30.180641,EEGNet-like Baseline,3
53.136227,-27.226154,EEGNet-like Baseline,3
75.8017,-20.805725,EEGNet-like Baseline,3
58.266212,-39.24123,EEGNet-like Baseline,3
22.568895,-53.360973,EEGNet-like Baseline,3
70.77861,-31.419525,EEGNet-like Baseline,3
77.67361,-19.915657,EEGNet-like Baseline,3
23.51924,-52.28879,EEGNet-like Baseline,3
52.92789,-28.431803,EEGNet-like Baseline,3
76.19149,-20.917084,EEGNet-like Baseline,3
60.168476,-36.250202,EEGNet-like Baseline,3
70.352356,-28.549263,EEGNet-like Baseline,3
82.817856,-20.749882,EEGNet-like Baseline,3
59.994263,-37.462067,EEGNet-like Baseline,3
23.718273,-51.979713,EEGNet-like Baseline,3
71.51381,-29.82304,EEGNet-like Baseline,3
82.255585,-21.021774,EEGNet-like Baseline,3
51.97945,-27.34911,EEGNet-like Baseline,3
76.62179,-21.098782,EEGNet-like Baseline,3
51.718006,-27.1565,EEGNet-like Baseline,3
77.52021,-21.8914,EEGNet-like Baseline,3
60.17237,-37.16455,EEGNet-like Baseline,3
23.552696,-52.27228,EEGNet-like Baseline,3
70.70243,-29.278782,EEGNet-like Baseline,3
82.60648,-20.827587,EEGNet-like Baseline,3
83.05352,-20.615238,EEGNet-like Baseline,3
51.8806,-27.488295,EEGNet-like Baseline,3
77.5195,-21.334358,EEGNet-like Baseline,3
60.483,-37.187866,EEGNet-like Baseline,3
24.024677,-51.134403,EEGNet-like Baseline,3
70.90399,-28.479322,EEGNet-like Baseline,3
70.2691,-28.098063,EEGNet-like Baseline,3
83.11155,-20.575447,EEGNet-like Baseline,3
23.765047,-50.99753,EEGNet-like Baseline,3
52.713924,-28.05802,EEGNet-like Baseline,3
77.65812,-21.396687,EEGNet-like Baseline,3
60.161438,-37.008965,EEGNet-like Baseline,3
23.308687,-52.38524,EEGNet-like Baseline,3
70.53418,-27.338966,EEGNet-like Baseline,3
84.041916,-20.090311,EEGNet-like Baseline,3
51.63958,-27.957495,EEGNet-like Baseline,3
77.90231,-21.8068,EEGNet-like Baseline,3
60.478157,-36.937656,EEGNet-like Baseline,3
52.131916,-28.33511,EEGNet-like Baseline,3
78.18028,-21.020649,EEGNet-like Baseline,3
60.84194,-37.146034,EEGNet-like Baseline,3
22.810081,-52.74925,EEGNet-like Baseline,3
71.13248,-27.94334,EEGNet-like Baseline,3
84.255554,-20.417747,EEGNet-like Baseline,3
23.380363,-51.711845,EEGNet-like Baseline,3
70.64265,-27.507046,EEGNet-like Baseline,3
83.99729,-20.308458,EEGNet-like Baseline,3
51.679577,-27.841625,EEGNet-like Baseline,3
78.427086,-21.729473,EEGNet-like Baseline,3
61.01093,-36.607906,EEGNet-like Baseline,3
83.757256,-21.06982,EEGNet-like Baseline,3
52.39322,-27.657354,EEGNet-like Baseline,3
78.87542,-21.5153,EEGNet-like Baseline,3
60.36341,-36.40316,EEGNet-like Baseline,3
23.799511,-49.186752,EEGNet-like Baseline,3
70.88518,-28.456482,EEGNet-like Baseline,3
52.089226,-27.986862,EEGNet-like Baseline,3
77.74557,-22.476822,EEGNet-like Baseline,3
60.440594,-37.653103,EEGNet-like Baseline,3
22.941442,-51.84864,EEGNet-like Baseline,3
70.341034,-28.252918,EEGNet-like Baseline,3
84.48611,-20.455442,EEGNet-like Baseline,3
23.792103,-51.74575,EEGNet-like Baseline,3
51.88227,-28.244959,EEGNet-like Baseline,3
78.50527,-21.693415,EEGNet-like Baseline,3
60.26489,-37.184666,EEGNet-like Baseline,3
70.370865,-27.792494,EEGNet-like Baseline,3
83.61422,-21.12634,EEGNet-like Baseline,3
60.718544,-37.414753,EEGNet-like Baseline,3
24.256964,-51.624943,EEGNet-like Baseline,3
70.82015,-27.952568,EEGNet-like Baseline,3
83.81987,-21.040508,EEGNet-like Baseline,3
51.69963,-27.43841,EEGNet-like Baseline,3
78.57533,-21.993513,EEGNet-like Baseline,3
51.749092,-28.138763,EEGNet-like Baseline,3
78.50585,-20.65104,EEGNet-like Baseline,3
61.210987,-37.1333,EEGNet-like Baseline,3
23.870424,-51.10943,EEGNet-like Baseline,3
71.29554,-27.741589,EEGNet-like Baseline,3
83.47081,-21.085142,EEGNet-like Baseline,3
83.90441,-20.452482,EEGNet-like Baseline,3
52.453003,-27.520144,EEGNet-like Baseline,3
79.222244,-21.274796,EEGNet-like Baseline,3
61.28296,-36.66,EEGNet-like Baseline,3
24.521175,-51.432274,EEGNet-like Baseline,3
71.05801,-28.29049,EEGNet-like Baseline,3
71.51249,-28.226452,EEGNet-like Baseline,3
83.89684,-20.897633,EEGNet-like Baseline,3
22.657005,-51.776524,EEGNet-like Baseline,3
52.676357,-28.145828,EEGNet-like Baseline,3
79.19903,-21.150944,EEGNet-like Baseline,3
61.225468,-36.827904,EEGNet-like Baseline,3
24.11812,-51.806393,EEGNet-like Baseline,3
72.02228,-28.662651,EEGNet-like Baseline,3
84.09851,-20.730024,EEGNet-like Baseline,3
51.90253,-27.815012,EEGNet-like Baseline,3
78.90062,-21.847647,EEGNet-like Baseline,3
61.080833,-37.01084,EEGNet-like Baseline,3
52.33835,-28.122406,EEGNet-like Baseline,3
78.60931,-21.162794,EEGNet-like Baseline,3
61.393654,-36.272816,EEGNet-like Baseline,3
23.285513,-51.8955,EEGNet-like Baseline,3
71.4828,-27.584917,EEGNet-like Baseline,3
84.093216,-20.89304,EEGNet-like Baseline,3
2.3469076,-30.558077,EEGNet-like Baseline,4
7.6492066,-57.04517,EEGNet-like Baseline,4
6.1343617,-30.122662,EEGNet-like Baseline,4
1.1116607,-33.911167,EEGNet-like Baseline,4
1.8312756,-34.730324,EEGNet-like Baseline,4
4.4863777,-48.91978,EEGNet-like Baseline,4
0.78994054,-36.971226,EEGNet-like Baseline,4
4.3398485,-30.589628,EEGNet-like Baseline,4
5.651866,-58.468655,EEGNet-like Baseline,4
5.968428,-30.196522,EEGNet-like Baseline,4
5.2616563,-31.038725,EEGNet-like Baseline,4
2.2757478,-34.19439,EEGNet-like Baseline,4
6.084962,-57.759426,EEGNet-like Baseline,4
3.1307724,-48.262802,EEGNet-like Baseline,4
0.25233778,-35.676723,EEGNet-like Baseline,4
3.7094107,-30.62079,EEGNet-like Baseline,4
7.689324,-57.322193,EEGNet-like Baseline,4
5.6184363,-29.273752,EEGNet-like Baseline,4
2.674227,-33.064075,EEGNet-like Baseline,4
4.2775836,-48.340527,EEGNet-like Baseline,4
-0.17595278,-36.2867,EEGNet-like Baseline,4
2.817833,-31.376835,EEGNet-like Baseline,4
4.338007,-49.095646,EEGNet-like Baseline,4
-1.0556579,-36.20146,EEGNet-like Baseline,4
3.4181428,-31.072784,EEGNet-like Baseline,4
5.244384,-56.880592,EEGNet-like Baseline,4
6.151976,-29.84305,EEGNet-like Baseline,4
1.5352081,-32.087986,EEGNet-like Baseline,4
1.4885103,-53.186714,EEGNet-like Baseline,4
-83.73192,37.065716,EEGNet-like Baseline,4
-47.23532,-14.065071,EEGNet-like Baseline,4
-40.2606,-30.849848,EEGNet-like Baseline,4
-47.469795,-14.353898,EEGNet-like Baseline,4
-45.851597,-10.149649,EEGNet-like Baseline,4
-47.08127,-14.464952,EEGNet-like Baseline,4
-40.82196,-30.527254,EEGNet-like Baseline,4
-46.451923,-23.103088,EEGNet-like Baseline,4
-46.80639,-14.433643,EEGNet-like Baseline,4
1.2843524,-52.93427,EEGNet-like Baseline,4
-45.7003,-10.086158,EEGNet-like Baseline,4
-41.112225,-31.60352,EEGNet-like Baseline,4
-42.463787,-23.269268,EEGNet-like Baseline,4
-44.261005,-13.937047,EEGNet-like Baseline,4
1.2414312,-51.659985,EEGNet-like Baseline,4
-44.709644,-10.813341,EEGNet-like Baseline,4
-44.6228,-15.958982,EEGNet-like Baseline,4
0.93842465,-51.860447,EEGNet-like Baseline,4
-40.970314,-32.18278,EEGNet-like Baseline,4
-41.721436,-23.449251,EEGNet-like Baseline,4
-46.090153,-15.733594,EEGNet-like Baseline,4
-45.265186,-12.787793,EEGNet-like Baseline,4
-43.277298,-21.916382,EEGNet-like Baseline,4
-46.45869,-15.773649,EEGNet-like Baseline,4
0.46557024,-52.034485,EEGNet-like Baseline,4
-45.05099,-12.794778,EEGNet-like Baseline,4
-43.70425,-20.574476,EEGNet-like Baseline,4
-40.081738,-30.558678,EEGNet-like Baseline,4
-42.361214,-22.932339,EEGNet-like Baseline,4
-41.25809,-31.93479,EEGNet-like Baseline,4
-46.69861,-22.860497,EEGNet-like Baseline,4
-46.618656,-17.05919,EEGNet-like Baseline,4
0.7713928,-50.76618,EEGNet-like Baseline,4
-45.339134,-13.556488,EEGNet-like Baseline,4
-45.16321,-20.4221,EEGNet-like Baseline,4
-48.690067,-19.945738,EEGNet-like Baseline,4
-40.982784,-31.703064,EEGNet-like Baseline,4
-46.649616,-22.663225,EEGNet-like Baseline,4
-48.973972,-19.625576,EEGNet-like Baseline,4
0.68846005,-50.771084,EEGNet-like Baseline,4
-55.07571,-17.234299,EEGNet-like Baseline,4
-55.13017,-17.168705,EEGNet-like Baseline,4
-48.491116,-19.890732,EEGNet-like Baseline,4
0.27672863,-50.47575,EEGNet-like Baseline,4
-42.059475,-31.912188,EEGNet-like Baseline,4
-45.58089,-22.366678,EEGNet-like Baseline,4
-55.124947,-17.229033,EEGNet-like Baseline,4
0.8897512,-51.704304,EEGNet-like Baseline,4
-55.01749,-17.324997,EEGNet-like Baseline,4
-49.934547,-20.11501,EEGNet-like Baseline,4
-42.34925,-31.388512,EEGNet-like Baseline,4
-48.063618,-22.208075,EEGNet-like Baseline,4
-51.832943,-18.563778,EEGNet-like Baseline,4
-42.81717,-31.943521,EEGNet-like Baseline,4
-49.80578,-21.141071,EEGNet-like Baseline,4
-52.325127,-19.568094,EEGNet-like Baseline,4
1.5587261,-50.962177,EEGNet-like Baseline,4
-54.2281,-17.69309,EEGNet-like Baseline,4
-50.580326,-20.447178,EEGNet-like Baseline,4
1.290686,-50.861275,EEGNet-like Baseline,4
-53.611946,-19.088957,EEGNet-like Baseline,4
-52.28869,-20.990955,EEGNet-like Baseline,4
-42.96893,-32.29132,EEGNet-like Baseline,4
-49.40807,-22.90309,EEGNet-like Baseline,4
-52.998672,-20.591116,EEGNet-like Baseline,4
-52.19665,-21.26014,EEGNet-like Baseline,4
-42.709618,-32.55082,EEGNet-like Baseline,4
-51.30457,-22.043747,EEGNet-like Baseline,4
-53.53676,-20.019444,EEGNet-like Baseline,4
2.352718,-51.491947,EEGNet-like Baseline,4
-54.125347,-18.71669,EEGNet-like Baseline,4
-43.543865,-32.681953,EEGNet-like Baseline,4
-50.726368,-21.720413,EEGNet-like Baseline,4
-53.50365,-20.176958,EEGNet-like Baseline,4
3.0461454,-53.947468,EEGNet-like Baseline,4
-54.13885,-18.955313,EEGNet-like Baseline,4
-52.70804,-20.480211,EEGNet-like Baseline,4
2.870703,-54.490696,EEGNet-like Baseline,4
-1.7043601,-82.25009,EEGNet-like Baseline,4
-50.57382,-21.809914,EEGNet-like Baseline,4
-53.284317,-20.151823,EEGNet-like Baseline,4
-53.86015,-18.378027,EEGNet-like Baseline,4
-52.70092,-20.946585,EEGNet-like Baseline,4
-52.87415,-20.587769,EEGNet-like Baseline,4
-9.3534775,-50.794582,EEGNet-like Baseline,4
-53.922512,-18.344393,EEGNet-like Baseline,4
-50.97609,-20.852694,EEGNet-like Baseline,4
-42.38578,-32.0546,EEGNet-like Baseline,4
-49.803722,-22.49923,EEGNet-like Baseline,4
-42.873283,-32.331356,EEGNet-like Baseline,4
-49.620937,-23.025652,EEGNet-like Baseline,4
-53.458046,-19.864843,EEGNet-like Baseline,4
2.5081573,-51.22203,EEGNet-like Baseline,4
-53.924603,-19.241573,EEGNet-like Baseline,4
-51.758846,-21.06966,EEGNet-like Baseline,4
-51.98732,-21.320246,EEGNet-like Baseline,4
-43.08781,-32.409225,EEGNet-like Baseline,4
-49.5705,-23.092625,EEGNet-like Baseline,4
-53.89714,-19.524693,EEGNet-like Baseline,4
2.1814814,-50.613766,EEGNet-like Baseline,4
-53.21992,-18.66289,EEGNet-like Baseline,4
-51.969112,-20.09954,EEGNet-like Baseline,4
-49.8996,-21.938278,EEGNet-like Baseline,4
1.1704817,-50.915333,EEGNet-like Baseline,4
-42.505398,-32.28203,EEGNet-like Baseline,4
-47.559822,-22.760616,EEGNet-like Baseline,4
-50.957924,-21.766768,EEGNet-like Baseline,4
0.9424172,-51.006474,EEGNet-like Baseline,4
-52.137005,-20.460646,EEGNet-like Baseline,4
-50.132877,-22.126198,EEGNet-like Baseline,4
-41.41548,-32.101307,EEGNet-like Baseline,4
-43.302326,-30.930996,EEGNet-like Baseline,4
-50.39582,-21.533731,EEGNet-like Baseline,4
-40.77369,-31.694853,EEGNet-like Baseline,4
-47.076378,-22.861986,EEGNet-like Baseline,4
-48.64419,-22.03348,EEGNet-like Baseline,4
0.31083423,-50.675453,EEGNet-like Baseline,4
-25.005821,-19.010485,EEGNet-like Baseline,4
-47.719868,-22.5561,EEGNet-like Baseline,4
1.1785529,-52.988873,EEGNet-like Baseline,4
-60.98876,13.19517,EEGNet-like Baseline,4
-41.70462,-22.580605,EEGNet-like Baseline,4
-40.22417,-31.984978,EEGNet-like Baseline,4
-41.884556,-22.875734,EEGNet-like Baseline,4
-46.266052,-16.273037,EEGNet-like Baseline,4
-44.118168,-20.926392,EEGNet-like Baseline,4
-41.0481,-33.117718,EEGNet-like Baseline,4
-44.034527,-23.565342,EEGNet-like Baseline,4
-43.306255,-18.811836,EEGNet-like Baseline,4
1.6893328,-51.640644,EEGNet-like Baseline,4
-43.761677,-17.550222,EEGNet-like Baseline,4
-39.99672,-32.539978,EEGNet-like Baseline,4
-42.38535,-19.994268,EEGNet-like Baseline,4
-43.576412,-18.30111,EEGNet-like Baseline,4
1.0069995,-50.396446,EEGNet-like Baseline,4
-42.618866,-12.905117,EEGNet-like Baseline,4
-44.755505,-21.023973,EEGNet-like Baseline,4
1.4262526,-51.60364,EEGNet-like Baseline,4
-40.18909,-33.01994,EEGNet-like Baseline,4
-43.826935,-21.631739,EEGNet-like Baseline,4
-44.960423,-18.830748,EEGNet-like Baseline,4
-44.96109,-18.458458,EEGNet-like Baseline,4
-44.797,-19.874426,EEGNet-like Baseline,4
-44.765244,-20.691624,EEGNet-like Baseline,4
0.04461377,-49.95814,EEGNet-like Baseline,4
-44.95211,-18.037182,EEGNet-like Baseline,4
-44.456825,-19.620306,EEGNet-like Baseline,4
-39.778408,-32.474632,EEGNet-like Baseline,4
-44.19269,-21.28568,EEGNet-like Baseline,4
-42.910667,-23.384472,EEGNet-like Baseline,4
-44.187004,-21.719202,EEGNet-like Baseline,4
-46.302788,-20.917885,EEGNet-like Baseline,4
-0.31113645,-49.738205,EEGNet-like Baseline,4
-44.08351,-18.43464,EEGNet-like Baseline,4
-46.035343,-19.879904,EEGNet-like Baseline,4
-52.295204,-21.867102,EEGNet-like Baseline,4
-39.524315,-32.574677,EEGNet-like Baseline,4
-44.2856,-23.14864,EEGNet-like Baseline,4
-45.776726,-20.181349,EEGNet-like Baseline,4
-0.12306245,-49.489136,EEGNet-like Baseline,4
-46.449104,-18.820166,EEGNet-like Baseline,4
-45.816265,-19.40365,EEGNet-like Baseline,4
-44.45189,-20.06557,EEGNet-like Baseline,4
0.4047369,-49.39108,EEGNet-like Baseline,4
-40.607788,-33.219185,EEGNet-like Baseline,4
-44.241104,-22.708916,EEGNet-like Baseline,4
-46.932045,-19.743937,EEGNet-like Baseline,4
0.4388744,-49.563248,EEGNet-like Baseline,4
-45.798172,-19.11491,EEGNet-like Baseline,4
-46.51387,-20.291977,EEGNet-like Baseline,4
-39.867535,-32.344547,EEGNet-like Baseline,4
-44.645447,-22.585642,EEGNet-like Baseline,4
-45.785427,-20.134737,EEGNet-like Baseline,4
-39.830288,-32.593784,EEGNet-like Baseline,4
-45.239784,-22.381756,EEGNet-like Baseline,4
-45.98138,-19.359556,EEGNet-like Baseline,4
-0.12080156,-49.69052,EEGNet-like Baseline,4
-47.170498,-19.277454,EEGNet-like Baseline,4
-45.71155,-20.592947,EEGNet-like Baseline,4
3.8813171,-59.277885,EEGNet-like Baseline,4
5.1019096,-24.568182,EEGNet-like Baseline,4
-1.8282094,-33.91757,EEGNet-like Baseline,4
3.3420517,-50.417076,EEGNet-like Baseline,4
-2.0540707,-37.203407,EEGNet-like Baseline,4
-0.9346079,-29.642834,EEGNet-like Baseline,4
-1.823812,-33.253082,EEGNet-like Baseline,4
4.7358556,-52.061962,EEGNet-like Baseline,4
-3.0885546,-35.9157,EEGNet-like Baseline,4
-2.5554216,-29.448566,EEGNet-like Baseline,4
5.356606,-56.93005,EEGNet-like Baseline,4
6.468889,-25.643747,EEGNet-like Baseline,4
5.369833,-53.134937,EEGNet-like Baseline,4
-2.373822,-35.93752,EEGNet-like Baseline,4
-0.6698896,-30.139545,EEGNet-like Baseline,4
5.4729033,-57.352985,EEGNet-like Baseline,4
6.3529058,-25.985332,EEGNet-like Baseline,4
-1.1408648,-33.490555,EEGNet-like Baseline,4
5.69325,-58.788765,EEGNet-like Baseline,4
3.4381921,-49.31463,EEGNet-like Baseline,4
-2.3621912,-36.20599,EEGNet-like Baseline,4
-1.3883218,-29.635424,EEGNet-like Baseline,4
5.7580686,-26.00804,EEGNet-like Baseline,4
-0.12451735,-33.670757,EEGNet-like Baseline,4
0.3127092,-28.618402,EEGNet-like Baseline,4
7.048829,-57.479706,EEGNet-like Baseline,4
6.7846313,-25.52727,EEGNet-like Baseline,4
-1.4530706,-33.003902,EEGNet-like Baseline,4
4.5627046,-50.020905,EEGNet-like Baseline,4
-2.1033626,-36.564934,EEGNet-like Baseline,4
3.1639872,-50.132774,EEGNet-like Baseline,4
-1.5021622,-36.108105,EEGNet-like Baseline,4
1.0400119,-29.10682,EEGNet-like Baseline,4
3.7327843,-56.22471,EEGNet-like Baseline,4
6.680321,-25.800224,EEGNet-like Baseline,4
-0.5750408,-32.39477,EEGNet-like Baseline,4
-0.64481294,-33.36863,EEGNet-like Baseline,4
4.397706,-50.01888,EEGNet-like Baseline,4
-2.1075242,-35.61144,EEGNet-like Baseline,4
1.1076455,-29.301014,EEGNet-like Baseline,4
6.2157383,-57.351353,EEGNet-like Baseline,4
6.9533796,-25.508299,EEGNet-like Baseline,4
5.475872,-25.989395,EEGNet-like Baseline,4
-1.7838386,-32.595844,EEGNet-like Baseline,4
5.756086,-57.581047,EEGNet-like Baseline,4
3.3607538,-48.83345,EEGNet-like Baseline,4
-2.0357594,-35.560577,EEGNet-like Baseline,4
1.4185314,-28.124182,EEGNet-like Baseline,4
5.023471,-56.51276,EEGNet-like Baseline,4
6.9768476,-25.358595,EEGNet-like Baseline,4
-0.7068343,-29.562136,EEGNet-like Baseline,4
3.9798884,-48.76244,EEGNet-like Baseline,4
-1.6214546,-35.689377,EEGNet-like Baseline,4
1.1550959,-27.975275,EEGNet-like Baseline,4
3.5394328,-48.87068,EEGNet-like Baseline,4
-2.7871723,-35.753532,EEGNet-like Baseline,4
1.211336,-27.818577,EEGNet-like Baseline,4
2.4040504,-58.347424,EEGNet-like Baseline,4
7.8073573,-25.599882,EEGNet-like Baseline,4
-2.3767953,-29.435194,EEGNet-like Baseline,4
6.487143,-57.452133,EEGNet-like Baseline,4
6.96886,-26.042944,EEGNet-like Baseline,4
8.909275,-26.07025,EEGNet-like Baseline,4
4.1597877,-49.6565,EEGNet-like Baseline,4
-1.0791774,-35.733818,EEGNet-like Baseline,4
-1.8761683,-28.850382,EEGNet-like Baseline,4
-2.8504739,-29.293938,EEGNet-like Baseline,4
3.3629239,-48.655483,EEGNet-like Baseline,4
-1.4693885,-35.5099,EEGNet-like Baseline,4
1.2435037,-27.83051,EEGNet-like Baseline,4
7.1279364,-56.901714,EEGNet-like Baseline,4
7.196766,-25.184837,EEGNet-like Baseline,4
3.8043964,-49.21256,EEGNet-like Baseline,4
-0.4271086,-35.38578,EEGNet-like Baseline,4
3.4171135,-30.008562,EEGNet-like Baseline,4
7.1669106,-57.755337,EEGNet-like Baseline,4
6.5424714,-26.714842,EEGNet-like Baseline,4
-0.48895714,-32.65624,EEGNet-like Baseline,4
3.9066007,-59.651245,EEGNet-like Baseline,4
3.54908,-48.75366,EEGNet-like Baseline,4
-0.5503297,-36.084232,EEGNet-like Baseline,4
1.1635109,-29.985462,EEGNet-like Baseline,4
5.0743318,-26.851942,EEGNet-like Baseline,4
-0.9043936,-32.104996,EEGNet-like Baseline,4
1.0539911,-30.327868,EEGNet-like Baseline,4
6.9699426,-57.632248,EEGNet-like Baseline,4
1.8997728,-25.206285,EEGNet-like Baseline,4
-0.0110586425,-32.833447,EEGNet-like Baseline,4
4.9963856,-51.500202,EEGNet-like Baseline,4
-2.189936,-36.384438,EEGNet-like Baseline,4
4.791527,-49.889923,EEGNet-like Baseline,4
-1.8605781,-36.161186,EEGNet-like Baseline,4
-1.5928876,-29.2224,EEGNet-like Baseline,4
6.562891,-56.80137,EEGNet-like Baseline,4
6.9705005,-26.899172,EEGNet-like Baseline,4
-1.5236609,-32.696648,EEGNet-like Baseline,4
-0.120333366,-33.280674,EEGNet-like Baseline,4
4.267478,-49.46897,EEGNet-like Baseline,4
-1.2298969,-35.862293,EEGNet-like Baseline,4
1.5646504,-30.037605,EEGNet-like Baseline,4
4.401851,-56.18094,EEGNet-like Baseline,4
5.8369145,-26.030468,EEGNet-like Baseline,4
5.2871976,-26.64398,EEGNet-like Baseline,4
0.45649272,-32.350964,EEGNet-like Baseline,4
5.5119247,-57.027462,EEGNet-like Baseline,4
3.417664,-48.140495,EEGNet-like Baseline,4
-1.1154423,-35.82678,EEGNet-like Baseline,4
1.1914246,-28.068064,EEGNet-like Baseline,4
6.742741,-57.29929,EEGNet-like Baseline,4
5.63004,-27.022528,EEGNet-like Baseline,4
0.15569946,-32.042496,EEGNet-like Baseline,4
4.7430305,-50.43453,EEGNet-like Baseline,4
-1.2068264,-35.57829,EEGNet-like Baseline,4
0.68695354,-30.381191,EEGNet-like Baseline,4
4.4365034,-49.57298,EEGNet-like Baseline,4
-0.7380174,-36.131397,EEGNet-like Baseline,4
3.5430958,-30.457474,EEGNet-like Baseline,4
6.4395866,-57.227467,EEGNet-like Baseline,4
6.248942,-29.822578,EEGNet-like Baseline,4
0.8697213,-33.953514,EEGNet-like Baseline,4
6.942337,-57.286484,EEGNet-like Baseline,4
5.2641263,-28.445356,EEGNet-like Baseline,4
1.2373974,-35.428,EEGNet-like Baseline,4
4.9062767,-48.30225,EEGNet-like Baseline,4
0.28132048,-37.250973,EEGNet-like Baseline,4
2.2564418,-33.794746,EEGNet-like Baseline,4
1.5884429,-34.947117,EEGNet-like Baseline,4
4.5814767,-48.33291,EEGNet-like Baseline,4
0.12861912,-36.15278,EEGNet-like Baseline,4
3.2476518,-33.513527,EEGNet-like Baseline,4
6.3350716,-55.786076,EEGNet-like Baseline,4
2.7498152,-32.244495,EEGNet-like Baseline,4
3.4826474,-47.986954,EEGNet-like Baseline,4
-0.17227428,-37.301918,EEGNet-like Baseline,4
2.6596029,-32.312496,EEGNet-like Baseline,4
5.0370755,-55.883747,EEGNet-like Baseline,4
3.859692,-31.55588,EEGNet-like Baseline,4
2.2152643,-32.757687,EEGNet-like Baseline,4
4.5313044,-57.50258,EEGNet-like Baseline,4
5.099129,-51.20099,EEGNet-like Baseline,4
-1.5104423,-34.38781,EEGNet-like Baseline,4
0.56264687,-31.686712,EEGNet-like Baseline,4
3.3246882,-31.584915,EEGNet-like Baseline,4
0.8490461,-31.895678,EEGNet-like Baseline,4
1.5519502,-32.422493,EEGNet-like Baseline,4
3.5543492,-55.796207,EEGNet-like Baseline,4
5.3679924,-27.959959,EEGNet-like Baseline,4
0.89221555,-33.099667,EEGNet-like Baseline,4
5.145612,-51.149258,EEGNet-like Baseline,4
-0.9648477,-37.514523,EEGNet-like Baseline,4
4.494714,-48.79872,EEGNet-like Baseline,4
-0.024522586,-37.10524,EEGNet-like Baseline,4
2.2736313,-33.291508,EEGNet-like Baseline,4
3.1033158,-57.18806,EEGNet-like Baseline,4
5.911013,-30.501476,EEGNet-like Baseline,4
2.4240463,-34.283127,EEGNet-like Baseline,4
-0.3750778,-37.200165,EEGNet-like Baseline,4
4.5297403,-48.654926,EEGNet-like Baseline,4
-0.22667824,-37.138733,EEGNet-like Baseline,4
2.1418931,-32.490654,EEGNet-like Baseline,4
4.2139544,-55.10937,EEGNet-like Baseline,4
5.099038,-31.528318,EEGNet-like Baseline,4
5.115253,-31.56061,EEGNet-like Baseline,4
3.3522775,-34.155804,EEGNet-like Baseline,4
6.967172,-56.755733,EEGNet-like Baseline,4
3.8328192,-47.541985,EEGNet-like Baseline,4
1.1938521,-35.62136,EEGNet-like Baseline,4
4.8902774,-31.705276,EEGNet-like Baseline,4
6.8106217,-56.696644,EEGNet-like Baseline,4
5.4174833,-31.208683,EEGNet-like Baseline,4
2.385918,-34.50178,EEGNet-like Baseline,4
4.726106,-50.783726,EEGNet-like Baseline,4
1.5987729,-35.5275,EEGNet-like Baseline,4
4.2984276,-32.3613,EEGNet-like Baseline,4
4.551975,-49.251736,EEGNet-like Baseline,4
1.17736,-35.83265,EEGNet-like Baseline,4
4.729472,-31.99292,EEGNet-like Baseline,4
4.487422,-55.924206,EEGNet-like Baseline,4
5.8765817,-30.236334,EEGNet-like Baseline,4
2.91789,-33.472984,EEGNet-like Baseline,4
-16.527342,16.04056,EEGNet-like Baseline,5
-16.534225,16.037796,EEGNet-like Baseline,5
-33.206753,-0.8846191,EEGNet-like Baseline,5
-8.690668,51.15736,EEGNet-like Baseline,5
-9.133237,59.281918,EEGNet-like Baseline,5
-12.540078,19.597033,EEGNet-like Baseline,5
-3.9596293,52.409424,EEGNet-like Baseline,5
-11.23327,39.105846,EEGNet-like Baseline,5
-14.250079,55.190376,EEGNet-like Baseline,5
-18.826061,-3.1175134,EEGNet-like Baseline,5
-8.801527,48.69091,EEGNet-like Baseline,5
-11.82412,38.728455,EEGNet-like Baseline,5
-19.932621,-3.1480715,EEGNet-like Baseline,5
-5.3608766,44.41464,EEGNet-like Baseline,5
-11.212737,21.73431,EEGNet-like Baseline,5
17.872417,62.549103,EEGNet-like Baseline,5
5.103749,46.965744,EEGNet-like Baseline,5
-25.012657,9.778681,EEGNet-like Baseline,5
17.221216,61.45732,EEGNet-like Baseline,5
19.079582,63.87661,EEGNet-like Baseline,5
-26.739687,13.313499,EEGNet-like Baseline,5
-15.226267,14.788285,EEGNet-like Baseline,5
12.7669935,59.921486,EEGNet-like Baseline,5
-5.4147835,43.05858,EEGNet-like Baseline,5
11.439472,57.7183,EEGNet-like Baseline,5
-8.852381,60.51423,EEGNet-like Baseline,5
-7.953496,40.45329,EEGNet-like Baseline,5
-24.250357,9.799803,EEGNet-like Baseline,5
-3.56214,52.119675,EEGNet-like Baseline,5
18.022528,62.912773,EEGNet-like Baseline,5
-17.163986,10.350061,EEGNet-like Baseline,5
11.5237055,58.50914,EEGNet-like Baseline,5
-15.972381,12.533907,EEGNet-like Baseline,5
11.929983,60.07226,EEGNet-like Baseline,5
-8.010869,40.293472,EEGNet-like Baseline,5
-25.219349,12.369121,EEGNet-like Baseline,5
17.055214,61.232132,EEGNet-like Baseline,5
-5.121608,58.376053,EEGNet-like Baseline,5
-9.199009,59.178944,EEGNet-like Baseline,5
-17.400597,10.513049,EEGNet-like Baseline,5
-9.073179,51.12617,EEGNet-like Baseline,5
-11.3988285,34.02835,EEGNet-like Baseline,5
-25.617407,12.165168,EEGNet-like Baseline,5
-2.0713043,59.718082,EEGNet-like Baseline,5
-6.398741,43.07249,EEGNet-like Baseline,5
-9.477626,53.126156,EEGNet-like Baseline,5
-25.403719,12.142098,EEGNet-like Baseline,5
-18.21168,10.445002,EEGNet-like Baseline,5
-4.9843154,53.849815,EEGNet-like Baseline,5
-10.728591,33.16143,EEGNet-like Baseline,5
-25.451073,11.906842,EEGNet-like Baseline,5
-5.5387406,48.692192,EEGNet-like Baseline,5
-8.499354,58.473537,EEGNet-like Baseline,5
-17.826275,10.518974,EEGNet-like Baseline,5
-5.808108,51.992752,EEGNet-like Baseline,5
-10.97979,41.559345,EEGNet-like Baseline,5
-17.987286,10.641808,EEGNet-like Baseline,5
-6.875831,57.16524,EEGNet-like Baseline,5
-11.698796,34.429935,EEGNet-like Baseline,5
-32.145164,-59.825676,EEGNet-like Baseline,5
-5.428212,48.98278,EEGNet-like Baseline,5
-6.531365,57.157326,EEGNet-like Baseline,5
17.94474,-51.538544,EEGNet-like Baseline,5
34.32371,7.275885,EEGNet-like Baseline,5
14.859349,89.25241,EEGNet-like Baseline,5
-21.277342,9.900534,EEGNet-like Baseline,5
11.120162,57.377,EEGNet-like Baseline,5
-10.401355,34.341667,EEGNet-like Baseline,5
18.921043,63.807743,EEGNet-like Baseline,5
-18.936302,9.476787,EEGNet-like Baseline,5
-6.1000595,68.839134,EEGNet-like Baseline,5
-14.747562,31.27208,EEGNet-like Baseline,5
-27.23226,12.842821,EEGNet-like Baseline,5
-10.036273,33.03788,EEGNet-like Baseline,5
-21.633589,10.821577,EEGNet-like Baseline,5
14.93922,58.76739,EEGNet-like Baseline,5
-10.419267,29.708384,EEGNet-like Baseline,5
-27.459766,12.802475,EEGNet-like Baseline,5
-4.408491,48.96725,EEGNet-like Baseline,5
14.231672,61.468807,EEGNet-like Baseline,5
-27.586952,12.954181,EEGNet-like Baseline,5
-19.559544,9.270372,EEGNet-like Baseline,5
-11.90696,55.64865,EEGNet-like Baseline,5
-10.623886,29.901115,EEGNet-like Baseline,5
-4.460736,53.391586,EEGNet-like Baseline,5
16.021341,60.546272,EEGNet-like Baseline,5
-14.2452545,16.116388,EEGNet-like Baseline,5
-30.163488,-62.734436,EEGNet-like Baseline,5
-10.86305,40.809544,EEGNet-like Baseline,5
-6.0752535,58.812252,EEGNet-like Baseline,5
-16.114458,6.8864913,EEGNet-like Baseline,5
14.5761595,60.579727,EEGNet-like Baseline,5
-17.726528,11.594665,EEGNet-like Baseline,5
-4.38111,52.84426,EEGNet-like Baseline,5
-15.855334,32.474003,EEGNet-like Baseline,5
-29.6294,-63.60983,EEGNet-like Baseline,5
-9.346294,55.57501,EEGNet-like Baseline,5
-6.2359247,58.108845,EEGNet-like Baseline,5
-14.628601,55.010548,EEGNet-like Baseline,5
-18.392286,11.340399,EEGNet-like Baseline,5
17.052841,61.21938,EEGNet-like Baseline,5
3.4254167,44.159546,EEGNet-like Baseline,5
-30.044144,-62.833023,EEGNet-like Baseline,5
-7.8676825,45.289925,EEGNet-like Baseline,5
-11.348529,40.038498,EEGNet-like Baseline,5
12.368072,59.562275,EEGNet-like Baseline,5
-28.352673,-64.48069,EEGNet-like Baseline,5
-16.247429,6.723494,EEGNet-like Baseline,5
18.8781,63.91931,EEGNet-like Baseline,5
-12.066804,38.627136,EEGNet-like Baseline,5
-27.71458,-67.01887,EEGNet-like Baseline,5
-13.532215,52.143726,EEGNet-like Baseline,5
13.563631,60.40734,EEGNet-like Baseline,5
-17.170504,6.026537,EEGNet-like Baseline,5
-6.9879923,57.914673,EEGNet-like Baseline,5
-16.95471,31.202295,EEGNet-like Baseline,5
-20.726522,7.8308954,EEGNet-like Baseline,5
-4.7256,55.001705,EEGNet-like Baseline,5
-10.108301,34.63297,EEGNet-like Baseline,5
-27.980955,-65.23281,EEGNet-like Baseline,5
14.969516,58.57249,EEGNet-like Baseline,5
13.232716,69.96418,EEGNet-like Baseline,5
-24.630327,-66.72566,EEGNet-like Baseline,5
-13.695645,51.970356,EEGNet-like Baseline,5
12.724043,70.391655,EEGNet-like Baseline,5
-17.209923,5.957742,EEGNet-like Baseline,5
15.887033,60.501247,EEGNet-like Baseline,5
-11.953714,38.616604,EEGNet-like Baseline,5
17.50581,61.86836,EEGNet-like Baseline,5
-19.185663,4.7204347,EEGNet-like Baseline,5
-9.977978,54.24358,EEGNet-like Baseline,5
-16.75766,42.671455,EEGNet-like Baseline,5
-23.19579,-66.00148,EEGNet-like Baseline,5
-16.959633,45.822105,EEGNet-like Baseline,5
-19.763983,4.7321568,EEGNet-like Baseline,5
-7.659562,54.479416,EEGNet-like Baseline,5
-20.856377,30.76214,EEGNet-like Baseline,5
-27.235281,-65.7649,EEGNet-like Baseline,5
-13.94584,51.883926,EEGNet-like Baseline,5
13.148969,60.200447,EEGNet-like Baseline,5
-23.16491,-66.16532,EEGNet-like Baseline,5
-35.606823,-4.398741,EEGNet-like Baseline,5
-5.119237,58.14854,EEGNet-like Baseline,5
-16.860706,42.652374,EEGNet-like Baseline,5
-12.968596,49.119106,EEGNet-like Baseline,5
-8.28046,55.579544,EEGNet-like Baseline,5
-17.477015,42.49863,EEGNet-like Baseline,5
-24.656675,-66.487526,EEGNet-like Baseline,5
-13.76093,48.70914,EEGNet-like Baseline,5
14.81508,60.826523,EEGNet-like Baseline,5
-19.09416,4.786205,EEGNet-like Baseline,5
11.618621,58.911407,EEGNet-like Baseline,5
-16.732775,6.224643,EEGNet-like Baseline,5
-7.480186,57.613743,EEGNet-like Baseline,5
-16.503685,45.067875,EEGNet-like Baseline,5
-23.532904,-67.62493,EEGNet-like Baseline,5
-14.121516,48.712627,EEGNet-like Baseline,5
12.811333,70.30454,EEGNet-like Baseline,5
17.413464,61.89082,EEGNet-like Baseline,5
-17.48949,5.660981,EEGNet-like Baseline,5
-6.4396315,57.481182,EEGNet-like Baseline,5
-17.449179,42.508,EEGNet-like Baseline,5
-24.67417,-66.56109,EEGNet-like Baseline,5
-7.0452147,60.016827,EEGNet-like Baseline,5
-9.264078,54.505917,EEGNet-like Baseline,5
13.547772,69.6194,EEGNet-like Baseline,5
-28.157839,-64.72058,EEGNet-like Baseline,5
-35.510414,-4.6832023,EEGNet-like Baseline,5
18.76035,64.019966,EEGNet-like Baseline,5
-16.856243,42.897045,EEGNet-like Baseline,5
-28.228544,-64.7179,EEGNet-like Baseline,5
-7.25027,51.765354,EEGNet-like Baseline,5
-5.8264046,59.51452,EEGNet-like Baseline,5
-35.29021,-5.0847692,EEGNet-like Baseline,5
13.77775,69.28352,EEGNet-like Baseline,5
-16.328463,43.931087,EEGNet-like Baseline,5
-35.749012,-4.6876636,EEGNet-like Baseline,5
5.896386,57.177025,EEGNet-like Baseline,5
-16.269176,43.226288,EEGNet-like Baseline,5
-28.438183,-64.28969,EEGNet-like Baseline,5
-13.150104,52.39623,EEGNet-like Baseline,5
-9.006407,59.591198,EEGNet-like Baseline,5
-30.766981,-61.92876,EEGNet-like Baseline,5
-9.507698,40.727524,EEGNet-like Baseline,5
-6.9173408,55.851135,EEGNet-like Baseline,5
-16.714216,13.80716,EEGNet-like Baseline,5
-5.0475774,51.725334,EEGNet-like Baseline,5
-11.527719,31.172918,EEGNet-like Baseline,5
-7.259003,53.753796,EEGNet-like Baseline,5
-17.486742,12.586127,EEGNet-like Baseline,5
-8.18269,50.58376,EEGNet-like Baseline,5
-12.547601,32.027725,EEGNet-like Baseline,5
-30.546732,-62.181637,EEGNet-like Baseline,5
-9.106619,41.021645,EEGNet-like Baseline,5
-18.26658,12.519613,EEGNet-like Baseline,5
-6.6611595,45.39936,EEGNet-like Baseline,5
-11.963335,31.650528,EEGNet-like Baseline,5
-30.367737,-62.371056,EEGNet-like Baseline,5
-9.817603,40.879005,EEGNet-like Baseline,5
-9.738404,51.045185,EEGNet-like Baseline,5
-30.668314,-62.029972,EEGNet-like Baseline,5
-18.101973,12.382907,EEGNet-like Baseline,5
-7.0594506,44.124844,EEGNet-like Baseline,5
-12.353116,32.46414,EEGNet-like Baseline,5
-7.198383,41.288284,EEGNet-like Baseline,5
-9.002363,53.72228,EEGNet-like Baseline,5
-12.69565,31.731165,EEGNet-like Baseline,5
-30.277317,-62.43598,EEGNet-like Baseline,5
-10.059664,41.444363,EEGNet-like Baseline,5
-6.5740275,57.058296,EEGNet-like Baseline,5
-17.550472,12.519771,EEGNet-like Baseline,5
-8.154555,41.95284,EEGNet-like Baseline,5
-16.895533,13.359465,EEGNet-like Baseline,5
-5.300653,53.30773,EEGNet-like Baseline,5
-12.1884365,32.261063,EEGNet-like Baseline,5
-29.843044,-63.03403,EEGNet-like Baseline,5
5.1092033,47.085335,EEGNet-like Baseline,5
-4.943671,55.074043,EEGNet-like Baseline,5
-8.510595,53.86783,EEGNet-like Baseline,5
-17.413515,13.594002,EEGNet-like Baseline,5
-5.2400126,51.72336,EEGNet-like Baseline,5
-12.534726,32.375614,EEGNet-like Baseline,5
-25.74963,-62.969032,EEGNet-like Baseline,5
-6.9888806,44.331963,EEGNet-like Baseline,5
-8.318797,43.107296,EEGNet-like Baseline,5
-4.771012,54.932167,EEGNet-like Baseline,5
-25.914886,-63.262844,EEGNet-like Baseline,5
-17.145452,13.28646,EEGNet-like Baseline,5
-8.3552065,43.496475,EEGNet-like Baseline,5
-11.959822,31.235815,EEGNet-like Baseline,5
-26.081224,-63.453163,EEGNet-like Baseline,5
-6.773366,42.69098,EEGNet-like Baseline,5
-8.640719,46.893772,EEGNet-like Baseline,5
-16.731405,13.946303,EEGNet-like Baseline,5
-7.893845,44.707535,EEGNet-like Baseline,5
-12.065684,32.052055,EEGNet-like Baseline,5
-17.372559,14.5203285,EEGNet-like Baseline,5
-7.1026006,43.758606,EEGNet-like Baseline,5
-11.731428,30.806934,EEGNet-like Baseline,5
-25.68384,-63.16208,EEGNet-like Baseline,5
-9.757268,40.818115,EEGNet-like Baseline,5
-6.8332033,56.6929,EEGNet-like Baseline,5
-25.00074,-63.1811,EEGNet-like Baseline,5
-9.324685,42.10875,EEGNet-like Baseline,5
-7.164832,53.038265,EEGNet-like Baseline,5
-17.727997,12.781188,EEGNet-like Baseline,5
-8.839121,44.015484,EEGNet-like Baseline,5
-12.244991,31.837772,EEGNet-like Baseline,5
-7.1411405,53.090668,EEGNet-like Baseline,5
-18.22913,12.569075,EEGNet-like Baseline,5
-4.5712056,53.957127,EEGNet-like Baseline,5
-11.748678,31.015718,EEGNet-like Baseline,5
-24.875034,-65.27832,EEGNet-like Baseline,5
-8.901937,41.510395,EEGNet-like Baseline,5
-17.272026,12.067023,EEGNet-like Baseline,5
-7.2866516,43.541027,EEGNet-like Baseline,5
-11.437476,31.189758,EEGNet-like Baseline,5
-24.957293,-65.092834,EEGNet-like Baseline,5
-9.443518,44.85303,EEGNet-like Baseline,5
13.226591,69.914696,EEGNet-like Baseline,5
-23.083807,-63.847874,EEGNet-like Baseline,5
-18.110685,11.391629,EEGNet-like Baseline,5
-3.769611,54.760323,EEGNet-like Baseline,5
-12.139107,32.74767,EEGNet-like Baseline,5
-9.872255,40.4602,EEGNet-like Baseline,5
-7.756724,52.65839,EEGNet-like Baseline,5
-16.53353,32.228462,EEGNet-like Baseline,5
-23.673292,-63.535686,EEGNet-like Baseline,5
-9.135469,41.324528,EEGNet-like Baseline,5
-10.284724,50.714394,EEGNet-like Baseline,5
-17.602747,12.431428,EEGNet-like Baseline,5
-7.0680776,50.9414,EEGNet-like Baseline,5
-18.306545,11.632915,EEGNet-like Baseline,5
-7.7048683,50.713245,EEGNet-like Baseline,5
-15.702117,31.875984,EEGNet-like Baseline,5
-23.020773,-63.59231,EEGNet-like Baseline,5
-10.832494,41.416874,EEGNet-like Baseline,5
-7.300083,55.1144,EEGNet-like Baseline,5
-7.3614154,54.732185,EEGNet-like Baseline,5
-18.978664,11.810891,EEGNet-like Baseline,5
-10.53744,49.50301,EEGNet-like Baseline,5
-14.452425,31.201754,EEGNet-like Baseline,5
-24.838383,-64.30648,EEGNet-like Baseline,5
-5.567104,42.925728,EEGNet-like Baseline,5
-16.838213,44.365307,EEGNet-like Baseline,5
-11.028635,51.539513,EEGNet-like Baseline,5
-22.590345,-65.07167,EEGNet-like Baseline,5
-17.946653,10.943044,EEGNet-like Baseline,5
-9.098261,44.71749,EEGNet-like Baseline,5
-15.951431,31.882189,EEGNet-like Baseline,5
-23.411858,-63.880028,EEGNet-like Baseline,5
-11.022332,41.07896,EEGNet-like Baseline,5
-8.863306,49.769062,EEGNet-like Baseline,5
-16.988743,11.915928,EEGNet-like Baseline,5
-7.5914736,44.43955,EEGNet-like Baseline,5
-14.404688,31.93941,EEGNet-like Baseline,5
-16.787321,12.685835,EEGNet-like Baseline,5
-8.478843,43.657784,EEGNet-like Baseline,5
-12.492451,31.596565,EEGNet-like Baseline,5
-22.937838,-64.35009,EEGNet-like Baseline,5
-10.376456,40.550175,EEGNet-like Baseline,5
-9.792187,50.477882,EEGNet-like Baseline,5
-23.390926,-64.16744,EEGNet-like Baseline,5
-9.405897,40.69855,EEGNet-like Baseline,5
-7.752029,53.05321,EEGNet-like Baseline,5
-18.057072,12.3148,EEGNet-like Baseline,5
-8.58757,45.029743,EEGNet-like Baseline,5
-16.021353,31.782526,EEGNet-like Baseline,5
-10.428487,50.10266,EEGNet-like Baseline,5
-18.321424,12.61684,EEGNet-like Baseline,5
-10.283564,49.245884,EEGNet-like Baseline,5
-12.109525,34.158722,EEGNet-like Baseline,5
-23.232756,-65.024536,EEGNet-like Baseline,5
-10.1291,54.50776,EEGNet-like Baseline,5
-16.305233,13.741739,EEGNet-like Baseline,5
-8.996186,55.03737,EEGNet-like Baseline,5
-11.198859,33.587784,EEGNet-like Baseline,5
-24.757475,-65.54369,EEGNet-like Baseline,5
-5.747215,48.847656,EEGNet-like Baseline,5
-6.9252963,58.03892,EEGNet-like Baseline,5
-22.500536,-64.0551,EEGNet-like Baseline,5
-16.514517,12.547195,EEGNet-like Baseline,5
-8.991815,54.428173,EEGNet-like Baseline,5
-10.884136,33.532753,EEGNet-like Baseline,5
-8.656145,43.02966,EEGNet-like Baseline,5
-7.6726885,56.29626,EEGNet-like Baseline,5
-11.0778,33.338028,EEGNet-like Baseline,5
-21.711573,-63.768696,EEGNet-like Baseline,5
-7.1968665,44.887634,EEGNet-like Baseline,5
-6.341256,58.18572,EEGNet-like Baseline,5
-15.698252,11.905839,EEGNet-like Baseline,5
-6.123593,52.73974,EEGNet-like Baseline,5
-16.330824,13.364117,EEGNet-like Baseline,5
-7.616746,55.620613,EEGNet-like Baseline,5
-11.333786,34.159504,EEGNet-like Baseline,5
-22.766815,-64.479485,EEGNet-like Baseline,5
-10.661882,41.724133,EEGNet-like Baseline,5
-7.554955,54.8963,EEGNet-like Baseline,5
-7.307888,57.57093,EEGNet-like Baseline,5
-16.926565,12.323672,EEGNet-like Baseline,5
-4.6483264,53.595722,EEGNet-like Baseline,5
-10.331295,32.98513,EEGNet-like Baseline,5
-22.37982,-63.72698,EEGNet-like Baseline,5
-11.502054,40.722015,EEGNet-like Baseline,5
-11.248974,40.6019,EEGNet-like Baseline,5
-6.822882,52.19743,EEGNet-like Baseline,5
-22.619919,-64.269714,EEGNet-like Baseline,5
-17.898445,10.357684,EEGNet-like Baseline,5
-10.737016,39.512306,EEGNet-like Baseline,5
-14.708617,31.79963,EEGNet-like Baseline,5
-22.30271,-64.62932,EEGNet-like Baseline,5
-10.725867,41.585045,EEGNet-like Baseline,5
-9.052989,49.407963,EEGNet-like Baseline,5
-18.241974,12.264229,EEGNet-like Baseline,5
-10.39142,48.86992,EEGNet-like Baseline,5
-15.872842,31.82219,EEGNet-like Baseline,5
-19.732283,8.950728,EEGNet-like Baseline,5
-11.649549,49.594807,EEGNet-like Baseline,5
-17.033358,31.770754,EEGNet-like Baseline,5
-24.376026,-65.40156,EEGNet-like Baseline,5
-15.313855,42.64493,EEGNet-like Baseline,5
-10.418811,52.10129,EEGNet-like Baseline,5
-30.025959,-63.057587,EEGNet-like Baseline,5
-13.49737,40.885296,EEGNet-like Baseline,5
-13.566791,55.505875,EEGNet-like Baseline,5
-25.085184,15.750508,EEGNet-like Baseline,5
-13.196449,52.716873,EEGNet-like Baseline,5
-14.273611,16.101147,EEGNet-like Baseline,5
16.139841,60.416485,EEGNet-like Baseline,5
-24.738089,14.726284,EEGNet-like Baseline,5
-17.21042,52.670044,EEGNet-like Baseline,5
-22.08369,29.84811,EEGNet-like Baseline,5
-24.567978,11.170688,EEGNet-like Baseline,5
-10.361081,38.984074,EEGNet-like Baseline,5
-28.160828,4.2137294,EEGNet-like Baseline,5
-14.267913,55.563217,EEGNet-like Baseline,5
-21.406158,29.672592,EEGNet-like Baseline,5
-25.064915,11.616036,EEGNet-like Baseline,5
-14.328178,49.205204,EEGNet-like Baseline,5
-16.21196,54.28634,EEGNet-like Baseline,5
-24.88491,11.877232,EEGNet-like Baseline,5
-28.304497,5.213355,EEGNet-like Baseline,5
-17.179947,53.27393,EEGNet-like Baseline,5
-21.912703,29.99307,EEGNet-like Baseline,5
-12.971565,41.193726,EEGNet-like Baseline,5
-15.935729,54.536514,EEGNet-like Baseline,5
-21.912495,29.865597,EEGNet-like Baseline,5
-24.354158,10.547006,EEGNet-like Baseline,5
-18.983686,45.791378,EEGNet-like Baseline,5
-16.557404,54.066734,EEGNet-like Baseline,5
-28.27017,4.6021934,EEGNet-like Baseline,5
-17.190474,53.19156,EEGNet-like Baseline,5
-28.24417,4.4568014,EEGNet-like Baseline,5
-12.347976,50.598972,EEGNet-like Baseline,5
-21.697495,29.756432,EEGNet-like Baseline,5
-24.436867,11.069237,EEGNet-like Baseline,5
-13.476275,41.06828,EEGNet-like Baseline,5
-16.272202,54.3769,EEGNet-like Baseline,5
-16.841625,54.024345,EEGNet-like Baseline,5
-28.070723,5.2483077,EEGNet-like Baseline,5
-7.055095,59.77887,EEGNet-like Baseline,5
-21.644068,29.852905,EEGNet-like Baseline,5
-24.317999,10.336296,EEGNet-like Baseline,5
-18.976553,45.903385,EEGNet-like Baseline,5
-18.978085,45.784855,EEGNet-like Baseline,5
-15.810385,55.049843,EEGNet-like Baseline,5
-24.491257,10.988644,EEGNet-like Baseline,5
-28.284676,4.4179673,EEGNet-like Baseline,5
-6.83056,59.730804,EEGNet-like Baseline,5
-22.420652,30.040941,EEGNet-like Baseline,5
-24.82541,11.844109,EEGNet-like Baseline,5
-6.665322,44.912888,EEGNet-like Baseline,5
-16.291445,54.36243,EEGNet-like Baseline,5
-28.262247,4.2384686,EEGNet-like Baseline,5
-8.775806,53.49134,EEGNet-like Baseline,5
-16.349216,42.443203,EEGNet-like Baseline,5
-28.204826,4.9470444,EEGNet-like Baseline,5
-16.911663,53.632244,EEGNet-like Baseline,5
-21.976013,29.83346,EEGNet-like Baseline,5
-24.423481,10.765131,EEGNet-like Baseline,5
-18.811388,45.743294,EEGNet-like Baseline,5
-14.251285,55.285748,EEGNet-like Baseline,5
-25.368275,-65.74676,EEGNet-like Baseline,5
-28.08954,27.65881,EEGNet-like Baseline,5
-32.377182,46.519276,EEGNet-like Baseline,5
-29.688656,15.701367,EEGNet-like Baseline,5
-32.869476,44.531403,EEGNet-like Baseline,5
-27.891235,25.614635,EEGNet-like Baseline,5
-32.299034,46.882534,EEGNet-like Baseline,5
-29.809092,15.8336115,EEGNet-like Baseline,5
-32.769855,45.18658,EEGNet-like Baseline,5
-27.958387,25.544369,EEGNet-like Baseline,5
-25.905062,-66.13101,EEGNet-like Baseline,5
-28.22318,27.9628,EEGNet-like Baseline,5
-29.981213,15.938597,EEGNet-like Baseline,5
-32.78197,45.01415,EEGNet-like Baseline,5
-28.442095,19.911886,EEGNet-like Baseline,5
-25.559341,-65.95067,EEGNet-like Baseline,5
-27.93385,27.65731,EEGNet-like Baseline,5
-32.231583,46.85486,EEGNet-like Baseline,5
-26.353354,-66.65923,EEGNet-like Baseline,5
-30.213623,16.111303,EEGNet-like Baseline,5
-32.680424,45.46671,EEGNet-like Baseline,5
-27.719471,25.982548,EEGNet-like Baseline,5
-32.899727,44.064247,EEGNet-like Baseline,5
-31.954836,47.53574,EEGNet-like Baseline,5
-27.6654,25.744642,EEGNet-like Baseline,5
-26.158012,-65.99337,EEGNet-like Baseline,5
-32.884537,44.455097,EEGNet-like Baseline,5
-32.00687,47.549713,EEGNet-like Baseline,5
-30.248589,16.167877,EEGNet-like Baseline,5
-32.54201,46.046623,EEGNet-like Baseline,5
-30.17967,16.287321,EEGNet-like Baseline,5
-32.23574,46.65974,EEGNet-like Baseline,5
-27.480303,26.753525,EEGNet-like Baseline,5
-25.615105,-65.63176,EEGNet-like Baseline,5
-32.896202,44.18442,EEGNet-like Baseline,5
-31.957474,47.79311,EEGNet-like Baseline,5
-31.980167,47.693462,EEGNet-like Baseline,5
-30.27692,16.294209,EEGNet-like Baseline,5
-32.422318,46.44944,EEGNet-like Baseline,5
-27.502867,27.002716,EEGNet-like Baseline,5
-24.979866,-64.728035,EEGNet-like Baseline,5
-32.84181,44.72852,EEGNet-like Baseline,5
-32.85681,44.643475,EEGNet-like Baseline,5
-31.924187,47.774418,EEGNet-like Baseline,5
-24.430012,-65.958206,EEGNet-like Baseline,5
-30.181608,16.582214,EEGNet-like Baseline,5
-32.37784,46.640995,EEGNet-like Baseline,5
-27.937563,27.352299,EEGNet-like Baseline,5
-24.842571,-65.92723,EEGNet-like Baseline,5
-32.82617,44.85991,EEGNet-like Baseline,5
-31.833399,47.90236,EEGNet-like Baseline,5
-30.224693,16.348492,EEGNet-like Baseline,5
-32.291183,46.820663,EEGNet-like Baseline,5
-27.675655,26.390394,EEGNet-like Baseline,5
-30.132538,16.687746,EEGNet-like Baseline,5
-32.351448,46.743073,EEGNet-like Baseline,5
-27.856102,27.1413,EEGNet-like Baseline,5
-24.348381,-65.529655,EEGNet-like Baseline,5
-32.70963,45.422718,EEGNet-like Baseline,5
-31.84166,47.962223,EEGNet-like Baseline,5
-22.314255,-64.77054,EEGNet-like Baseline,5
-18.161985,44.869522,EEGNet-like Baseline,5
-11.82227,52.39794,EEGNet-like Baseline,5
-21.695229,5.4019237,EEGNet-like Baseline,5
-15.154611,49.521828,EEGNet-like Baseline,5
-59.776184,24.549402,EEGNet-like Baseline,5
-11.830187,52.168736,EEGNet-like Baseline,5
-21.733164,5.288288,EEGNet-like Baseline,5
-15.198236,49.629807,EEGNet-like Baseline,5
10.60229,-23.987555,EEGNet-like Baseline,5
-25.077776,-66.34037,EEGNet-like Baseline,5
-54.336014,31.932602,EEGNet-like Baseline,5
-21.206503,8.106782,EEGNet-like Baseline,5
-16.380156,46.316456,EEGNet-like Baseline,5
-19.020338,30.92978,EEGNet-like Baseline,5
-22.57947,-64.44158,EEGNet-like Baseline,5
-18.864971,45.039658,EEGNet-like Baseline,5
-11.004901,51.83351,EEGNet-like Baseline,5
-24.19031,-65.94306,EEGNet-like Baseline,5
-20.983082,7.5401754,EEGNet-like Baseline,5
-7.6357646,49.65527,EEGNet-like Baseline,5
-16.80652,31.54533,EEGNet-like Baseline,5
-18.336164,44.8321,EEGNet-like Baseline,5
-11.158987,51.73882,EEGNet-like Baseline,5
-19.075575,30.807837,EEGNet-like Baseline,5
-23.95377,-65.77577,EEGNet-like Baseline,5
-18.608805,44.888035,EEGNet-like Baseline,5
-10.971869,51.66717,EEGNet-like Baseline,5
-21.4059,8.018694,EEGNet-like Baseline,5
-11.763379,49.4253,EEGNet-like Baseline,5
-21.063534,7.0971775,EEGNet-like Baseline,5
-15.800016,47.06936,EEGNet-like Baseline,5
-19.200779,30.76877,EEGNet-like Baseline,5
-23.079157,-65.527855,EEGNet-like Baseline,5
-17.903427,44.548424,EEGNet-like Baseline,5
-11.305795,51.667873,EEGNet-like Baseline,5
-11.496744,51.689285,EEGNet-like Baseline,5
-21.378426,8.215213,EEGNet-like Baseline,5
-10.868741,49.894634,EEGNet-like Baseline,5
-18.588463,30.799873,EEGNet-like Baseline,5
-22.71934,-65.65099,EEGNet-like Baseline,5
-17.771885,44.562935,EEGNet-like Baseline,5
-17.147133,44.62241,EEGNet-like Baseline,5
-11.3962,52.76089,EEGNet-like Baseline,5
-22.892605,-65.19516,EEGNet-like Baseline,5
-20.219662,4.575825,EEGNet-like Baseline,5
-11.231568,49.562008,EEGNet-like Baseline,5
-19.215237,30.710054,EEGNet-like Baseline,5
-22.564596,-65.30471,EEGNet-like Baseline,5
-17.437239,44.302025,EEGNet-like Baseline,5
-7.4040203,56.43669,EEGNet-like Baseline,5
-20.450167,7.879107,EEGNet-like Baseline,5
-12.015497,49.379875,EEGNet-like Baseline,5
-19.532894,30.857883,EEGNet-like Baseline,5
-20.720991,8.12806,EEGNet-like Baseline,5
-13.254859,49.358562,EEGNet-like Baseline,5
-16.569477,32.153374,EEGNet-like Baseline,5
-23.078453,-64.317795,EEGNet-like Baseline,5
-18.051613,45.066883,EEGNet-like Baseline,5
-11.106316,50.494328,EEGNet-like Baseline,5
-25.495417,-63.55858,EEGNet-like Baseline,5
-11.522502,33.00558,EEGNet-like Baseline,5
-7.231772,52.268177,EEGNet-like Baseline,5
-17.739664,14.012203,EEGNet-like Baseline,5
-5.9155183,50.933292,EEGNet-like Baseline,5
-12.369583,31.802147,EEGNet-like Baseline,5
-5.7572246,51.38679,EEGNet-like Baseline,5
-18.334843,13.748621,EEGNet-like Baseline,5
-6.5147405,44.21574,EEGNet-like Baseline,5
-11.570231,32.00655,EEGNet-like Baseline,5
-27.050642,-63.45322,EEGNet-like Baseline,5
-5.930359,43.250996,EEGNet-like Baseline,5
-18.44109,14.09052,EEGNet-like Baseline,5
14.988572,58.72317,EEGNet-like Baseline,5
-9.418898,31.468525,EEGNet-like Baseline,5
-26.42389,-63.59557,EEGNet-like Baseline,5
-1.7393479,50.580902,EEGNet-like Baseline,5
6.1774564,65.25546,EEGNet-like Baseline,5
-27.335575,-63.81018,EEGNet-like Baseline,5
-18.881092,13.957192,EEGNet-like Baseline,5
3.879011,87.93616,EEGNet-like Baseline,5
-9.140051,24.387482,EEGNet-like Baseline,5
4.0677514,45.444447,EEGNet-like Baseline,5
18.108932,63.07181,EEGNet-like Baseline,5
-8.874673,31.31426,EEGNet-like Baseline,5
-26.87377,-63.48562,EEGNet-like Baseline,5
-2.028679,50.61475,EEGNet-like Baseline,5
-5.6459036,59.82089,EEGNet-like Baseline,5
-19.15015,14.446288,EEGNet-like Baseline,5
11.405811,58.23603,EEGNet-like Baseline,5
-17.238033,14.066772,EEGNet-like Baseline,5
-7.1148934,58.61253,EEGNet-like Baseline,5
3.7436662,51.745926,EEGNet-like Baseline,5
-25.338598,-63.60126,EEGNet-like Baseline,5
-6.657624,43.165188,EEGNet-like Baseline,5
-5.016902,58.0853,EEGNet-like Baseline,5
-8.882103,60.886734,EEGNet-like Baseline,5
-17.973825,13.776335,EEGNet-like Baseline,5
5.730314,56.630672,EEGNet-like Baseline,5
-9.7093315,28.511621,EEGNet-like Baseline,5
-25.550777,-63.37366,EEGNet-like Baseline,5
-11.577331,33.47433,EEGNet-like Baseline,5
-8.530688,41.442474,EEGNet-like Baseline,5
-6.2283564,52.05576,EEGNet-like Baseline,5
-24.25412,-63.76382,EEGNet-like Baseline,5
-17.212551,13.082755,EEGNet-like Baseline,5
-10.28319,39.362686,EEGNet-like Baseline,5
-12.104563,31.42201,EEGNet-like Baseline,5
-23.73517,-64.85737,EEGNet-like Baseline,5
-7.81955,41.056507,EEGNet-like Baseline,5
-8.702615,48.921177,EEGNet-like Baseline,5
-17.341875,13.009059,EEGNet-like Baseline,5
-6.783578,44.27278,EEGNet-like Baseline,5
-12.62492,32.18062,EEGNet-like Baseline,5
-17.425514,13.248753,EEGNet-like Baseline,5
-7.0622926,43.762936,EEGNet-like Baseline,5
-13.278703,31.903389,EEGNet-like Baseline,5
-21.433718,-63.59034,EEGNet-like Baseline,5
-10.38145,40.256832,EEGNet-like Baseline,5
-7.3902774,52.49941,EEGNet-like Baseline,5
-17.746462,-94.68791,EEGNet-like Baseline,6
-8.709662,-80.0999,EEGNet-like Baseline,6
-14.33473,-91.424866,EEGNet-like Baseline,6
-18.137913,-94.452835,EEGNet-like Baseline,6
-0.32552686,-61.27024,EEGNet-like Baseline,6
-17.768417,-94.65912,EEGNet-like Baseline,6
-17.948505,-94.45888,EEGNet-like Baseline,6
-1.1836578,-62.016598,EEGNet-like Baseline,6
-47.139797,-74.13557,EEGNet-like Baseline,6
-44.67913,-74.81797,EEGNet-like Baseline,6
-27.924828,-66.06313,EEGNet-like Baseline,6
-42.82431,-75.15164,EEGNet-like Baseline,6
-45.91203,-74.41667,EEGNet-like Baseline,6
-44.955296,-74.38145,EEGNet-like Baseline,6
-30.636726,-76.031715,EEGNet-like Baseline,6
-32.933456,-76.15466,EEGNet-like Baseline,6
-45.79005,-73.676025,EEGNet-like Baseline,6
-0.80428666,-61.855793,EEGNet-like Baseline,6
-46.357124,-74.579315,EEGNet-like Baseline,6
-27.985266,-66.01289,EEGNet-like Baseline,6
-32.92755,-76.141846,EEGNet-like Baseline,6
-45.61977,-74.45787,EEGNet-like Baseline,6
-1.0053439,-61.96689,EEGNet-like Baseline,6
-46.32756,-73.84332,EEGNet-like Baseline,6
-45.05197,-75.079216,EEGNet-like Baseline,6
-1.1387547,-61.999165,EEGNet-like Baseline,6
-30.693893,-76.545395,EEGNet-like Baseline,6
-43.197807,-74.81167,EEGNet-like Baseline,6
-45.522514,-74.866356,EEGNet-like Baseline,6
-46.42589,-74.12787,EEGNet-like Baseline,6
-44.95269,-74.869225,EEGNet-like Baseline,6
-45.39372,-73.61623,EEGNet-like Baseline,6
-1.2642665,-62.265324,EEGNet-like Baseline,6
-46.23285,-73.43888,EEGNet-like Baseline,6
-44.81833,-74.18256,EEGNet-like Baseline,6
-30.820171,-76.293144,EEGNet-like Baseline,6
-43.006935,-75.22975,EEGNet-like Baseline,6
-30.735216,-76.32199,EEGNet-like Baseline,6
-43.344543,-75.03011,EEGNet-like Baseline,6
-46.005875,-72.88017,EEGNet-like Baseline,6
-1.3190174,-62.75636,EEGNet-like Baseline,6
-47.471653,-71.471855,EEGNet-like Baseline,6
-45.565277,-73.48339,EEGNet-like Baseline,6
-45.131653,-73.15081,EEGNet-like Baseline,6
-30.582031,-75.61014,EEGNet-like Baseline,6
-43.404198,-75.37303,EEGNet-like Baseline,6
-45.56752,-73.27723,EEGNet-like Baseline,6
-21.429247,-63.700134,EEGNet-like Baseline,6
-47.087658,-71.94772,EEGNet-like Baseline,6
-46.44726,-72.80181,EEGNet-like Baseline,6
-43.921654,-74.22753,EEGNet-like Baseline,6
-0.95262754,-62.904415,EEGNet-like Baseline,6
-29.929071,-78.762794,EEGNet-like Baseline,6
-42.85942,-75.16346,EEGNet-like Baseline,6
-45.047646,-73.95211,EEGNet-like Baseline,6
-2.8287992,-62.594036,EEGNet-like Baseline,6
-46.404655,-72.86189,EEGNet-like Baseline,6
-45.073895,-73.809044,EEGNet-like Baseline,6
-30.819677,-76.19673,EEGNet-like Baseline,6
-43.54571,-74.7522,EEGNet-like Baseline,6
-45.957165,-73.40107,EEGNet-like Baseline,6
-30.414318,-76.508194,EEGNet-like Baseline,6
-43.807644,-75.06744,EEGNet-like Baseline,6
-45.88668,-73.18702,EEGNet-like Baseline,6
-2.170189,-63.032425,EEGNet-like Baseline,6
-46.75279,-72.44387,EEGNet-like Baseline,6
-44.61721,-74.26876,EEGNet-like Baseline,6
3.3173943,-57.222267,EEGNet-like Baseline,6
-16.168991,-94.042496,EEGNet-like Baseline,6
-13.523428,-91.37562,EEGNet-like Baseline,6
-7.7388434,-78.50047,EEGNet-like Baseline,6
-12.873875,-89.49432,EEGNet-like Baseline,6
-14.40675,-91.90544,EEGNet-like Baseline,6
-24.33801,-85.82712,EEGNet-like Baseline,6
-8.459458,-77.01477,EEGNet-like Baseline,6
-21.369837,-81.33825,EEGNet-like Baseline,6
-24.84558,-86.02223,EEGNet-like Baseline,6
3.9637673,-57.4588,EEGNet-like Baseline,6
-29.586412,-85.120346,EEGNet-like Baseline,6
-7.5292816,-78.940056,EEGNet-like Baseline,6
-21.317772,-81.3614,EEGNet-like Baseline,6
-24.229027,-85.67262,EEGNet-like Baseline,6
2.7184463,-57.916805,EEGNet-like Baseline,6
-30.834515,-85.30328,EEGNet-like Baseline,6
-26.043827,-80.96736,EEGNet-like Baseline,6
3.9002104,-59.313744,EEGNet-like Baseline,6
-9.436302,-79.15959,EEGNet-like Baseline,6
-23.535624,-80.85076,EEGNet-like Baseline,6
-26.195948,-84.62504,EEGNet-like Baseline,6
-29.88209,-84.88613,EEGNet-like Baseline,6
-26.753958,-84.54517,EEGNet-like Baseline,6
-27.541965,-82.89757,EEGNet-like Baseline,6
3.0577238,-57.788128,EEGNet-like Baseline,6
-30.92935,-84.92354,EEGNet-like Baseline,6
-26.297417,-81.13288,EEGNet-like Baseline,6
-8.566803,-78.935524,EEGNet-like Baseline,6
-22.800827,-81.10997,EEGNet-like Baseline,6
-8.614139,-79.117966,EEGNet-like Baseline,6
-22.61454,-80.490166,EEGNet-like Baseline,6
-26.581749,-81.2858,EEGNet-like Baseline,6
4.3203983,-57.231056,EEGNet-like Baseline,6
-30.8042,-85.044754,EEGNet-like Baseline,6
-28.0478,-82.43038,EEGNet-like Baseline,6
-26.17584,-81.234886,EEGNet-like Baseline,6
-8.359172,-78.241905,EEGNet-like Baseline,6
-23.23921,-80.701485,EEGNet-like Baseline,6
-27.905851,-81.761665,EEGNet-like Baseline,6
3.9750059,-57.5225,EEGNet-like Baseline,6
-31.58523,-85.765526,EEGNet-like Baseline,6
-31.125526,-85.53289,EEGNet-like Baseline,6
-24.73122,-81.11104,EEGNet-like Baseline,6
4.745418,-56.069958,EEGNet-like Baseline,6
-10.485222,-78.66029,EEGNet-like Baseline,6
-21.26311,-80.53701,EEGNet-like Baseline,6
-26.200874,-81.33188,EEGNet-like Baseline,6
2.8055432,-58.40992,EEGNet-like Baseline,6
-31.159428,-87.784096,EEGNet-like Baseline,6
-28.190819,-82.40046,EEGNet-like Baseline,6
-10.025579,-78.30962,EEGNet-like Baseline,6
-23.41416,-80.53543,EEGNet-like Baseline,6
-28.060411,-82.747345,EEGNet-like Baseline,6
-9.879999,-78.8435,EEGNet-like Baseline,6
-23.428286,-80.222565,EEGNet-like Baseline,6
-30.87521,-84.93169,EEGNet-like Baseline,6
3.4522433,-58.19803,EEGNet-like Baseline,6
-31.041231,-85.32407,EEGNet-like Baseline,6
-28.91224,-82.86927,EEGNet-like Baseline,6
3.5849204,-58.136124,EEGNet-like Baseline,6
-30.54413,-87.73926,EEGNet-like Baseline,6
-23.052673,-83.418655,EEGNet-like Baseline,6
-8.404365,-78.37571,EEGNet-like Baseline,6
-20.945986,-80.71556,EEGNet-like Baseline,6
-30.318579,-85.95014,EEGNet-like Baseline,6
-26.474327,-82.84538,EEGNet-like Baseline,6
-8.36313,-79.196014,EEGNet-like Baseline,6
-21.868988,-81.4139,EEGNet-like Baseline,6
-25.927748,-85.980484,EEGNet-like Baseline,6
4.849859,-60.21222,EEGNet-like Baseline,6
-28.188349,-86.32094,EEGNet-like Baseline,6
-8.729646,-78.820435,EEGNet-like Baseline,6
-22.368877,-82.24817,EEGNet-like Baseline,6
-27.185984,-82.79584,EEGNet-like Baseline,6
3.2501464,-59.627052,EEGNet-like Baseline,6
-28.043718,-85.35567,EEGNet-like Baseline,6
-25.987963,-84.91432,EEGNet-like Baseline,6
2.0993035,-58.894997,EEGNet-like Baseline,6
-10.941289,-78.71043,EEGNet-like Baseline,6
-22.615381,-83.48553,EEGNet-like Baseline,6
-26.25666,-85.466034,EEGNet-like Baseline,6
-30.232912,-88.702286,EEGNet-like Baseline,6
-27.56631,-83.38054,EEGNet-like Baseline,6
-26.479225,-85.16179,EEGNet-like Baseline,6
3.323261,-59.373344,EEGNet-like Baseline,6
-30.483511,-88.26929,EEGNet-like Baseline,6
-26.121506,-84.55965,EEGNet-like Baseline,6
-10.472454,-78.3424,EEGNet-like Baseline,6
-21.984467,-80.43393,EEGNet-like Baseline,6
-8.668769,-78.342186,EEGNet-like Baseline,6
-23.19975,-79.69761,EEGNet-like Baseline,6
-26.52729,-85.65914,EEGNet-like Baseline,6
5.089397,-58.60485,EEGNet-like Baseline,6
-30.536285,-87.74269,EEGNet-like Baseline,6
-26.585485,-84.33334,EEGNet-like Baseline,6
-26.096733,-83.11018,EEGNet-like Baseline,6
-8.717525,-78.83797,EEGNet-like Baseline,6
-22.122654,-81.20516,EEGNet-like Baseline,6
-28.561321,-87.08688,EEGNet-like Baseline,6
1.9589448,-59.60658,EEGNet-like Baseline,6
-30.840328,-88.57633,EEGNet-like Baseline,6
-30.215626,-87.32944,EEGNet-like Baseline,6
-27.243996,-84.09964,EEGNet-like Baseline,6
4.808801,-59.587452,EEGNet-like Baseline,6
-11.896583,-78.914955,EEGNet-like Baseline,6
-22.268549,-81.620804,EEGNet-like Baseline,6
-27.954708,-85.39824,EEGNet-like Baseline,6
3.1020484,-61.06677,EEGNet-like Baseline,6
-30.7384,-88.053,EEGNet-like Baseline,6
-24.880627,-82.00912,EEGNet-like Baseline,6
-9.825989,-78.28978,EEGNet-like Baseline,6
-21.893461,-80.67965,EEGNet-like Baseline,6
-24.830793,-84.99103,EEGNet-like Baseline,6
-9.474799,-77.543434,EEGNet-like Baseline,6
-23.568708,-80.89156,EEGNet-like Baseline,6
-28.052063,-84.88378,EEGNet-like Baseline,6
3.0277758,-59.982372,EEGNet-like Baseline,6
-31.254166,-88.575325,EEGNet-like Baseline,6
-26.455936,-84.95897,EEGNet-like Baseline,6
-2.2538123,-63.121243,EEGNet-like Baseline,6
-46.19423,-74.35222,EEGNet-like Baseline,6
-44.67288,-80.076996,EEGNet-like Baseline,6
-30.437824,-76.99398,EEGNet-like Baseline,6
-44.09222,-79.016884,EEGNet-like Baseline,6
-44.869423,-80.06292,EEGNet-like Baseline,6
-44.858566,-80.24482,EEGNet-like Baseline,6
-30.231224,-77.26065,EEGNet-like Baseline,6
-44.267525,-79.760056,EEGNet-like Baseline,6
-44.309353,-80.05875,EEGNet-like Baseline,6
-1.7614754,-63.11105,EEGNet-like Baseline,6
-45.86629,-81.64499,EEGNet-like Baseline,6
-30.322313,-77.2645,EEGNet-like Baseline,6
-44.25591,-78.23264,EEGNet-like Baseline,6
-46.02413,-80.82593,EEGNet-like Baseline,6
-2.3122087,-62.15376,EEGNet-like Baseline,6
-45.68795,-80.94036,EEGNet-like Baseline,6
-44.585644,-80.490204,EEGNet-like Baseline,6
-2.0754502,-62.617607,EEGNet-like Baseline,6
-30.244957,-77.88851,EEGNet-like Baseline,6
-43.68154,-78.8306,EEGNet-like Baseline,6
-45.018593,-81.62529,EEGNet-like Baseline,6
-45.487087,-81.47585,EEGNet-like Baseline,6
-44.979107,-80.79068,EEGNet-like Baseline,6
-45.62946,-81.472786,EEGNet-like Baseline,6
-2.4008572,-63.04515,EEGNet-like Baseline,6
-45.697563,-81.69863,EEGNet-like Baseline,6
-45.285892,-80.81167,EEGNet-like Baseline,6
-30.223394,-78.23243,EEGNet-like Baseline,6
-43.926636,-79.04517,EEGNet-like Baseline,6
-30.233072,-78.05388,EEGNet-like Baseline,6
-43.774227,-79.033455,EEGNet-like Baseline,6
-45.504734,-81.94805,EEGNet-like Baseline,6
-2.4821324,-62.958275,EEGNet-like Baseline,6
-45.20809,-81.521935,EEGNet-like Baseline,6
-44.795376,-80.8826,EEGNet-like Baseline,6
-44.830368,-80.84213,EEGNet-like Baseline,6
-30.157911,-78.20123,EEGNet-like Baseline,6
-44.31974,-78.59493,EEGNet-like Baseline,6
-45.460342,-81.61426,EEGNet-like Baseline,6
-1.8630543,-62.896076,EEGNet-like Baseline,6
-45.947376,-82.05234,EEGNet-like Baseline,6
-45.73137,-81.42743,EEGNet-like Baseline,6
-45.06184,-80.67862,EEGNet-like Baseline,6
-2.4408379,-63.072952,EEGNet-like Baseline,6
-30.308651,-77.61632,EEGNet-like Baseline,6
-43.972065,-78.75852,EEGNet-like Baseline,6
-45.344738,-81.94414,EEGNet-like Baseline,6
-2.6366441,-62.838753,EEGNet-like Baseline,6
-45.339966,-82.33317,EEGNet-like Baseline,6
-43.630848,-80.15972,EEGNet-like Baseline,6
-30.376698,-77.08916,EEGNet-like Baseline,6
-43.535107,-79.54291,EEGNet-like Baseline,6
-44.936962,-80.99007,EEGNet-like Baseline,6
-30.363123,-77.240204,EEGNet-like Baseline,6
-43.542038,-79.69105,EEGNet-like Baseline,6
-44.87014,-81.05638,EEGNet-like Baseline,6
-1.7920732,-62.620667,EEGNet-like Baseline,6
-44.734196,-81.7046,EEGNet-like Baseline,6
-43.92358,-80.00786,EEGNet-like Baseline,6
2.792401,-61.44674,EEGNet-like Baseline,6
-54.71077,-21.158026,EEGNet-like Baseline,6
-13.760115,-91.68937,EEGNet-like Baseline,6
-8.051037,-77.27658,EEGNet-like Baseline,6
-12.858002,-89.560455,EEGNet-like Baseline,6
-16.52878,-95.21394,EEGNet-like Baseline,6
-24.313152,-86.56274,EEGNet-like Baseline,6
-8.727401,-77.67946,EEGNet-like Baseline,6
-12.983204,-90.28198,EEGNet-like Baseline,6
-15.0060215,-92.8509,EEGNet-like Baseline,6
2.360768,-60.40268,EEGNet-like Baseline,6
-16.554995,-94.5313,EEGNet-like Baseline,6
-8.734895,-76.953636,EEGNet-like Baseline,6
-12.851955,-89.33534,EEGNet-like Baseline,6
-14.004775,-91.555786,EEGNet-like Baseline,6
3.5240712,-61.114525,EEGNet-like Baseline,6
-16.438494,-94.2253,EEGNet-like Baseline,6
-13.273362,-90.75665,EEGNet-like Baseline,6
4.329292,-60.03782,EEGNet-like Baseline,6
-8.799301,-77.65016,EEGNet-like Baseline,6
-12.936773,-89.03888,EEGNet-like Baseline,6
-14.336751,-91.88653,EEGNet-like Baseline,6
-26.105131,-88.99379,EEGNet-like Baseline,6
-22.812006,-83.44239,EEGNet-like Baseline,6
-25.21916,-86.70111,EEGNet-like Baseline,6
2.861964,-60.997482,EEGNet-like Baseline,6
-25.426569,-88.52587,EEGNet-like Baseline,6
-22.782951,-83.78051,EEGNet-like Baseline,6
-8.973136,-77.68276,EEGNet-like Baseline,6
-21.490824,-81.69882,EEGNet-like Baseline,6
-8.106595,-77.46081,EEGNet-like Baseline,6
-21.932613,-80.71089,EEGNet-like Baseline,6
-26.32143,-85.46633,EEGNet-like Baseline,6
3.4146316,-61.053276,EEGNet-like Baseline,6
-25.847532,-87.79465,EEGNet-like Baseline,6
-23.408997,-84.39436,EEGNet-like Baseline,6
-23.848246,-80.35291,EEGNet-like Baseline,6
-9.339823,-77.086555,EEGNet-like Baseline,6
-21.614527,-80.89786,EEGNet-like Baseline,6
-24.323149,-85.615425,EEGNet-like Baseline,6
3.3119662,-60.326088,EEGNet-like Baseline,6
-30.625784,-88.01648,EEGNet-like Baseline,6
-28.519264,-86.61187,EEGNet-like Baseline,6
-26.712107,-82.39498,EEGNet-like Baseline,6
2.8616421,-60.18049,EEGNet-like Baseline,6
-10.6517315,-78.31892,EEGNet-like Baseline,6
-22.54815,-80.00234,EEGNet-like Baseline,6
-29.559406,-86.029655,EEGNet-like Baseline,6
3.0614102,-61.071484,EEGNet-like Baseline,6
-30.846914,-88.553314,EEGNet-like Baseline,6
-24.210415,-80.96319,EEGNet-like Baseline,6
-9.464774,-77.97332,EEGNet-like Baseline,6
-22.54733,-80.3395,EEGNet-like Baseline,6
-28.213276,-83.31359,EEGNet-like Baseline,6
-9.720607,-78.42645,EEGNet-like Baseline,6
-22.32431,-80.24336,EEGNet-like Baseline,6
-28.286339,-85.23157,EEGNet-like Baseline,6
3.7802925,-59.956863,EEGNet-like Baseline,6
-27.794554,-88.24971,EEGNet-like Baseline,6
-26.811605,-83.46145,EEGNet-like Baseline,6
3.3886049,-60.918644,EEGNet-like Baseline,6
-30.03717,-87.70539,EEGNet-like Baseline,6
-25.945396,-84.66506,EEGNet-like Baseline,6
-8.757969,-78.16756,EEGNet-like Baseline,6
-21.83074,-80.94593,EEGNet-like Baseline,6
-28.85641,-87.45971,EEGNet-like Baseline,6
-26.735931,-86.67561,EEGNet-like Baseline,6
-8.690684,-77.73337,EEGNet-like Baseline,6
-22.227404,-82.18568,EEGNet-like Baseline,6
-26.574144,-87.63486,EEGNet-like Baseline,6
2.9888196,-59.992306,EEGNet-like Baseline,6
-27.633165,-88.24904,EEGNet-like Baseline,6
-9.227892,-77.979774,EEGNet-like Baseline,6
-22.11825,-81.54236,EEGNet-like Baseline,6
-29.326115,-86.44546,EEGNet-like Baseline,6
2.9888556,-59.106377,EEGNet-like Baseline,6
-29.213516,-89.06395,EEGNet-like Baseline,6
-25.969162,-83.91396,EEGNet-like Baseline,6
2.3896508,-58.794014,EEGNet-like Baseline,6
-9.100771,-78.14858,EEGNet-like Baseline,6
-21.98632,-82.34652,EEGNet-like Baseline,6
-28.799696,-87.58548,EEGNet-like Baseline,6
-29.682493,-89.04744,EEGNet-like Baseline,6
-26.596657,-85.6304,EEGNet-like Baseline,6
-27.435474,-87.4664,EEGNet-like Baseline,6
1.9023787,-59.941364,EEGNet-like Baseline,6
-26.878391,-88.11758,EEGNet-like Baseline,6
-26.85822,-87.07628,EEGNet-like Baseline,6
-10.850324,-78.45293,EEGNet-like Baseline,6
-22.094854,-83.31568,EEGNet-like Baseline,6
-8.927938,-78.823875,EEGNet-like Baseline,6
-22.509089,-79.81675,EEGNet-like Baseline,6
-28.781696,-87.99294,EEGNet-like Baseline,6
2.352836,-59.03994,EEGNet-like Baseline,6
-29.039558,-88.83754,EEGNet-like Baseline,6
-23.911451,-86.119774,EEGNet-like Baseline,6
-23.753517,-85.88279,EEGNet-like Baseline,6
-10.106974,-77.68617,EEGNet-like Baseline,6
-22.029276,-83.825035,EEGNet-like Baseline,6
-28.613605,-87.80217,EEGNet-like Baseline,6
2.388034,-61.121338,EEGNet-like Baseline,6
-30.038044,-88.08185,EEGNet-like Baseline,6
-28.063068,-88.140175,EEGNet-like Baseline,6
-26.941246,-82.89659,EEGNet-like Baseline,6
2.8603613,-60.417564,EEGNet-like Baseline,6
-10.336567,-77.99846,EEGNet-like Baseline,6
-21.219187,-81.567955,EEGNet-like Baseline,6
-26.375484,-86.043304,EEGNet-like Baseline,6
2.1892982,-60.676594,EEGNet-like Baseline,6
-30.833101,-88.442825,EEGNet-like Baseline,6
-25.713037,-82.50736,EEGNet-like Baseline,6
-8.767804,-78.0904,EEGNet-like Baseline,6
-22.033066,-81.664764,EEGNet-like Baseline,6
-27.411777,-87.17666,EEGNet-like Baseline,6
-9.47258,-77.71956,EEGNet-like Baseline,6
-21.98396,-81.29116,EEGNet-like Baseline,6
-27.435528,-86.90763,EEGNet-like Baseline,6
4.27166,-59.561466,EEGNet-like Baseline,6
-30.521513,-88.403984,EEGNet-like Baseline,6
-26.287922,-85.04325,EEGNet-like Baseline,6
-50.5789,57.51164,Final Refined EEGNet (12/24),1
-66.14509,31.041662,Final Refined EEGNet (12/24),1
-53.481155,55.569775,Final Refined EEGNet (12/24),1
-63.266083,30.54498,Final Refined EEGNet (12/24),1
-53.143932,55.38067,Final Refined EEGNet (12/24),1
-43.827423,39.98971,Final Refined EEGNet (12/24),1
-64.61141,8.079614,Final Refined EEGNet (12/24),1
-42.632748,53.71632,Final Refined EEGNet (12/24),1
-50.897045,58.151703,Final Refined EEGNet (12/24),1
-51.244453,57.97235,Final Refined EEGNet (12/24),1
-66.366745,31.086863,Final Refined EEGNet (12/24),1
-52.62515,56.737762,Final Refined EEGNet (12/24),1
-47.05632,57.561512,Final Refined EEGNet (12/24),1
-64.44598,8.540924,Final Refined EEGNet (12/24),1
-42.96415,53.716858,Final Refined EEGNet (12/24),1
-43.196064,53.179405,Final Refined EEGNet (12/24),1
-51.376053,58.39123,Final Refined EEGNet (12/24),1
-64.24106,8.184515,Final Refined EEGNet (12/24),1
-65.89062,30.892998,Final Refined EEGNet (12/24),1
-52.841682,56.10398,Final Refined EEGNet (12/24),1
-47.061966,57.577457,Final Refined EEGNet (12/24),1
-64.65129,7.8456073,Final Refined EEGNet (12/24),1
-42.58883,53.671135,Final Refined EEGNet (12/24),1
-51.548958,56.241592,Final Refined EEGNet (12/24),1
-62.588596,30.231388,Final Refined EEGNet (12/24),1
-53.072617,55.66477,Final Refined EEGNet (12/24),1
-46.371483,56.070194,Final Refined EEGNet (12/24),1
-63.24023,30.70017,Final Refined EEGNet (12/24),1
-78.694275,42.05787,Final Refined EEGNet (12/24),1
-45.668407,56.546997,Final Refined EEGNet (12/24),1
-65.113014,6.74142,Final Refined EEGNet (12/24),1
-42.57183,53.87047,Final Refined EEGNet (12/24),1
-50.92316,56.39672,Final Refined EEGNet (12/24),1
-63.025875,6.2269974,Final Refined EEGNet (12/24),1
-46.353348,47.49665,Final Refined EEGNet (12/24),1
-49.766277,54.900814,Final Refined EEGNet (12/24),1
-66.42317,30.376457,Final Refined EEGNet (12/24),1
-51.22075,54.50535,Final Refined EEGNet (12/24),1
-47.660713,54.617905,Final Refined EEGNet (12/24),1
-48.424824,56.148777,Final Refined EEGNet (12/24),1
-64.84441,31.52089,Final Refined EEGNet (12/24),1
-52.66463,55.27814,Final Refined EEGNet (12/24),1
-48.724586,54.549805,Final Refined EEGNet (12/24),1
-63.543118,6.3511887,Final Refined EEGNet (12/24),1
-46.242344,47.677666,Final Refined EEGNet (12/24),1
-62.354317,28.496758,Final Refined EEGNet (12/24),1
-52.579212,56.823845,Final Refined EEGNet (12/24),1
-46.320408,55.63093,Final Refined EEGNet (12/24),1
-64.39963,6.320484,Final Refined EEGNet (12/24),1
-46.045467,48.03971,Final Refined EEGNet (12/24),1
-50.17957,54.25388,Final Refined EEGNet (12/24),1
-64.41974,7.357552,Final Refined EEGNet (12/24),1
-61.7566,34.236015,Final Refined EEGNet (12/24),1
-51.530327,55.968822,Final Refined EEGNet (12/24),1
-45.89109,55.44455,Final Refined EEGNet (12/24),1
-44.629555,55.312607,Final Refined EEGNet (12/24),1
-49.419796,55.032936,Final Refined EEGNet (12/24),1
-45.53726,55.445686,Final Refined EEGNet (12/24),1
-65.43025,6.5813537,Final Refined EEGNet (12/24),1
-42.79229,55.74033,Final Refined EEGNet (12/24),1
-48.940285,55.90369,Final Refined EEGNet (12/24),1
-63.71055,32.19618,Final Refined EEGNet (12/24),1
-51.861343,54.456036,Final Refined EEGNet (12/24),1
-62.408234,31.637072,Final Refined EEGNet (12/24),1
-49.568855,56.65451,Final Refined EEGNet (12/24),1
-47.1487,55.968285,Final Refined EEGNet (12/24),1
-64.752556,7.543595,Final Refined EEGNet (12/24),1
-43.218544,55.7279,Final Refined EEGNet (12/24),1
-48.03616,56.90698,Final Refined EEGNet (12/24),1
-49.811985,54.258114,Final Refined EEGNet (12/24),1
-61.564556,31.971058,Final Refined EEGNet (12/24),1
-52.276314,55.16006,Final Refined EEGNet (12/24),1
-46.232788,56.005722,Final Refined EEGNet (12/24),1
-64.597084,6.2024393,Final Refined EEGNet (12/24),1
-43.07371,55.858177,Final Refined EEGNet (12/24),1
-44.046032,55.94289,Final Refined EEGNet (12/24),1
-47.697254,56.602867,Final Refined EEGNet (12/24),1
-64.56202,6.2650223,Final Refined EEGNet (12/24),1
-65.83954,31.292772,Final Refined EEGNet (12/24),1
-51.669384,57.13873,Final Refined EEGNet (12/24),1
-44.619205,56.510372,Final Refined EEGNet (12/24),1
-64.65419,6.7175345,Final Refined EEGNet (12/24),1
-43.63775,55.855076,Final Refined EEGNet (12/24),1
-48.371178,56.774837,Final Refined EEGNet (12/24),1
-65.98193,31.40521,Final Refined EEGNet (12/24),1
-51.020844,57.513,Final Refined EEGNet (12/24),1
-45.1779,56.391014,Final Refined EEGNet (12/24),1
-63.167088,31.510956,Final Refined EEGNet (12/24),1
-51.674175,56.396255,Final Refined EEGNet (12/24),1
-45.617313,56.03173,Final Refined EEGNet (12/24),1
-64.080475,7.076666,Final Refined EEGNet (12/24),1
-42.920246,56.044704,Final Refined EEGNet (12/24),1
-46.505325,56.67546,Final Refined EEGNet (12/24),1
-66.03622,6.2831073,Final Refined EEGNet (12/24),1
-43.51323,56.27397,Final Refined EEGNet (12/24),1
-50.227108,56.78949,Final Refined EEGNet (12/24),1
-65.379875,31.868458,Final Refined EEGNet (12/24),1
-51.6675,56.70061,Final Refined EEGNet (12/24),1
-44.560577,56.2099,Final Refined EEGNet (12/24),1
-47.464664,56.594296,Final Refined EEGNet (12/24),1
-65.27474,31.680428,Final Refined EEGNet (12/24),1
-51.562992,55.99708,Final Refined EEGNet (12/24),1
-44.56649,56.197,Final Refined EEGNet (12/24),1
-64.67505,6.809169,Final Refined EEGNet (12/24),1
-43.389202,55.583347,Final Refined EEGNet (12/24),1
-66.14653,31.028788,Final Refined EEGNet (12/24),1
-50.49259,57.110626,Final Refined EEGNet (12/24),1
-46.793373,56.904636,Final Refined EEGNet (12/24),1
-63.737396,7.3228064,Final Refined EEGNet (12/24),1
-43.690258,55.666225,Final Refined EEGNet (12/24),1
-48.605846,56.491096,Final Refined EEGNet (12/24),1
-64.38893,6.2220683,Final Refined EEGNet (12/24),1
-64.65132,31.637299,Final Refined EEGNet (12/24),1
-51.181114,56.82347,Final Refined EEGNet (12/24),1
-44.89529,56.558857,Final Refined EEGNet (12/24),1
-43.089428,55.314545,Final Refined EEGNet (12/24),1
-48.765766,56.911537,Final Refined EEGNet (12/24),1
-46.198196,55.88964,Final Refined EEGNet (12/24),1
-64.41991,7.4137726,Final Refined EEGNet (12/24),1
-43.317177,55.66146,Final Refined EEGNet (12/24),1
-49.93639,57.499935,Final Refined EEGNet (12/24),1
-66.20934,31.239304,Final Refined EEGNet (12/24),1
-52.137596,56.321182,Final Refined EEGNet (12/24),1
-65.04837,31.397242,Final Refined EEGNet (12/24),1
-51.35953,57.41335,Final Refined EEGNet (12/24),1
-46.672363,56.48657,Final Refined EEGNet (12/24),1
-64.07618,7.674202,Final Refined EEGNet (12/24),1
-43.279243,54.848255,Final Refined EEGNet (12/24),1
-50.952637,57.98448,Final Refined EEGNet (12/24),1
-49.664043,57.455692,Final Refined EEGNet (12/24),1
-66.48505,31.25421,Final Refined EEGNet (12/24),1
-51.585587,56.62669,Final Refined EEGNet (12/24),1
-46.25082,57.198036,Final Refined EEGNet (12/24),1
-64.28438,6.3684344,Final Refined EEGNet (12/24),1
-43.90229,55.565506,Final Refined EEGNet (12/24),1
-43.711494,55.17218,Final Refined EEGNet (12/24),1
-48.985466,56.77968,Final Refined EEGNet (12/24),1
-63.873646,7.0953813,Final Refined EEGNet (12/24),1
-66.31287,30.716597,Final Refined EEGNet (12/24),1
-51.70115,56.880226,Final Refined EEGNet (12/24),1
-45.847534,56.564365,Final Refined EEGNet (12/24),1
-64.39224,6.9926643,Final Refined EEGNet (12/24),1
-44.06138,55.149357,Final Refined EEGNet (12/24),1
-47.33437,56.770016,Final Refined EEGNet (12/24),1
-63.54624,30.93344,Final Refined EEGNet (12/24),1
-53.47804,55.361782,Final Refined EEGNet (12/24),1
-46.053024,55.966923,Final Refined EEGNet (12/24),1
-65.86683,30.83405,Final Refined EEGNet (12/24),1
-51.892765,57.309284,Final Refined EEGNet (12/24),1
-46.855335,56.971233,Final Refined EEGNet (12/24),1
-64.43671,7.5424175,Final Refined EEGNet (12/24),1
-44.142056,56.01605,Final Refined EEGNet (12/24),1
-50.316433,56.70828,Final Refined EEGNet (12/24),1
-52.617134,5.8623977,Final Refined EEGNet (12/24),1
-42.434883,35.873592,Final Refined EEGNet (12/24),1
-50.74284,18.916187,Final Refined EEGNet (12/24),1
-17.004812,4.1721263,Final Refined EEGNet (12/24),1
-50.820473,19.910282,Final Refined EEGNet (12/24),1
-49.995617,29.610727,Final Refined EEGNet (12/24),1
-49.876186,28.173439,Final Refined EEGNet (12/24),1
-51.081398,20.07382,Final Refined EEGNet (12/24),1
-50.288586,21.473846,Final Refined EEGNet (12/24),1
-44.612473,33.735203,Final Refined EEGNet (12/24),1
-52.240902,3.7021024,Final Refined EEGNet (12/24),1
-44.386517,33.632366,Final Refined EEGNet (12/24),1
-33.968964,-3.0654826,Final Refined EEGNet (12/24),1
-50.452415,25.572351,Final Refined EEGNet (12/24),1
-50.396393,4.5269775,Final Refined EEGNet (12/24),1
-9.337955,15.807726,Final Refined EEGNet (12/24),1
-40.44161,36.194798,Final Refined EEGNet (12/24),1
-49.968987,30.305508,Final Refined EEGNet (12/24),1
-9.373852,15.708465,Final Refined EEGNet (12/24),1
-50.87564,17.730558,Final Refined EEGNet (12/24),1
-50.21128,26.487392,Final Refined EEGNet (12/24),1
-44.204964,33.731907,Final Refined EEGNet (12/24),1
-49.94686,31.34499,Final Refined EEGNet (12/24),1
-49.242355,31.86625,Final Refined EEGNet (12/24),1
-44.376755,33.770977,Final Refined EEGNet (12/24),1
-53.03074,5.867219,Final Refined EEGNet (12/24),1
-43.446957,23.280539,Final Refined EEGNet (12/24),1
-49.84173,28.578878,Final Refined EEGNet (12/24),1
-52.342762,19.36075,Final Refined EEGNet (12/24),1
-50.799526,23.34757,Final Refined EEGNet (12/24),1
-51.54987,18.822203,Final Refined EEGNet (12/24),1
-49.979565,27.018787,Final Refined EEGNet (12/24),1
-45.92919,32.502228,Final Refined EEGNet (12/24),1
-52.17915,3.9075632,Final Refined EEGNet (12/24),1
-41.340504,36.15405,Final Refined EEGNet (12/24),1
-45.310265,28.493969,Final Refined EEGNet (12/24),1
-48.67566,27.100094,Final Refined EEGNet (12/24),1
-51.101387,19.67573,Final Refined EEGNet (12/24),1
-50.458393,29.393148,Final Refined EEGNet (12/24),1
-48.2126,28.704002,Final Refined EEGNet (12/24),1
-51.645184,3.9761727,Final Refined EEGNet (12/24),1
-46.470455,41.108654,Final Refined EEGNet (12/24),1
-47.404358,43.999485,Final Refined EEGNet (12/24),1
-42.68197,36.319,Final Refined EEGNet (12/24),1
-55.463146,4.90258,Final Refined EEGNet (12/24),1
-51.475315,20.98145,Final Refined EEGNet (12/24),1
-49.4758,27.124908,Final Refined EEGNet (12/24),1
-47.383663,34.19767,Final Refined EEGNet (12/24),1
-53.856297,4.758,Final Refined EEGNet (12/24),1
-47.6878,43.86247,Final Refined EEGNet (12/24),1
-47.81229,31.39805,Final Refined EEGNet (12/24),1
-51.11956,20.13482,Final Refined EEGNet (12/24),1
-50.102165,29.89735,Final Refined EEGNet (12/24),1
-48.36795,34.261177,Final Refined EEGNet (12/24),1
-55.62206,21.340515,Final Refined EEGNet (12/24),1
-46.540886,29.273996,Final Refined EEGNet (12/24),1
-45.543537,39.10265,Final Refined EEGNet (12/24),1
-54.225502,5.3845773,Final Refined EEGNet (12/24),1
-47.388077,44.60617,Final Refined EEGNet (12/24),1
-47.19319,29.921368,Final Refined EEGNet (12/24),1
-64.88592,8.379479,Final Refined EEGNet (12/24),1
-42.522175,53.71512,Final Refined EEGNet (12/24),1
-47.001198,30.5453,Final Refined EEGNet (12/24),1
-51.47468,19.994253,Final Refined EEGNet (12/24),1
-49.78444,27.005655,Final Refined EEGNet (12/24),1
-49.39077,33.60628,Final Refined EEGNet (12/24),1
-44.385994,33.861713,Final Refined EEGNet (12/24),1
-51.415092,20.44832,Final Refined EEGNet (12/24),1
-50.318436,28.126059,Final Refined EEGNet (12/24),1
-49.019215,34.00274,Final Refined EEGNet (12/24),1
-52.900223,3.1129377,Final Refined EEGNet (12/24),1
-47.46201,34.903473,Final Refined EEGNet (12/24),1
-56.24905,20.20153,Final Refined EEGNet (12/24),1
-51.2558,29.55893,Final Refined EEGNet (12/24),1
-46.82011,39.706337,Final Refined EEGNet (12/24),1
-51.934162,4.632265,Final Refined EEGNet (12/24),1
-46.26403,39.851944,Final Refined EEGNet (12/24),1
-48.037296,27.44041,Final Refined EEGNet (12/24),1
-51.96351,3.8407469,Final Refined EEGNet (12/24),1
-51.888557,19.703913,Final Refined EEGNet (12/24),1
-46.96003,29.005789,Final Refined EEGNet (12/24),1
-43.755653,35.020916,Final Refined EEGNet (12/24),1
-47.77764,30.305775,Final Refined EEGNet (12/24),1
-47.59111,39.804413,Final Refined EEGNet (12/24),1
-48.85324,21.30479,Final Refined EEGNet (12/24),1
-45.758934,-28.9845,Final Refined EEGNet (12/24),1
-46.950424,41.85503,Final Refined EEGNet (12/24),1
-47.15191,30.910372,Final Refined EEGNet (12/24),1
-37.786232,-1.7636502,Final Refined EEGNet (12/24),1
-48.512894,30.275537,Final Refined EEGNet (12/24),1
-54.95674,20.328146,Final Refined EEGNet (12/24),1
-49.928562,27.435871,Final Refined EEGNet (12/24),1
-47.068306,34.845135,Final Refined EEGNet (12/24),1
-53.924057,3.0305867,Final Refined EEGNet (12/24),1
-47.405785,44.204235,Final Refined EEGNet (12/24),1
-47.82891,39.873005,Final Refined EEGNet (12/24),1
-45.85865,31.163368,Final Refined EEGNet (12/24),1
-56.210876,17.841026,Final Refined EEGNet (12/24),1
-45.553574,29.835945,Final Refined EEGNet (12/24),1
-48.326397,35.111244,Final Refined EEGNet (12/24),1
-53.893913,3.387261,Final Refined EEGNet (12/24),1
-47.465157,44.4631,Final Refined EEGNet (12/24),1
-46.96032,34.922447,Final Refined EEGNet (12/24),1
-46.138466,30.193064,Final Refined EEGNet (12/24),1
-52.27811,2.0134041,Final Refined EEGNet (12/24),1
-54.671345,20.846182,Final Refined EEGNet (12/24),1
-45.310364,29.706802,Final Refined EEGNet (12/24),1
-44.974266,38.042557,Final Refined EEGNet (12/24),1
-53.085865,2.6028929,Final Refined EEGNet (12/24),1
-48.692818,46.840897,Final Refined EEGNet (12/24),1
-45.007206,36.78345,Final Refined EEGNet (12/24),1
-54.10215,20.365326,Final Refined EEGNet (12/24),1
-45.94072,30.514446,Final Refined EEGNet (12/24),1
-44.44494,37.868523,Final Refined EEGNet (12/24),1
-52.73268,19.65874,Final Refined EEGNet (12/24),1
-47.068317,30.151901,Final Refined EEGNet (12/24),1
-44.541996,41.6039,Final Refined EEGNet (12/24),1
-52.594727,2.858768,Final Refined EEGNet (12/24),1
-48.703552,46.83363,Final Refined EEGNet (12/24),1
-46.44877,31.027597,Final Refined EEGNet (12/24),1
-53.273895,2.669582,Final Refined EEGNet (12/24),1
-47.637333,46.523354,Final Refined EEGNet (12/24),1
-41.97516,36.65699,Final Refined EEGNet (12/24),1
-50.954296,18.115383,Final Refined EEGNet (12/24),1
-42.37011,36.132675,Final Refined EEGNet (12/24),1
-44.641228,37.593407,Final Refined EEGNet (12/24),1
-45.742844,40.6276,Final Refined EEGNet (12/24),1
-52.12395,19.479267,Final Refined EEGNet (12/24),1
-45.355362,30.723124,Final Refined EEGNet (12/24),1
-46.702744,43.524784,Final Refined EEGNet (12/24),1
-56.639687,3.9567378,Final Refined EEGNet (12/24),1
-47.722897,46.64487,Final Refined EEGNet (12/24),1
-54.10479,20.530651,Final Refined EEGNet (12/24),1
-45.81232,29.963682,Final Refined EEGNet (12/24),1
-44.13159,39.456444,Final Refined EEGNet (12/24),1
-54.471394,2.776008,Final Refined EEGNet (12/24),1
-47.837147,46.864105,Final Refined EEGNet (12/24),1
-45.35474,40.406544,Final Refined EEGNet (12/24),1
-54.392906,2.6349661,Final Refined EEGNet (12/24),1
-54.838024,21.483824,Final Refined EEGNet (12/24),1
-43.486088,35.435688,Final Refined EEGNet (12/24),1
-46.24099,42.752625,Final Refined EEGNet (12/24),1
-47.68045,46.390915,Final Refined EEGNet (12/24),1
-44.316322,39.42615,Final Refined EEGNet (12/24),1
-45.16758,41.53258,Final Refined EEGNet (12/24),1
-54.559917,2.4782867,Final Refined EEGNet (12/24),1
-47.19905,46.664364,Final Refined EEGNet (12/24),1
-45.065365,40.02422,Final Refined EEGNet (12/24),1
-52.028473,19.811417,Final Refined EEGNet (12/24),1
-43.687668,35.646763,Final Refined EEGNet (12/24),1
-51.117195,18.422966,Final Refined EEGNet (12/24),1
-42.934383,35.747906,Final Refined EEGNet (12/24),1
-45.11661,41.604774,Final Refined EEGNet (12/24),1
-52.875107,2.9356148,Final Refined EEGNet (12/24),1
-48.065224,46.700283,Final Refined EEGNet (12/24),1
-42.867733,36.399662,Final Refined EEGNet (12/24),1
-44.283348,37.79002,Final Refined EEGNet (12/24),1
-53.746517,20.042982,Final Refined EEGNet (12/24),1
-45.049694,30.077621,Final Refined EEGNet (12/24),1
-44.448883,41.79592,Final Refined EEGNet (12/24),1
-55.11314,3.106826,Final Refined EEGNet (12/24),1
-47.447544,46.241917,Final Refined EEGNet (12/24),1
-48.356297,46.531094,Final Refined EEGNet (12/24),1
-45.239384,40.455246,Final Refined EEGNet (12/24),1
-53.207355,2.7720277,Final Refined EEGNet (12/24),1
-54.71313,21.452587,Final Refined EEGNet (12/24),1
-47.42776,39.552048,Final Refined EEGNet (12/24),1
-46.804283,43.45258,Final Refined EEGNet (12/24),1
-53.724205,4.5205364,Final Refined EEGNet (12/24),1
-48.549915,47.02687,Final Refined EEGNet (12/24),1
-45.742397,41.257835,Final Refined EEGNet (12/24),1
-54.751522,20.865416,Final Refined EEGNet (12/24),1
-42.724396,36.189796,Final Refined EEGNet (12/24),1
-44.971336,40.282932,Final Refined EEGNet (12/24),1
-55.09274,21.062744,Final Refined EEGNet (12/24),1
-45.229866,36.241898,Final Refined EEGNet (12/24),1
-47.476208,44.73075,Final Refined EEGNet (12/24),1
-55.289955,5.4913807,Final Refined EEGNet (12/24),1
-47.33858,46.7786,Final Refined EEGNet (12/24),1
-44.124176,39.628956,Final Refined EEGNet (12/24),1
-59.762955,4.4517136,Final Refined EEGNet (12/24),1
-48.844887,43.55246,Final Refined EEGNet (12/24),1
-50.488453,33.571587,Final Refined EEGNet (12/24),1
-57.012573,17.991127,Final Refined EEGNet (12/24),1
-52.774033,30.80775,Final Refined EEGNet (12/24),1
-50.510788,35.7194,Final Refined EEGNet (12/24),1
-50.859955,36.546394,Final Refined EEGNet (12/24),1
-56.66793,17.45955,Final Refined EEGNet (12/24),1
-53.777363,31.95295,Final Refined EEGNet (12/24),1
-50.826187,35.707848,Final Refined EEGNet (12/24),1
-59.28806,4.496011,Final Refined EEGNet (12/24),1
-49.018417,43.64461,Final Refined EEGNet (12/24),1
-58.210255,21.507393,Final Refined EEGNet (12/24),1
-53.208004,31.349152,Final Refined EEGNet (12/24),1
-50.558586,36.309505,Final Refined EEGNet (12/24),1
-59.616234,4.5939555,Final Refined EEGNet (12/24),1
-48.98448,43.193733,Final Refined EEGNet (12/24),1
-51.185665,34.614185,Final Refined EEGNet (12/24),1
-58.580982,3.2311149,Final Refined EEGNet (12/24),1
-59.02917,21.33568,Final Refined EEGNet (12/24),1
-53.27912,32.130993,Final Refined EEGNet (12/24),1
-50.937073,37.484715,Final Refined EEGNet (12/24),1
-49.04092,43.077057,Final Refined EEGNet (12/24),1
-51.338974,36.81088,Final Refined EEGNet (12/24),1
-50.503914,36.491833,Final Refined EEGNet (12/24),1
-58.380836,2.9131324,Final Refined EEGNet (12/24),1
-49.47288,43.00837,Final Refined EEGNet (12/24),1
-51.1263,36.718815,Final Refined EEGNet (12/24),1
-58.20962,19.438276,Final Refined EEGNet (12/24),1
-53.62866,31.809923,Final Refined EEGNet (12/24),1
-58.027084,19.981245,Final Refined EEGNet (12/24),1
-51.243446,29.37418,Final Refined EEGNet (12/24),1
-49.63954,31.951122,Final Refined EEGNet (12/24),1
-58.000587,2.6181986,Final Refined EEGNet (12/24),1
-48.91694,42.046528,Final Refined EEGNet (12/24),1
-50.6624,33.752014,Final Refined EEGNet (12/24),1
-50.913925,37.591816,Final Refined EEGNet (12/24),1
-57.206387,18.256708,Final Refined EEGNet (12/24),1
-53.284866,29.618954,Final Refined EEGNet (12/24),1
-48.171703,35.039597,Final Refined EEGNet (12/24),1
-55.815453,2.8375776,Final Refined EEGNet (12/24),1
-48.897522,41.886856,Final Refined EEGNet (12/24),1
-48.35021,43.764084,Final Refined EEGNet (12/24),1
-50.591652,37.78536,Final Refined EEGNet (12/24),1
-58.77566,5.1425643,Final Refined EEGNet (12/24),1
-58.68822,18.578802,Final Refined EEGNet (12/24),1
-53.43101,34.029175,Final Refined EEGNet (12/24),1
-49.188385,35.668045,Final Refined EEGNet (12/24),1
-58.64291,4.1287785,Final Refined EEGNet (12/24),1
-48.99905,41.166508,Final Refined EEGNet (12/24),1
-48.07015,30.504877,Final Refined EEGNet (12/24),1
-57.480328,20.195236,Final Refined EEGNet (12/24),1
-53.395023,32.032368,Final Refined EEGNet (12/24),1
-48.666344,40.647385,Final Refined EEGNet (12/24),1
-58.509407,20.227926,Final Refined EEGNet (12/24),1
-51.531147,29.550243,Final Refined EEGNet (12/24),1
-48.577045,37.341423,Final Refined EEGNet (12/24),1
-58.818306,4.888833,Final Refined EEGNet (12/24),1
-49.039673,41.04271,Final Refined EEGNet (12/24),1
-50.873898,36.962334,Final Refined EEGNet (12/24),1
-59.099503,4.0351925,Final Refined EEGNet (12/24),1
-49.045216,43.69983,Final Refined EEGNet (12/24),1
-50.723457,34.590187,Final Refined EEGNet (12/24),1
-57.11957,17.831831,Final Refined EEGNet (12/24),1
-51.98178,30.15471,Final Refined EEGNet (12/24),1
-48.95191,34.722195,Final Refined EEGNet (12/24),1
-50.98257,33.361088,Final Refined EEGNet (12/24),1
-57.02642,20.845602,Final Refined EEGNet (12/24),1
-50.173664,27.498692,Final Refined EEGNet (12/24),1
-49.45623,36.307243,Final Refined EEGNet (12/24),1
-56.65546,3.8922758,Final Refined EEGNet (12/24),1
-48.266773,45.68444,Final Refined EEGNet (12/24),1
-58.05377,20.597954,Final Refined EEGNet (12/24),1
-52.713394,33.152866,Final Refined EEGNet (12/24),1
-48.343502,40.426968,Final Refined EEGNet (12/24),1
-56.041824,2.9932885,Final Refined EEGNet (12/24),1
-48.271053,41.768673,Final Refined EEGNet (12/24),1
-49.087566,35.204754,Final Refined EEGNet (12/24),1
-56.574055,3.1212034,Final Refined EEGNet (12/24),1
-56.823303,20.865147,Final Refined EEGNet (12/24),1
-52.696945,33.3207,Final Refined EEGNet (12/24),1
-47.897057,31.930458,Final Refined EEGNet (12/24),1
-48.367607,41.009155,Final Refined EEGNet (12/24),1
-50.88544,35.40656,Final Refined EEGNet (12/24),1
-49.276257,39.88511,Final Refined EEGNet (12/24),1
-58.51833,4.0330877,Final Refined EEGNet (12/24),1
-48.104385,41.73871,Final Refined EEGNet (12/24),1
-50.743797,33.761448,Final Refined EEGNet (12/24),1
-57.919308,21.25348,Final Refined EEGNet (12/24),1
-51.10213,29.130817,Final Refined EEGNet (12/24),1
-57.92683,20.237558,Final Refined EEGNet (12/24),1
-51.977013,33.17438,Final Refined EEGNet (12/24),1
-49.336308,36.523026,Final Refined EEGNet (12/24),1
-59.19982,4.491635,Final Refined EEGNet (12/24),1
-48.98232,44.12455,Final Refined EEGNet (12/24),1
-50.4673,36.479256,Final Refined EEGNet (12/24),1
-49.613403,35.240566,Final Refined EEGNet (12/24),1
-57.882484,20.627104,Final Refined EEGNet (12/24),1
-51.871643,29.334854,Final Refined EEGNet (12/24),1
-49.414597,39.46459,Final Refined EEGNet (12/24),1
-59.114384,4.6750145,Final Refined EEGNet (12/24),1
-48.871944,43.988445,Final Refined EEGNet (12/24),1
-48.95651,44.238884,Final Refined EEGNet (12/24),1
-49.956238,38.98903,Final Refined EEGNet (12/24),1
-58.903168,4.170609,Final Refined EEGNet (12/24),1
-58.799316,20.14165,Final Refined EEGNet (12/24),1
-52.633106,33.216274,Final Refined EEGNet (12/24),1
-49.4828,39.982914,Final Refined EEGNet (12/24),1
-58.78746,4.024303,Final Refined EEGNet (12/24),1
-48.893993,44.3588,Final Refined EEGNet (12/24),1
-50.54993,35.83748,Final Refined EEGNet (12/24),1
-57.971943,21.174494,Final Refined EEGNet (12/24),1
-53.007347,33.304104,Final Refined EEGNet (12/24),1
-49.205902,34.19123,Final Refined EEGNet (12/24),1
-59.23129,21.155317,Final Refined EEGNet (12/24),1
-53.316265,31.850826,Final Refined EEGNet (12/24),1
-49.25911,33.578354,Final Refined EEGNet (12/24),1
-58.834606,4.3669333,Final Refined EEGNet (12/24),1
-48.967625,43.824074,Final Refined EEGNet (12/24),1
-50.94062,33.631493,Final Refined EEGNet (12/24),1
-54.255577,6.2276464,Final Refined EEGNet (12/24),1
-46.54153,47.097065,Final Refined EEGNet (12/24),1
-46.04694,40.661865,Final Refined EEGNet (12/24),1
-50.637142,20.689175,Final Refined EEGNet (12/24),1
-47.474957,29.48359,Final Refined EEGNet (12/24),1
-44.114864,42.9449,Final Refined EEGNet (12/24),1
-47.30241,32.983387,Final Refined EEGNet (12/24),1
-50.87557,20.976326,Final Refined EEGNet (12/24),1
-49.121334,25.860739,Final Refined EEGNet (12/24),1
-44.28702,42.76394,Final Refined EEGNet (12/24),1
-53.79781,5.531116,Final Refined EEGNet (12/24),1
-47.046295,47.148922,Final Refined EEGNet (12/24),1
-51.290955,21.470226,Final Refined EEGNet (12/24),1
-49.913017,29.925022,Final Refined EEGNet (12/24),1
-47.24377,33.298363,Final Refined EEGNet (12/24),1
-53.149456,5.788797,Final Refined EEGNet (12/24),1
-43.723633,40.74835,Final Refined EEGNet (12/24),1
-47.4873,41.67838,Final Refined EEGNet (12/24),1
-51.372173,4.0495224,Final Refined EEGNet (12/24),1
-51.62635,20.65896,Final Refined EEGNet (12/24),1
-49.21751,34.66801,Final Refined EEGNet (12/24),1
-47.13495,33.378338,Final Refined EEGNet (12/24),1
-43.541996,40.720524,Final Refined EEGNet (12/24),1
-47.591076,40.381607,Final Refined EEGNet (12/24),1
-46.04779,44.20415,Final Refined EEGNet (12/24),1
-53.241756,6.0605683,Final Refined EEGNet (12/24),1
-44.435253,43.390778,Final Refined EEGNet (12/24),1
-47.324017,33.04471,Final Refined EEGNet (12/24),1
-51.457813,22.086742,Final Refined EEGNet (12/24),1
-50.04454,30.2084,Final Refined EEGNet (12/24),1
-51.190285,20.87879,Final Refined EEGNet (12/24),1
-45.787056,35.85624,Final Refined EEGNet (12/24),1
-43.65909,40.67841,Final Refined EEGNet (12/24),1
-54.417107,5.9817915,Final Refined EEGNet (12/24),1
-46.824707,46.91016,Final Refined EEGNet (12/24),1
-47.53127,33.71105,Final Refined EEGNet (12/24),1
-47.70733,31.131584,Final Refined EEGNet (12/24),1
-51.226425,21.518154,Final Refined EEGNet (12/24),1
-49.667015,34.47691,Final Refined EEGNet (12/24),1
-43.746277,40.894855,Final Refined EEGNet (12/24),1
-54.62059,5.7293324,Final Refined EEGNet (12/24),1
-45.887608,44.88313,Final Refined EEGNet (12/24),1
-44.81753,42.650234,Final Refined EEGNet (12/24),1
-47.642933,37.43949,Final Refined EEGNet (12/24),1
-52.493626,5.039628,Final Refined EEGNet (12/24),1
-50.90658,25.69628,Final Refined EEGNet (12/24),1
-50.53395,23.161474,Final Refined EEGNet (12/24),1
-46.968548,33.73516,Final Refined EEGNet (12/24),1
-53.577183,18.643795,Final Refined EEGNet (12/24),1
-45.957382,44.680504,Final Refined EEGNet (12/24),1
-47.462048,38.50194,Final Refined EEGNet (12/24),1
-55.619038,21.819216,Final Refined EEGNet (12/24),1
-50.008682,27.483606,Final Refined EEGNet (12/24),1
-48.215816,45.58291,Final Refined EEGNet (12/24),1
-51.020245,25.713074,Final Refined EEGNet (12/24),1
-49.954353,29.694212,Final Refined EEGNet (12/24),1
-44.22997,42.943027,Final Refined EEGNet (12/24),1
-54.10925,5.8894305,Final Refined EEGNet (12/24),1
-45.02928,44.03366,Final Refined EEGNet (12/24),1
-49.392227,40.2592,Final Refined EEGNet (12/24),1
50.13108,31.494553,Final Refined EEGNet (12/24),2
13.221787,-75.11049,Final Refined EEGNet (12/24),2
50.037853,32.42379,Final Refined EEGNet (12/24),2
49.839634,33.46472,Final Refined EEGNet (12/24),2
13.578594,-74.95629,Final Refined EEGNet (12/24),2
50.221058,27.00393,Final Refined EEGNet (12/24),2
49.8524,33.085854,Final Refined EEGNet (12/24),2
49.32088,31.694838,Final Refined EEGNet (12/24),2
49.4758,32.180622,Final Refined EEGNet (12/24),2
49.663967,33.931484,Final Refined EEGNet (12/24),2
48.935337,30.769234,Final Refined EEGNet (12/24),2
16.622528,-76.02329,Final Refined EEGNet (12/24),2
49.539494,31.863003,Final Refined EEGNet (12/24),2
49.25119,34.358006,Final Refined EEGNet (12/24),2
50.027542,25.592365,Final Refined EEGNet (12/24),2
49.3401,33.222485,Final Refined EEGNet (12/24),2
50.1302,25.559992,Final Refined EEGNet (12/24),2
48.86188,33.781013,Final Refined EEGNet (12/24),2
48.27282,30.65151,Final Refined EEGNet (12/24),2
13.733561,-76.47351,Final Refined EEGNet (12/24),2
48.55977,32.252937,Final Refined EEGNet (12/24),2
48.49348,34.493816,Final Refined EEGNet (12/24),2
48.292274,34.027252,Final Refined EEGNet (12/24),2
49.334248,25.316875,Final Refined EEGNet (12/24),2
48.139637,33.403366,Final Refined EEGNet (12/24),2
48.033096,29.933882,Final Refined EEGNet (12/24),2
13.565466,-75.116585,Final Refined EEGNet (12/24),2
48.75137,30.735723,Final Refined EEGNet (12/24),2
47.78354,30.559195,Final Refined EEGNet (12/24),2
48.11217,34.324604,Final Refined EEGNet (12/24),2
18.314096,-75.52056,Final Refined EEGNet (12/24),2
50.056255,25.726307,Final Refined EEGNet (12/24),2
47.880695,34.877068,Final Refined EEGNet (12/24),2
47.84211,29.996529,Final Refined EEGNet (12/24),2
13.70142,-74.99054,Final Refined EEGNet (12/24),2
48.059498,31.823162,Final Refined EEGNet (12/24),2
47.9498,34.65048,Final Refined EEGNet (12/24),2
48.63558,20.738506,Final Refined EEGNet (12/24),2
48.056084,35.039536,Final Refined EEGNet (12/24),2
47.969326,30.15757,Final Refined EEGNet (12/24),2
48.305,21.15643,Final Refined EEGNet (12/24),2
47.95715,35.12839,Final Refined EEGNet (12/24),2
47.252655,31.727526,Final Refined EEGNet (12/24),2
14.55545,-76.90098,Final Refined EEGNet (12/24),2
48.48633,32.131992,Final Refined EEGNet (12/24),2
48.720795,34.794933,Final Refined EEGNet (12/24),2
22.884287,-56.554573,Final Refined EEGNet (12/24),2
48.247528,-43.54817,Final Refined EEGNet (12/24),2
49.79023,61.853886,Final Refined EEGNet (12/24),2
37.801964,24.633934,Final Refined EEGNet (12/24),2
47.20546,63.75997,Final Refined EEGNet (12/24),2
45.467968,51.245266,Final Refined EEGNet (12/24),2
47.143036,64.281654,Final Refined EEGNet (12/24),2
36.973057,26.558296,Final Refined EEGNet (12/24),2
46.435467,63.287037,Final Refined EEGNet (12/24),2
45.168602,52.25724,Final Refined EEGNet (12/24),2
21.065863,-78.12236,Final Refined EEGNet (12/24),2
46.557686,60.12777,Final Refined EEGNet (12/24),2
38.03666,26.16323,Final Refined EEGNet (12/24),2
46.201305,60.077946,Final Refined EEGNet (12/24),2
45.674694,50.790993,Final Refined EEGNet (12/24),2
21.100178,-78.215965,Final Refined EEGNet (12/24),2
44.737656,55.90187,Final Refined EEGNet (12/24),2
45.67634,63.73308,Final Refined EEGNet (12/24),2
19.94802,-78.59663,Final Refined EEGNet (12/24),2
38.304356,26.472704,Final Refined EEGNet (12/24),2
45.739166,59.879658,Final Refined EEGNet (12/24),2
44.806156,51.006523,Final Refined EEGNet (12/24),2
45.192947,55.436165,Final Refined EEGNet (12/24),2
45.28084,63.916206,Final Refined EEGNet (12/24),2
44.901585,50.308052,Final Refined EEGNet (12/24),2
19.476337,-78.152565,Final Refined EEGNet (12/24),2
44.743137,55.07122,Final Refined EEGNet (12/24),2
45.23425,64.09066,Final Refined EEGNet (12/24),2
38.645977,25.335081,Final Refined EEGNet (12/24),2
45.45865,59.23592,Final Refined EEGNet (12/24),2
37.830437,25.258417,Final Refined EEGNet (12/24),2
45.431705,59.03026,Final Refined EEGNet (12/24),2
46.160973,49.484447,Final Refined EEGNet (12/24),2
16.097477,-76.91763,Final Refined EEGNet (12/24),2
44.739613,52.538895,Final Refined EEGNet (12/24),2
45.37204,63.293,Final Refined EEGNet (12/24),2
45.283764,63.86152,Final Refined EEGNet (12/24),2
37.87848,25.290466,Final Refined EEGNet (12/24),2
45.90204,59.59886,Final Refined EEGNet (12/24),2
44.43123,50.757336,Final Refined EEGNet (12/24),2
9.139996,-57.99934,Final Refined EEGNet (12/24),2
44.630173,53.293514,Final Refined EEGNet (12/24),2
45.43792,53.29819,Final Refined EEGNet (12/24),2
45.134865,64.13598,Final Refined EEGNet (12/24),2
17.890324,-79.07386,Final Refined EEGNet (12/24),2
39.091965,27.109646,Final Refined EEGNet (12/24),2
46.223286,60.113197,Final Refined EEGNet (12/24),2
44.07092,51.280704,Final Refined EEGNet (12/24),2
20.567955,-77.87258,Final Refined EEGNet (12/24),2
43.308327,55.207844,Final Refined EEGNet (12/24),2
45.249985,63.032776,Final Refined EEGNet (12/24),2
38.427048,26.073656,Final Refined EEGNet (12/24),2
45.065464,59.32178,Final Refined EEGNet (12/24),2
44.823708,49.91455,Final Refined EEGNet (12/24),2
38.272026,26.256203,Final Refined EEGNet (12/24),2
45.690704,59.894905,Final Refined EEGNet (12/24),2
44.877445,51.4428,Final Refined EEGNet (12/24),2
18.655529,-79.65717,Final Refined EEGNet (12/24),2
45.16229,54.50798,Final Refined EEGNet (12/24),2
45.060585,63.55676,Final Refined EEGNet (12/24),2
18.109491,-78.02655,Final Refined EEGNet (12/24),2
45.022884,54.941635,Final Refined EEGNet (12/24),2
45.20701,62.527145,Final Refined EEGNet (12/24),2
37.544033,25.879372,Final Refined EEGNet (12/24),2
43.28247,58.051968,Final Refined EEGNet (12/24),2
43.768555,49.227837,Final Refined EEGNet (12/24),2
45.209534,62.73889,Final Refined EEGNet (12/24),2
37.9775,28.285807,Final Refined EEGNet (12/24),2
44.784657,61.414246,Final Refined EEGNet (12/24),2
43.1866,49.15119,Final Refined EEGNet (12/24),2
17.158285,-78.312096,Final Refined EEGNet (12/24),2
45.17806,55.10453,Final Refined EEGNet (12/24),2
37.806427,28.188946,Final Refined EEGNet (12/24),2
43.92076,59.58909,Final Refined EEGNet (12/24),2
43.97224,49.7666,Final Refined EEGNet (12/24),2
17.895866,-80.22167,Final Refined EEGNet (12/24),2
44.69951,54.808437,Final Refined EEGNet (12/24),2
45.66925,63.475826,Final Refined EEGNet (12/24),2
18.195396,-80.30705,Final Refined EEGNet (12/24),2
37.965744,27.758053,Final Refined EEGNet (12/24),2
44.02907,59.33219,Final Refined EEGNet (12/24),2
44.36495,50.719406,Final Refined EEGNet (12/24),2
44.748226,54.65182,Final Refined EEGNet (12/24),2
45.239956,62.788815,Final Refined EEGNet (12/24),2
44.18457,49.784912,Final Refined EEGNet (12/24),2
17.53822,-78.23606,Final Refined EEGNet (12/24),2
43.90881,56.62186,Final Refined EEGNet (12/24),2
45.62511,63.855507,Final Refined EEGNet (12/24),2
37.676838,27.815712,Final Refined EEGNet (12/24),2
44.6883,61.064087,Final Refined EEGNet (12/24),2
37.874092,27.242569,Final Refined EEGNet (12/24),2
44.33474,60.3514,Final Refined EEGNet (12/24),2
43.72033,50.765438,Final Refined EEGNet (12/24),2
9.362253,-58.132717,Final Refined EEGNet (12/24),2
43.641068,55.704994,Final Refined EEGNet (12/24),2
45.80162,63.44142,Final Refined EEGNet (12/24),2
45.736374,63.4165,Final Refined EEGNet (12/24),2
37.34754,27.128008,Final Refined EEGNet (12/24),2
44.56497,60.981995,Final Refined EEGNet (12/24),2
45.111263,50.138016,Final Refined EEGNet (12/24),2
15.266405,-79.30073,Final Refined EEGNet (12/24),2
43.904007,54.92964,Final Refined EEGNet (12/24),2
44.67164,54.605713,Final Refined EEGNet (12/24),2
45.270256,63.136456,Final Refined EEGNet (12/24),2
19.457912,-78.97001,Final Refined EEGNet (12/24),2
38.496563,27.639807,Final Refined EEGNet (12/24),2
44.851982,60.68085,Final Refined EEGNet (12/24),2
44.5411,50.18562,Final Refined EEGNet (12/24),2
15.3797035,-78.92614,Final Refined EEGNet (12/24),2
43.700382,54.282238,Final Refined EEGNet (12/24),2
44.930824,61.849594,Final Refined EEGNet (12/24),2
37.71811,28.135494,Final Refined EEGNet (12/24),2
43.216022,57.943813,Final Refined EEGNet (12/24),2
43.99831,49.602226,Final Refined EEGNet (12/24),2
37.04271,27.24671,Final Refined EEGNet (12/24),2
43.969807,59.65844,Final Refined EEGNet (12/24),2
43.59685,49.386814,Final Refined EEGNet (12/24),2
18.004826,-79.600296,Final Refined EEGNet (12/24),2
43.769367,54.532112,Final Refined EEGNet (12/24),2
45.246212,62.53746,Final Refined EEGNet (12/24),2
17.896385,-75.92405,Final Refined EEGNet (12/24),2
46.862385,60.07802,Final Refined EEGNet (12/24),2
47.35174,63.876022,Final Refined EEGNet (12/24),2
37.80442,25.461048,Final Refined EEGNet (12/24),2
47.17697,63.080975,Final Refined EEGNet (12/24),2
44.792164,52.305878,Final Refined EEGNet (12/24),2
46.649628,63.69777,Final Refined EEGNet (12/24),2
38.772533,26.69651,Final Refined EEGNet (12/24),2
45.33557,60.097088,Final Refined EEGNet (12/24),2
44.451942,50.392704,Final Refined EEGNet (12/24),2
19.529366,-77.49139,Final Refined EEGNet (12/24),2
44.918785,57.12268,Final Refined EEGNet (12/24),2
39.362183,26.947624,Final Refined EEGNet (12/24),2
45.683815,59.310143,Final Refined EEGNet (12/24),2
43.236397,51.83221,Final Refined EEGNet (12/24),2
18.483921,-76.44051,Final Refined EEGNet (12/24),2
43.881916,55.94123,Final Refined EEGNet (12/24),2
45.259953,59.54375,Final Refined EEGNet (12/24),2
19.192654,-77.81528,Final Refined EEGNet (12/24),2
39.909798,27.836498,Final Refined EEGNet (12/24),2
42.82147,56.60932,Final Refined EEGNet (12/24),2
42.975037,51.362144,Final Refined EEGNet (12/24),2
44.1351,54.178436,Final Refined EEGNet (12/24),2
45.349236,58.62317,Final Refined EEGNet (12/24),2
43.1622,51.532948,Final Refined EEGNet (12/24),2
19.36569,-78.30045,Final Refined EEGNet (12/24),2
42.42577,54.84023,Final Refined EEGNet (12/24),2
44.750412,60.02139,Final Refined EEGNet (12/24),2
38.6982,27.879547,Final Refined EEGNet (12/24),2
43.00957,56.52936,Final Refined EEGNet (12/24),2
38.73855,27.678833,Final Refined EEGNet (12/24),2
43.5769,57.880867,Final Refined EEGNet (12/24),2
42.608627,50.92156,Final Refined EEGNet (12/24),2
18.7379,-77.74728,Final Refined EEGNet (12/24),2
42.956203,55.033817,Final Refined EEGNet (12/24),2
44.5861,60.288574,Final Refined EEGNet (12/24),2
43.61304,60.728764,Final Refined EEGNet (12/24),2
38.223396,28.411047,Final Refined EEGNet (12/24),2
42.215332,56.89476,Final Refined EEGNet (12/24),2
42.73182,48.93237,Final Refined EEGNet (12/24),2
19.947422,-78.00454,Final Refined EEGNet (12/24),2
43.697155,53.32182,Final Refined EEGNet (12/24),2
42.702297,54.34811,Final Refined EEGNet (12/24),2
44.371937,61.083042,Final Refined EEGNet (12/24),2
19.606642,-78.370056,Final Refined EEGNet (12/24),2
39.825653,28.265152,Final Refined EEGNet (12/24),2
43.613144,58.657635,Final Refined EEGNet (12/24),2
42.491222,48.802868,Final Refined EEGNet (12/24),2
13.714814,-77.81402,Final Refined EEGNet (12/24),2
42.37998,53.94329,Final Refined EEGNet (12/24),2
44.19922,60.35575,Final Refined EEGNet (12/24),2
37.526665,27.287832,Final Refined EEGNet (12/24),2
42.60722,56.27468,Final Refined EEGNet (12/24),2
43.335423,51.127525,Final Refined EEGNet (12/24),2
38.116882,29.160463,Final Refined EEGNet (12/24),2
42.371407,57.02325,Final Refined EEGNet (12/24),2
42.837006,49.45629,Final Refined EEGNet (12/24),2
17.874203,-79.67126,Final Refined EEGNet (12/24),2
41.488255,52.20346,Final Refined EEGNet (12/24),2
43.45027,57.799217,Final Refined EEGNet (12/24),2
17.31454,-76.31021,Final Refined EEGNet (12/24),2
45.167747,57.5362,Final Refined EEGNet (12/24),2
47.224613,64.01284,Final Refined EEGNet (12/24),2
38.346386,25.401043,Final Refined EEGNet (12/24),2
46.979465,63.249325,Final Refined EEGNet (12/24),2
45.320858,51.126278,Final Refined EEGNet (12/24),2
47.065723,64.15854,Final Refined EEGNet (12/24),2
38.25529,25.421309,Final Refined EEGNet (12/24),2
46.8479,63.52828,Final Refined EEGNet (12/24),2
43.89611,52.0158,Final Refined EEGNet (12/24),2
16.501905,-77.32527,Final Refined EEGNet (12/24),2
42.933628,56.474533,Final Refined EEGNet (12/24),2
39.47545,25.474884,Final Refined EEGNet (12/24),2
44.733585,60.93424,Final Refined EEGNet (12/24),2
43.952988,50.866825,Final Refined EEGNet (12/24),2
16.677563,-77.78054,Final Refined EEGNet (12/24),2
42.580338,56.844692,Final Refined EEGNet (12/24),2
46.27759,64.009155,Final Refined EEGNet (12/24),2
16.146515,-77.972725,Final Refined EEGNet (12/24),2
39.074173,27.149616,Final Refined EEGNet (12/24),2
42.274937,57.539932,Final Refined EEGNet (12/24),2
43.79949,51.04639,Final Refined EEGNet (12/24),2
41.913105,56.87788,Final Refined EEGNet (12/24),2
37.695072,60.04793,Final Refined EEGNet (12/24),2
43.71865,49.169613,Final Refined EEGNet (12/24),2
17.207262,-79.23413,Final Refined EEGNet (12/24),2
38.618793,55.981194,Final Refined EEGNet (12/24),2
37.57105,61.50259,Final Refined EEGNet (12/24),2
37.224274,27.483303,Final Refined EEGNet (12/24),2
37.32337,58.675846,Final Refined EEGNet (12/24),2
37.198578,28.224537,Final Refined EEGNet (12/24),2
37.173306,58.472504,Final Refined EEGNet (12/24),2
41.054287,48.699696,Final Refined EEGNet (12/24),2
18.744587,-78.10882,Final Refined EEGNet (12/24),2
37.47717,56.11332,Final Refined EEGNet (12/24),2
37.066986,61.751743,Final Refined EEGNet (12/24),2
37.300808,60.67406,Final Refined EEGNet (12/24),2
36.750538,27.518534,Final Refined EEGNet (12/24),2
37.077652,58.27771,Final Refined EEGNet (12/24),2
41.09763,48.519447,Final Refined EEGNet (12/24),2
18.595566,-79.30509,Final Refined EEGNet (12/24),2
37.3231,56.127075,Final Refined EEGNet (12/24),2
36.96139,56.365986,Final Refined EEGNet (12/24),2
36.733677,60.032642,Final Refined EEGNet (12/24),2
17.611488,-78.87965,Final Refined EEGNet (12/24),2
38.00304,29.58419,Final Refined EEGNet (12/24),2
37.28936,59.442226,Final Refined EEGNet (12/24),2
40.793655,48.70125,Final Refined EEGNet (12/24),2
16.175102,-77.29497,Final Refined EEGNet (12/24),2
37.56899,57.06392,Final Refined EEGNet (12/24),2
37.066143,61.24721,Final Refined EEGNet (12/24),2
36.5123,28.03902,Final Refined EEGNet (12/24),2
36.796955,58.671646,Final Refined EEGNet (12/24),2
40.560463,48.540493,Final Refined EEGNet (12/24),2
36.41347,28.20126,Final Refined EEGNet (12/24),2
37.04494,59.260727,Final Refined EEGNet (12/24),2
40.636745,48.88561,Final Refined EEGNet (12/24),2
16.983215,-78.12031,Final Refined EEGNet (12/24),2
37.345715,57.478546,Final Refined EEGNet (12/24),2
37.20504,60.419155,Final Refined EEGNet (12/24),2
19.405807,-78.24712,Final Refined EEGNet (12/24),2
37.148155,56.264587,Final Refined EEGNet (12/24),2
36.828247,61.077538,Final Refined EEGNet (12/24),2
36.82089,28.82331,Final Refined EEGNet (12/24),2
36.729664,57.45045,Final Refined EEGNet (12/24),2
40.608448,48.543232,Final Refined EEGNet (12/24),2
36.92712,61.591686,Final Refined EEGNet (12/24),2
37.794144,29.697657,Final Refined EEGNet (12/24),2
36.79943,57.919994,Final Refined EEGNet (12/24),2
40.871376,48.424244,Final Refined EEGNet (12/24),2
18.96683,-78.970406,Final Refined EEGNet (12/24),2
36.981762,57.160843,Final Refined EEGNet (12/24),2
37.050087,29.259977,Final Refined EEGNet (12/24),2
36.7028,58.58674,Final Refined EEGNet (12/24),2
41.14388,48.22257,Final Refined EEGNet (12/24),2
18.841513,-78.04094,Final Refined EEGNet (12/24),2
37.148537,56.77405,Final Refined EEGNet (12/24),2
36.837513,61.283638,Final Refined EEGNet (12/24),2
18.02722,-78.17923,Final Refined EEGNet (12/24),2
36.910797,29.401001,Final Refined EEGNet (12/24),2
36.689415,59.463257,Final Refined EEGNet (12/24),2
40.494473,48.3203,Final Refined EEGNet (12/24),2
37.04879,57.892643,Final Refined EEGNet (12/24),2
36.542614,60.48773,Final Refined EEGNet (12/24),2
40.452503,48.363243,Final Refined EEGNet (12/24),2
18.955626,-78.74036,Final Refined EEGNet (12/24),2
37.086227,56.268932,Final Refined EEGNet (12/24),2
36.808315,61.560997,Final Refined EEGNet (12/24),2
36.836227,29.385954,Final Refined EEGNet (12/24),2
36.76196,58.968636,Final Refined EEGNet (12/24),2
36.864803,29.320658,Final Refined EEGNet (12/24),2
36.41623,57.739662,Final Refined EEGNet (12/24),2
40.208508,48.47338,Final Refined EEGNet (12/24),2
18.073088,-78.4399,Final Refined EEGNet (12/24),2
37.052036,56.466877,Final Refined EEGNet (12/24),2
36.684845,61.43599,Final Refined EEGNet (12/24),2
36.762913,61.24831,Final Refined EEGNet (12/24),2
36.76462,28.73802,Final Refined EEGNet (12/24),2
36.57433,58.02329,Final Refined EEGNet (12/24),2
40.186344,48.447968,Final Refined EEGNet (12/24),2
17.785324,-78.39009,Final Refined EEGNet (12/24),2
36.61855,56.740234,Final Refined EEGNet (12/24),2
36.90606,56.713634,Final Refined EEGNet (12/24),2
36.63564,61.243343,Final Refined EEGNet (12/24),2
18.604345,-78.19279,Final Refined EEGNet (12/24),2
36.8267,28.910072,Final Refined EEGNet (12/24),2
36.803814,59.381645,Final Refined EEGNet (12/24),2
41.072853,48.263535,Final Refined EEGNet (12/24),2
17.996078,-78.54906,Final Refined EEGNet (12/24),2
36.905273,56.930515,Final Refined EEGNet (12/24),2
36.758095,61.084957,Final Refined EEGNet (12/24),2
37.220634,29.29898,Final Refined EEGNet (12/24),2
36.566998,57.48126,Final Refined EEGNet (12/24),2
40.63388,48.55564,Final Refined EEGNet (12/24),2
37.361473,29.00675,Final Refined EEGNet (12/24),2
36.897305,59.35251,Final Refined EEGNet (12/24),2
40.390408,48.046013,Final Refined EEGNet (12/24),2
14.582581,-78.46851,Final Refined EEGNet (12/24),2
36.55683,56.15969,Final Refined EEGNet (12/24),2
36.405552,60.360455,Final Refined EEGNet (12/24),2
13.214761,-74.56663,Final Refined EEGNet (12/24),2
50.743282,33.58776,Final Refined EEGNet (12/24),2
49.765953,35.174202,Final Refined EEGNet (12/24),2
49.852615,25.863485,Final Refined EEGNet (12/24),2
49.583683,35.008144,Final Refined EEGNet (12/24),2
48.53243,31.914583,Final Refined EEGNet (12/24),2
49.759014,35.334923,Final Refined EEGNet (12/24),2
49.188877,30.522867,Final Refined EEGNet (12/24),2
49.76074,34.94779,Final Refined EEGNet (12/24),2
49.4422,32.565365,Final Refined EEGNet (12/24),2
13.31287,-74.52865,Final Refined EEGNet (12/24),2
50.254787,34.265038,Final Refined EEGNet (12/24),2
50.07676,28.394617,Final Refined EEGNet (12/24),2
50.07878,34.88698,Final Refined EEGNet (12/24),2
48.833313,31.92815,Final Refined EEGNet (12/24),2
15.043786,-76.0031,Final Refined EEGNet (12/24),2
48.469765,33.120033,Final Refined EEGNet (12/24),2
48.160156,35.420067,Final Refined EEGNet (12/24),2
15.122775,-76.08227,Final Refined EEGNet (12/24),2
49.406487,25.988111,Final Refined EEGNet (12/24),2
47.221924,35.5834,Final Refined EEGNet (12/24),2
43.5054,35.70612,Final Refined EEGNet (12/24),2
43.560863,37.836338,Final Refined EEGNet (12/24),2
47.458523,35.801266,Final Refined EEGNet (12/24),2
42.8094,35.602486,Final Refined EEGNet (12/24),2
15.113478,-76.499054,Final Refined EEGNet (12/24),2
43.280655,38.242344,Final Refined EEGNet (12/24),2
43.112286,38.759758,Final Refined EEGNet (12/24),2
47.43964,23.456806,Final Refined EEGNet (12/24),2
42.598198,38.5003,Final Refined EEGNet (12/24),2
47.847744,23.905207,Final Refined EEGNet (12/24),2
42.473454,39.08452,Final Refined EEGNet (12/24),2
41.50518,35.22835,Final Refined EEGNet (12/24),2
14.60216,-75.89629,Final Refined EEGNet (12/24),2
42.09627,38.55231,Final Refined EEGNet (12/24),2
41.369183,41.236794,Final Refined EEGNet (12/24),2
41.50562,40.939316,Final Refined EEGNet (12/24),2
47.501526,23.557436,Final Refined EEGNet (12/24),2
41.86855,39.75098,Final Refined EEGNet (12/24),2
40.47048,33.832615,Final Refined EEGNet (12/24),2
14.312837,-75.87351,Final Refined EEGNet (12/24),2
42.136814,38.60486,Final Refined EEGNet (12/24),2
41.255825,39.156124,Final Refined EEGNet (12/24),2
41.238777,41.13488,Final Refined EEGNet (12/24),2
14.654677,-78.01697,Final Refined EEGNet (12/24),2
47.93261,23.72049,Final Refined EEGNet (12/24),2
42.357143,39.651394,Final Refined EEGNet (12/24),2
40.523342,34.277805,Final Refined EEGNet (12/24),2
15.521833,-76.45121,Final Refined EEGNet (12/24),2
41.297943,38.647533,Final Refined EEGNet (12/24),2
40.662617,41.707783,Final Refined EEGNet (12/24),2
47.18332,23.484144,Final Refined EEGNet (12/24),2
42.56775,39.57215,Final Refined EEGNet (12/24),2
41.60314,35.34437,Final Refined EEGNet (12/24),2
47.540623,23.415794,Final Refined EEGNet (12/24),2
41.919865,39.50434,Final Refined EEGNet (12/24),2
40.643185,34.387493,Final Refined EEGNet (12/24),2
15.684237,-76.04457,Final Refined EEGNet (12/24),2
42.331066,39.169437,Final Refined EEGNet (12/24),2
41.145176,41.607117,Final Refined EEGNet (12/24),2
15.655251,-76.76953,Final Refined EEGNet (12/24),2
42.25343,38.872803,Final Refined EEGNet (12/24),2
40.379425,42.020576,Final Refined EEGNet (12/24),2
46.840443,22.958462,Final Refined EEGNet (12/24),2
41.207554,40.471287,Final Refined EEGNet (12/24),2
41.05254,34.738873,Final Refined EEGNet (12/24),2
40.576702,41.904438,Final Refined EEGNet (12/24),2
47.491108,23.200094,Final Refined EEGNet (12/24),2
42.278694,39.72202,Final Refined EEGNet (12/24),2
40.495773,33.94245,Final Refined EEGNet (12/24),2
15.761722,-77.72236,Final Refined EEGNet (12/24),2
41.013866,39.199093,Final Refined EEGNet (12/24),2
47.417862,22.992197,Final Refined EEGNet (12/24),2
41.122738,40.338448,Final Refined EEGNet (12/24),2
40.38511,34.641838,Final Refined EEGNet (12/24),2
15.096122,-77.46867,Final Refined EEGNet (12/24),2
40.747234,39.55978,Final Refined EEGNet (12/24),2
39.8685,42.558563,Final Refined EEGNet (12/24),2
15.841683,-77.804474,Final Refined EEGNet (12/24),2
47.231735,23.674366,Final Refined EEGNet (12/24),2
40.82034,41.142483,Final Refined EEGNet (12/24),2
40.180325,34.77071,Final Refined EEGNet (12/24),2
40.899185,39.23159,Final Refined EEGNet (12/24),2
40.561405,41.81097,Final Refined EEGNet (12/24),2
40.207565,34.714077,Final Refined EEGNet (12/24),2
14.633658,-77.92573,Final Refined EEGNet (12/24),2
41.338432,38.60589,Final Refined EEGNet (12/24),2
40.656975,41.78093,Final Refined EEGNet (12/24),2
47.8539,22.377085,Final Refined EEGNet (12/24),2
41.138527,40.865788,Final Refined EEGNet (12/24),2
47.48142,23.323835,Final Refined EEGNet (12/24),2
40.161377,41.20965,Final Refined EEGNet (12/24),2
40.482105,34.173016,Final Refined EEGNet (12/24),2
16.570307,-77.15546,Final Refined EEGNet (12/24),2
40.684216,39.549564,Final Refined EEGNet (12/24),2
39.323715,43.220665,Final Refined EEGNet (12/24),2
39.95787,42.142696,Final Refined EEGNet (12/24),2
47.609016,22.53982,Final Refined EEGNet (12/24),2
40.109695,41.57515,Final Refined EEGNet (12/24),2
40.022915,34.75084,Final Refined EEGNet (12/24),2
14.935699,-77.73025,Final Refined EEGNet (12/24),2
40.973064,39.06021,Final Refined EEGNet (12/24),2
40.013416,40.411533,Final Refined EEGNet (12/24),2
39.73589,42.514576,Final Refined EEGNet (12/24),2
15.372411,-77.4866,Final Refined EEGNet (12/24),2
47.51747,23.663633,Final Refined EEGNet (12/24),2
40.644516,41.943466,Final Refined EEGNet (12/24),2
40.168667,34.603115,Final Refined EEGNet (12/24),2
15.425469,-77.05612,Final Refined EEGNet (12/24),2
40.482235,43.356438,Final Refined EEGNet (12/24),2
39.19093,43.395176,Final Refined EEGNet (12/24),2
47.18321,23.076202,Final Refined EEGNet (12/24),2
40.183613,41.3182,Final Refined EEGNet (12/24),2
40.00308,35.074177,Final Refined EEGNet (12/24),2
46.67733,22.969536,Final Refined EEGNet (12/24),2
40.048344,41.323353,Final Refined EEGNet (12/24),2
39.923885,34.493195,Final Refined EEGNet (12/24),2
16.168713,-77.26982,Final Refined EEGNet (12/24),2
40.59359,39.956913,Final Refined EEGNet (12/24),2
40.073204,42.315304,Final Refined EEGNet (12/24),2
13.777396,-74.88401,Final Refined EEGNet (12/24),2
46.33318,31.888992,Final Refined EEGNet (12/24),2
46.32666,45.734276,Final Refined EEGNet (12/24),2
48.4577,20.752241,Final Refined EEGNet (12/24),2
42.161118,36.932888,Final Refined EEGNet (12/24),2
39.901417,28.444397,Final Refined EEGNet (12/24),2
46.05261,45.651875,Final Refined EEGNet (12/24),2
46.653023,21.68605,Final Refined EEGNet (12/24),2
45.999546,45.692787,Final Refined EEGNet (12/24),2
45.327496,31.526175,Final Refined EEGNet (12/24),2
20.297186,-77.66008,Final Refined EEGNet (12/24),2
45.28131,31.547693,Final Refined EEGNet (12/24),2
48.38988,21.044382,Final Refined EEGNet (12/24),2
42.205627,37.066525,Final Refined EEGNet (12/24),2
39.98812,28.690527,Final Refined EEGNet (12/24),2
13.4858,-77.350174,Final Refined EEGNet (12/24),2
42.216618,35.96079,Final Refined EEGNet (12/24),2
47.186386,46.995388,Final Refined EEGNet (12/24),2
20.596325,-77.703705,Final Refined EEGNet (12/24),2
47.59108,21.519392,Final Refined EEGNet (12/24),2
42.158607,37.163025,Final Refined EEGNet (12/24),2
39.74614,27.893349,Final Refined EEGNet (12/24),2
40.574936,29.327974,Final Refined EEGNet (12/24),2
47.12251,46.584892,Final Refined EEGNet (12/24),2
39.121403,27.450558,Final Refined EEGNet (12/24),2
18.556932,-76.55422,Final Refined EEGNet (12/24),2
48.164665,44.77619,Final Refined EEGNet (12/24),2
47.850742,46.427406,Final Refined EEGNet (12/24),2
48.37418,18.748732,Final Refined EEGNet (12/24),2
47.385555,45.875317,Final Refined EEGNet (12/24),2
48.33263,18.733732,Final Refined EEGNet (12/24),2
47.786293,45.51613,Final Refined EEGNet (12/24),2
39.882526,26.197092,Final Refined EEGNet (12/24),2
14.121405,-77.81277,Final Refined EEGNet (12/24),2
48.211006,45.319942,Final Refined EEGNet (12/24),2
48.210453,46.899345,Final Refined EEGNet (12/24),2
48.25215,47.004524,Final Refined EEGNet (12/24),2
48.21072,17.761148,Final Refined EEGNet (12/24),2
47.828686,45.8094,Final Refined EEGNet (12/24),2
39.80205,25.555082,Final Refined EEGNet (12/24),2
18.947386,-75.93557,Final Refined EEGNet (12/24),2
48.146523,45.091373,Final Refined EEGNet (12/24),2
48.221962,45.277905,Final Refined EEGNet (12/24),2
48.232426,46.96827,Final Refined EEGNet (12/24),2
19.00921,-76.92237,Final Refined EEGNet (12/24),2
48.33564,18.686539,Final Refined EEGNet (12/24),2
47.764957,45.973606,Final Refined EEGNet (12/24),2
38.90218,24.739859,Final Refined EEGNet (12/24),2
17.405746,-76.18462,Final Refined EEGNet (12/24),2
40.641342,26.337976,Final Refined EEGNet (12/24),2
48.522625,47.399837,Final Refined EEGNet (12/24),2
48.200306,18.891493,Final Refined EEGNet (12/24),2
47.74499,45.628807,Final Refined EEGNet (12/24),2
39.681065,25.661488,Final Refined EEGNet (12/24),2
48.382545,18.115372,Final Refined EEGNet (12/24),2
47.701595,46.299187,Final Refined EEGNet (12/24),2
39.41715,25.362152,Final Refined EEGNet (12/24),2
13.865331,-76.54733,Final Refined EEGNet (12/24),2
48.22613,45.105892,Final Refined EEGNet (12/24),2
47.936363,45.90031,Final Refined EEGNet (12/24),2
16.962456,-81.16984,Final Refined EEGNet (12/24),2
76.77419,7.4900312,Final Refined EEGNet (12/24),2
75.99463,4.8751783,Final Refined EEGNet (12/24),2
63.812515,7.313577,Final Refined EEGNet (12/24),2
76.71453,5.9287167,Final Refined EEGNet (12/24),2
75.80698,6.147928,Final Refined EEGNet (12/24),2
76.43589,4.736972,Final Refined EEGNet (12/24),2
63.809017,10.269754,Final Refined EEGNet (12/24),2
76.550674,5.249176,Final Refined EEGNet (12/24),2
75.63457,7.144431,Final Refined EEGNet (12/24),2
14.717676,-76.069405,Final Refined EEGNet (12/24),2
76.06586,6.816908,Final Refined EEGNet (12/24),2
63.285294,10.177759,Final Refined EEGNet (12/24),2
76.983536,8.624632,Final Refined EEGNet (12/24),2
76.5947,7.968923,Final Refined EEGNet (12/24),2
17.058311,-81.05655,Final Refined EEGNet (12/24),2
77.31216,8.118453,Final Refined EEGNet (12/24),2
75.57906,4.7374477,Final Refined EEGNet (12/24),2
17.11276,-81.13785,Final Refined EEGNet (12/24),2
63.387997,9.8807,Final Refined EEGNet (12/24),2
77.036446,6.494823,Final Refined EEGNet (12/24),2
76.37092,7.8827877,Final Refined EEGNet (12/24),2
76.90794,6.844418,Final Refined EEGNet (12/24),2
75.76194,4.9677672,Final Refined EEGNet (12/24),2
76.17216,7.6426167,Final Refined EEGNet (12/24),2
17.452503,-80.92696,Final Refined EEGNet (12/24),2
77.637146,8.506787,Final Refined EEGNet (12/24),2
77.47855,7.6142416,Final Refined EEGNet (12/24),2
63.58751,10.236339,Final Refined EEGNet (12/24),2
76.442215,5.7275047,Final Refined EEGNet (12/24),2
63.46199,10.142839,Final Refined EEGNet (12/24),2
77.39538,7.725895,Final Refined EEGNet (12/24),2
76.11645,7.754533,Final Refined EEGNet (12/24),2
16.814444,-81.35061,Final Refined EEGNet (12/24),2
77.66324,8.452197,Final Refined EEGNet (12/24),2
77.36667,6.915892,Final Refined EEGNet (12/24),2
76.85414,6.1333866,Final Refined EEGNet (12/24),2
63.50985,10.286806,Final Refined EEGNet (12/24),2
77.038895,6.0467186,Final Refined EEGNet (12/24),2
76.47079,7.8648677,Final Refined EEGNet (12/24),2
17.243608,-81.19895,Final Refined EEGNet (12/24),2
77.14495,7.855177,Final Refined EEGNet (12/24),2
75.091324,4.4874363,Final Refined EEGNet (12/24),2
75.72164,4.917632,Final Refined EEGNet (12/24),2
17.011562,-80.902176,Final Refined EEGNet (12/24),2
63.539413,9.935997,Final Refined EEGNet (12/24),2
76.65396,6.238582,Final Refined EEGNet (12/24),2
75.90436,6.7883325,Final Refined EEGNet (12/24),2
16.93683,-81.16736,Final Refined EEGNet (12/24),2
76.34181,5.3760037,Final Refined EEGNet (12/24),2
76.929474,5.4648433,Final Refined EEGNet (12/24),2
63.210648,10.507481,Final Refined EEGNet (12/24),2
76.50608,5.756006,Final Refined EEGNet (12/24),2
76.765396,7.996041,Final Refined EEGNet (12/24),2
63.90756,10.115882,Final Refined EEGNet (12/24),2
76.7087,6.2650013,Final Refined EEGNet (12/24),2
76.660416,7.91899,Final Refined EEGNet (12/24),2
17.883842,-81.02684,Final Refined EEGNet (12/24),2
75.9316,6.536906,Final Refined EEGNet (12/24),2
76.76563,9.723081,Final Refined EEGNet (12/24),2
46.106205,-62.257336,Final Refined EEGNet (12/24),3
48.656857,-47.5506,Final Refined EEGNet (12/24),3
22.712582,-60.937393,Final Refined EEGNet (12/24),3
49.099842,-54.967705,Final Refined EEGNet (12/24),3
44.985153,-66.98633,Final Refined EEGNet (12/24),3
44.86484,-67.090416,Final Refined EEGNet (12/24),3
45.522343,-30.958857,Final Refined EEGNet (12/24),3
45.531696,-62.57795,Final Refined EEGNet (12/24),3
49.212162,-47.37981,Final Refined EEGNet (12/24),3
22.93124,-61.223938,Final Refined EEGNet (12/24),3
48.727406,-55.173946,Final Refined EEGNet (12/24),3
48.383152,-56.243416,Final Refined EEGNet (12/24),3
44.508877,-67.14672,Final Refined EEGNet (12/24),3
23.631973,-61.098473,Final Refined EEGNet (12/24),3
45.77773,-30.503027,Final Refined EEGNet (12/24),3
46.339016,-62.276146,Final Refined EEGNet (12/24),3
48.52129,-47.83584,Final Refined EEGNet (12/24),3
23.333822,-60.96793,Final Refined EEGNet (12/24),3
48.712418,-55.54029,Final Refined EEGNet (12/24),3
44.839333,-67.05575,Final Refined EEGNet (12/24),3
45.86208,-30.686605,Final Refined EEGNet (12/24),3
46.05894,-62.056664,Final Refined EEGNet (12/24),3
48.521545,-47.586937,Final Refined EEGNet (12/24),3
45.76605,-31.47449,Final Refined EEGNet (12/24),3
46.293564,-62.701138,Final Refined EEGNet (12/24),3
48.862087,-47.572937,Final Refined EEGNet (12/24),3
23.386652,-61.23862,Final Refined EEGNet (12/24),3
48.92184,-56.04601,Final Refined EEGNet (12/24),3
44.693783,-66.99846,Final Refined EEGNet (12/24),3
-9.70605,-50.276573,Final Refined EEGNet (12/24),3
55.70711,-51.84137,Final Refined EEGNet (12/24),3
53.95456,-53.954155,Final Refined EEGNet (12/24),3
42.019726,-30.413523,Final Refined EEGNet (12/24),3
54.071186,-53.587795,Final Refined EEGNet (12/24),3
48.285492,-42.443233,Final Refined EEGNet (12/24),3
53.90445,-54.20977,Final Refined EEGNet (12/24),3
42.037148,-30.326916,Final Refined EEGNet (12/24),3
53.9402,-53.790863,Final Refined EEGNet (12/24),3
48.175747,-42.380142,Final Refined EEGNet (12/24),3
22.461597,-56.98566,Final Refined EEGNet (12/24),3
55.353195,-51.92593,Final Refined EEGNet (12/24),3
41.424812,-30.011103,Final Refined EEGNet (12/24),3
55.591625,-52.00133,Final Refined EEGNet (12/24),3
48.380604,-41.589832,Final Refined EEGNet (12/24),3
21.748781,-56.910492,Final Refined EEGNet (12/24),3
55.290005,-51.620094,Final Refined EEGNet (12/24),3
53.75684,-54.202362,Final Refined EEGNet (12/24),3
22.420235,-57.11862,Final Refined EEGNet (12/24),3
41.682426,-29.805822,Final Refined EEGNet (12/24),3
53.9899,-53.637802,Final Refined EEGNet (12/24),3
47.986065,-42.561737,Final Refined EEGNet (12/24),3
51.60323,-48.00735,Final Refined EEGNet (12/24),3
53.760654,-54.24172,Final Refined EEGNet (12/24),3
47.970978,-42.55092,Final Refined EEGNet (12/24),3
22.56273,-56.732113,Final Refined EEGNet (12/24),3
51.909744,-47.881165,Final Refined EEGNet (12/24),3
53.64621,-54.30143,Final Refined EEGNet (12/24),3
42.426052,-29.829107,Final Refined EEGNet (12/24),3
50.5419,-52.88951,Final Refined EEGNet (12/24),3
42.77105,-29.334745,Final Refined EEGNet (12/24),3
50.159565,-53.14319,Final Refined EEGNet (12/24),3
47.4882,-43.845375,Final Refined EEGNet (12/24),3
22.915474,-57.30465,Final Refined EEGNet (12/24),3
51.25701,-48.2593,Final Refined EEGNet (12/24),3
49.145653,-57.665684,Final Refined EEGNet (12/24),3
48.93834,-57.892647,Final Refined EEGNet (12/24),3
42.964935,-29.369923,Final Refined EEGNet (12/24),3
50.126106,-53.41616,Final Refined EEGNet (12/24),3
47.784595,-43.441536,Final Refined EEGNet (12/24),3
23.019009,-56.53407,Final Refined EEGNet (12/24),3
51.112946,-48.43761,Final Refined EEGNet (12/24),3
50.884663,-48.57223,Final Refined EEGNet (12/24),3
48.99196,-57.80764,Final Refined EEGNet (12/24),3
23.367653,-59.256424,Final Refined EEGNet (12/24),3
43.297268,-29.630064,Final Refined EEGNet (12/24),3
49.800236,-53.417797,Final Refined EEGNet (12/24),3
47.56772,-43.850708,Final Refined EEGNet (12/24),3
23.239641,-59.59136,Final Refined EEGNet (12/24),3
50.87608,-48.729713,Final Refined EEGNet (12/24),3
48.30967,-58.18754,Final Refined EEGNet (12/24),3
44.985558,-29.301462,Final Refined EEGNet (12/24),3
49.36568,-53.480152,Final Refined EEGNet (12/24),3
47.476933,-44.03427,Final Refined EEGNet (12/24),3
44.588123,-29.456497,Final Refined EEGNet (12/24),3
49.033615,-53.551735,Final Refined EEGNet (12/24),3
47.496212,-44.20688,Final Refined EEGNet (12/24),3
23.273937,-61.829296,Final Refined EEGNet (12/24),3
50.965553,-48.681892,Final Refined EEGNet (12/24),3
47.993958,-58.60682,Final Refined EEGNet (12/24),3
23.957277,-60.96585,Final Refined EEGNet (12/24),3
47.318657,-52.60841,Final Refined EEGNet (12/24),3
45.482124,-65.15324,Final Refined EEGNet (12/24),3
46.05249,-28.353752,Final Refined EEGNet (12/24),3
45.59628,-61.25544,Final Refined EEGNet (12/24),3
46.563854,-46.288017,Final Refined EEGNet (12/24),3
45.250473,-65.70588,Final Refined EEGNet (12/24),3
45.229942,-29.018906,Final Refined EEGNet (12/24),3
45.887417,-61.449196,Final Refined EEGNet (12/24),3
46.642437,-46.365555,Final Refined EEGNet (12/24),3
23.385057,-60.687897,Final Refined EEGNet (12/24),3
47.3695,-52.461082,Final Refined EEGNet (12/24),3
44.99671,-29.631453,Final Refined EEGNet (12/24),3
45.976173,-60.621307,Final Refined EEGNet (12/24),3
46.56789,-46.47495,Final Refined EEGNet (12/24),3
23.651415,-61.069138,Final Refined EEGNet (12/24),3
47.30827,-52.6828,Final Refined EEGNet (12/24),3
45.01557,-66.19906,Final Refined EEGNet (12/24),3
23.122349,-61.58983,Final Refined EEGNet (12/24),3
45.343906,-29.31614,Final Refined EEGNet (12/24),3
45.55848,-61.579117,Final Refined EEGNet (12/24),3
46.497204,-46.86638,Final Refined EEGNet (12/24),3
47.49036,-53.107033,Final Refined EEGNet (12/24),3
44.8496,-66.624504,Final Refined EEGNet (12/24),3
46.549183,-46.651905,Final Refined EEGNet (12/24),3
22.667421,-61.80399,Final Refined EEGNet (12/24),3
47.413467,-52.62656,Final Refined EEGNet (12/24),3
45.170128,-66.16021,Final Refined EEGNet (12/24),3
46.03663,-29.67959,Final Refined EEGNet (12/24),3
45.805794,-61.65171,Final Refined EEGNet (12/24),3
46.08154,-29.58069,Final Refined EEGNet (12/24),3
45.81533,-61.14171,Final Refined EEGNet (12/24),3
46.639076,-46.61446,Final Refined EEGNet (12/24),3
22.383467,-61.56444,Final Refined EEGNet (12/24),3
47.32962,-52.897324,Final Refined EEGNet (12/24),3
45.530342,-66.61657,Final Refined EEGNet (12/24),3
45.366405,-66.66117,Final Refined EEGNet (12/24),3
46.646656,-29.48661,Final Refined EEGNet (12/24),3
46.208797,-62.769794,Final Refined EEGNet (12/24),3
47.843124,-47.287872,Final Refined EEGNet (12/24),3
22.914663,-62.02758,Final Refined EEGNet (12/24),3
48.248043,-55.321987,Final Refined EEGNet (12/24),3
48.10455,-55.21367,Final Refined EEGNet (12/24),3
42.91663,-67.14242,Final Refined EEGNet (12/24),3
22.8901,-61.769352,Final Refined EEGNet (12/24),3
43.479427,-30.442085,Final Refined EEGNet (12/24),3
48.522404,-61.86666,Final Refined EEGNet (12/24),3
49.522762,-45.61965,Final Refined EEGNet (12/24),3
24.232243,-60.66126,Final Refined EEGNet (12/24),3
47.91191,-54.617863,Final Refined EEGNet (12/24),3
43.491657,-66.26997,Final Refined EEGNet (12/24),3
44.994793,-28.098406,Final Refined EEGNet (12/24),3
48.08623,-61.467228,Final Refined EEGNet (12/24),3
49.076115,-45.41377,Final Refined EEGNet (12/24),3
45.167732,-27.981153,Final Refined EEGNet (12/24),3
48.17581,-61.23209,Final Refined EEGNet (12/24),3
49.122784,-45.348156,Final Refined EEGNet (12/24),3
22.98669,-56.386883,Final Refined EEGNet (12/24),3
47.56681,-53.875504,Final Refined EEGNet (12/24),3
43.975754,-65.52652,Final Refined EEGNet (12/24),3
-15.513688,-44.765106,Final Refined EEGNet (12/24),3
51.42806,-43.654526,Final Refined EEGNet (12/24),3
49.98386,-60.78346,Final Refined EEGNet (12/24),3
43.980255,-29.509787,Final Refined EEGNet (12/24),3
50.048306,-56.080627,Final Refined EEGNet (12/24),3
46.897297,-45.48567,Final Refined EEGNet (12/24),3
47.207817,-62.129726,Final Refined EEGNet (12/24),3
42.910282,-28.446808,Final Refined EEGNet (12/24),3
50.61474,-55.769978,Final Refined EEGNet (12/24),3
47.96095,-42.43882,Final Refined EEGNet (12/24),3
22.059212,-58.061337,Final Refined EEGNet (12/24),3
48.64175,-48.442253,Final Refined EEGNet (12/24),3
42.17042,-29.244484,Final Refined EEGNet (12/24),3
51.394093,-55.41495,Final Refined EEGNet (12/24),3
47.683796,-41.897175,Final Refined EEGNet (12/24),3
22.04417,-54.99402,Final Refined EEGNet (12/24),3
49.50988,-48.157524,Final Refined EEGNet (12/24),3
47.51458,-62.66835,Final Refined EEGNet (12/24),3
21.993444,-57.920933,Final Refined EEGNet (12/24),3
42.540573,-28.829731,Final Refined EEGNet (12/24),3
49.966652,-56.537155,Final Refined EEGNet (12/24),3
47.356346,-44.318386,Final Refined EEGNet (12/24),3
47.84825,-51.906414,Final Refined EEGNet (12/24),3
42.943672,-65.403046,Final Refined EEGNet (12/24),3
47.22362,-45.052288,Final Refined EEGNet (12/24),3
22.048483,-55.919853,Final Refined EEGNet (12/24),3
48.262856,-51.086506,Final Refined EEGNet (12/24),3
47.08832,-63.056774,Final Refined EEGNet (12/24),3
42.899227,-28.718027,Final Refined EEGNet (12/24),3
48.448616,-56.834,Final Refined EEGNet (12/24),3
43.63598,-29.497635,Final Refined EEGNet (12/24),3
47.361713,-58.05566,Final Refined EEGNet (12/24),3
47.39478,-44.995014,Final Refined EEGNet (12/24),3
22.092833,-57.427216,Final Refined EEGNet (12/24),3
47.85691,-52.084194,Final Refined EEGNet (12/24),3
45.833035,-63.400272,Final Refined EEGNet (12/24),3
46.16442,-62.860485,Final Refined EEGNet (12/24),3
43.11189,-28.570988,Final Refined EEGNet (12/24),3
47.05842,-59.958073,Final Refined EEGNet (12/24),3
47.21141,-45.240604,Final Refined EEGNet (12/24),3
22.743675,-55.939243,Final Refined EEGNet (12/24),3
48.20151,-51.26828,Final Refined EEGNet (12/24),3
47.55327,-52.336277,Final Refined EEGNet (12/24),3
45.637638,-64.10016,Final Refined EEGNet (12/24),3
22.687294,-55.503986,Final Refined EEGNet (12/24),3
43.05978,-28.622032,Final Refined EEGNet (12/24),3
46.98718,-59.377766,Final Refined EEGNet (12/24),3
47.645187,-45.14891,Final Refined EEGNet (12/24),3
22.033758,-57.37865,Final Refined EEGNet (12/24),3
48.70671,-51.108097,Final Refined EEGNet (12/24),3
45.52882,-64.43458,Final Refined EEGNet (12/24),3
44.08823,-29.107452,Final Refined EEGNet (12/24),3
47.36376,-58.710167,Final Refined EEGNet (12/24),3
47.00762,-45.490807,Final Refined EEGNet (12/24),3
43.548985,-28.198547,Final Refined EEGNet (12/24),3
46.979908,-58.969826,Final Refined EEGNet (12/24),3
46.6068,-46.136272,Final Refined EEGNet (12/24),3
22.73082,-55.931046,Final Refined EEGNet (12/24),3
46.74224,-51.2911,Final Refined EEGNet (12/24),3
44.755283,-65.31391,Final Refined EEGNet (12/24),3
21.724138,-59.170994,Final Refined EEGNet (12/24),3
51.936214,-43.94918,Final Refined EEGNet (12/24),3
48.51587,-62.26569,Final Refined EEGNet (12/24),3
43.503693,-31.124556,Final Refined EEGNet (12/24),3
46.31129,-66.22167,Final Refined EEGNet (12/24),3
48.686676,-46.159843,Final Refined EEGNet (12/24),3
42.42306,-66.54534,Final Refined EEGNet (12/24),3
44.00739,-30.929537,Final Refined EEGNet (12/24),3
50.01171,-60.65059,Final Refined EEGNet (12/24),3
50.14776,-45.499237,Final Refined EEGNet (12/24),3
21.851536,-60.60878,Final Refined EEGNet (12/24),3
51.392506,-55.11098,Final Refined EEGNet (12/24),3
43.347538,-31.780876,Final Refined EEGNet (12/24),3
50.18993,-60.66891,Final Refined EEGNet (12/24),3
50.95669,-43.875988,Final Refined EEGNet (12/24),3
22.06769,-59.92126,Final Refined EEGNet (12/24),3
52.85628,-54.09884,Final Refined EEGNet (12/24),3
41.80007,-66.37734,Final Refined EEGNet (12/24),3
22.265821,-60.84241,Final Refined EEGNet (12/24),3
43.66166,-32.105972,Final Refined EEGNet (12/24),3
49.92356,-60.97428,Final Refined EEGNet (12/24),3
48.67515,-45.951275,Final Refined EEGNet (12/24),3
50.18801,-55.797474,Final Refined EEGNet (12/24),3
42.805843,-66.685326,Final Refined EEGNet (12/24),3
49.82586,-46.100574,Final Refined EEGNet (12/24),3
22.815046,-61.557205,Final Refined EEGNet (12/24),3
52.54557,-54.605167,Final Refined EEGNet (12/24),3
41.952938,-66.531105,Final Refined EEGNet (12/24),3
44.585598,-30.981138,Final Refined EEGNet (12/24),3
49.935043,-60.965668,Final Refined EEGNet (12/24),3
44.5108,-30.652493,Final Refined EEGNet (12/24),3
48.269627,-61.783222,Final Refined EEGNet (12/24),3
49.31937,-46.43777,Final Refined EEGNet (12/24),3
22.86077,-61.138344,Final Refined EEGNet (12/24),3
50.057064,-55.162933,Final Refined EEGNet (12/24),3
42.980206,-66.82158,Final Refined EEGNet (12/24),3
43.18529,-67.12213,Final Refined EEGNet (12/24),3
45.050545,-31.253792,Final Refined EEGNet (12/24),3
47.681164,-61.68144,Final Refined EEGNet (12/24),3
49.287136,-46.403156,Final Refined EEGNet (12/24),3
22.768482,-60.848858,Final Refined EEGNet (12/24),3
50.407314,-55.34854,Final Refined EEGNet (12/24),3
48.946003,-54.877777,Final Refined EEGNet (12/24),3
43.608463,-66.93671,Final Refined EEGNet (12/24),3
22.83564,-59.73566,Final Refined EEGNet (12/24),3
44.322422,-32.027466,Final Refined EEGNet (12/24),3
47.414707,-61.719906,Final Refined EEGNet (12/24),3
48.867737,-46.865635,Final Refined EEGNet (12/24),3
22.430431,-60.75182,Final Refined EEGNet (12/24),3
48.46956,-56.025673,Final Refined EEGNet (12/24),3
44.206142,-67.33309,Final Refined EEGNet (12/24),3
44.98952,-31.38684,Final Refined EEGNet (12/24),3
46.648556,-62.198112,Final Refined EEGNet (12/24),3
48.688526,-46.9546,Final Refined EEGNet (12/24),3
44.381187,-31.792841,Final Refined EEGNet (12/24),3
47.32247,-62.469185,Final Refined EEGNet (12/24),3
48.682465,-47.383106,Final Refined EEGNet (12/24),3
24.017487,-60.726723,Final Refined EEGNet (12/24),3
49.61377,-55.926125,Final Refined EEGNet (12/24),3
43.691196,-67.364716,Final Refined EEGNet (12/24),3
22.899717,-60.607403,Final Refined EEGNet (12/24),3
48.787056,-54.96816,Final Refined EEGNet (12/24),3
43.704082,-66.90756,Final Refined EEGNet (12/24),3
45.257698,-31.137001,Final Refined EEGNet (12/24),3
46.76813,-62.170795,Final Refined EEGNet (12/24),3
48.68788,-47.199463,Final Refined EEGNet (12/24),3
43.432774,-67.26275,Final Refined EEGNet (12/24),3
45.537018,-31.724209,Final Refined EEGNet (12/24),3
46.91366,-61.996567,Final Refined EEGNet (12/24),3
48.880848,-46.815964,Final Refined EEGNet (12/24),3
21.884953,-57.25615,Final Refined EEGNet (12/24),3
49.072857,-54.863384,Final Refined EEGNet (12/24),3
44.41927,-31.52624,Final Refined EEGNet (12/24),3
47.181534,-61.002506,Final Refined EEGNet (12/24),3
48.962875,-46.281017,Final Refined EEGNet (12/24),3
23.200047,-60.169117,Final Refined EEGNet (12/24),3
48.846313,-55.087315,Final Refined EEGNet (12/24),3
43.84257,-67.79061,Final Refined EEGNet (12/24),3
22.378666,-60.977062,Final Refined EEGNet (12/24),3
44.306606,-30.673132,Final Refined EEGNet (12/24),3
47.59648,-61.843517,Final Refined EEGNet (12/24),3
48.65256,-46.950844,Final Refined EEGNet (12/24),3
48.322083,-55.717815,Final Refined EEGNet (12/24),3
43.94059,-67.039055,Final Refined EEGNet (12/24),3
49.019188,-46.71241,Final Refined EEGNet (12/24),3
22.351274,-60.371704,Final Refined EEGNet (12/24),3
49.36817,-55.779514,Final Refined EEGNet (12/24),3
43.45822,-66.99503,Final Refined EEGNet (12/24),3
45.36566,-31.337824,Final Refined EEGNet (12/24),3
46.99251,-62.549812,Final Refined EEGNet (12/24),3
44.327244,-31.56693,Final Refined EEGNet (12/24),3
47.920864,-60.846058,Final Refined EEGNet (12/24),3
49.5658,-46.86146,Final Refined EEGNet (12/24),3
22.692636,-60.287437,Final Refined EEGNet (12/24),3
48.960735,-55.61911,Final Refined EEGNet (12/24),3
43.67226,-66.995575,Final Refined EEGNet (12/24),3
44.039623,-67.229225,Final Refined EEGNet (12/24),3
44.340034,-31.380522,Final Refined EEGNet (12/24),3
47.146107,-62.60234,Final Refined EEGNet (12/24),3
48.359623,-47.197697,Final Refined EEGNet (12/24),3
22.648628,-61.482784,Final Refined EEGNet (12/24),3
49.310986,-54.561596,Final Refined EEGNet (12/24),3
49.14062,-54.540993,Final Refined EEGNet (12/24),3
44.016468,-67.397415,Final Refined EEGNet (12/24),3
24.050644,-60.731167,Final Refined EEGNet (12/24),3
44.417976,-31.913141,Final Refined EEGNet (12/24),3
47.47915,-62.296635,Final Refined EEGNet (12/24),3
48.9019,-47.219574,Final Refined EEGNet (12/24),3
22.513733,-60.991783,Final Refined EEGNet (12/24),3
49.7787,-54.207226,Final Refined EEGNet (12/24),3
44.46622,-67.077896,Final Refined EEGNet (12/24),3
44.586807,-31.19953,Final Refined EEGNet (12/24),3
46.073025,-62.58634,Final Refined EEGNet (12/24),3
48.89634,-47.40599,Final Refined EEGNet (12/24),3
45.21538,-31.239544,Final Refined EEGNet (12/24),3
47.18224,-61.973515,Final Refined EEGNet (12/24),3
49.56176,-46.92187,Final Refined EEGNet (12/24),3
22.955294,-60.574047,Final Refined EEGNet (12/24),3
49.183826,-55.46288,Final Refined EEGNet (12/24),3
44.585823,-67.13107,Final Refined EEGNet (12/24),3
5.643248,-22.312159,Final Refined EEGNet (12/24),4
-14.76048,-48.67481,Final Refined EEGNet (12/24),4
10.398037,-20.797594,Final Refined EEGNet (12/24),4
3.9114225,-25.75572,Final Refined EEGNet (12/24),4
3.0967457,-26.492691,Final Refined EEGNet (12/24),4
-9.616171,-43.467762,Final Refined EEGNet (12/24),4
-1.2870734,-26.906784,Final Refined EEGNet (12/24),4
6.5471,-24.828342,Final Refined EEGNet (12/24),4
-14.214053,-50.91448,Final Refined EEGNet (12/24),4
9.660368,-20.87054,Final Refined EEGNet (12/24),4
7.85514,-23.098608,Final Refined EEGNet (12/24),4
4.1249704,-22.849323,Final Refined EEGNet (12/24),4
-14.387512,-51.594215,Final Refined EEGNet (12/24),4
-10.194369,-42.123096,Final Refined EEGNet (12/24),4
-2.6014364,-25.716118,Final Refined EEGNet (12/24),4
7.7494326,-24.264946,Final Refined EEGNet (12/24),4
-15.575116,-49.694805,Final Refined EEGNet (12/24),4
9.270764,-21.316252,Final Refined EEGNet (12/24),4
3.9140615,-21.881836,Final Refined EEGNet (12/24),4
-10.949487,-42.25199,Final Refined EEGNet (12/24),4
-4.684318,-24.618187,Final Refined EEGNet (12/24),4
5.2714343,-22.06073,Final Refined EEGNet (12/24),4
-9.432935,-43.747253,Final Refined EEGNet (12/24),4
-3.0642922,-25.606745,Final Refined EEGNet (12/24),4
7.012653,-24.171606,Final Refined EEGNet (12/24),4
-13.89137,-51.104893,Final Refined EEGNet (12/24),4
10.489846,-21.036226,Final Refined EEGNet (12/24),4
3.7935674,-22.709036,Final Refined EEGNet (12/24),4
-14.247147,-46.31298,Final Refined EEGNet (12/24),4
-47.271126,21.641668,Final Refined EEGNet (12/24),4
-47.1341,-8.631323,Final Refined EEGNet (12/24),4
-41.116108,-27.9536,Final Refined EEGNet (12/24),4
-47.88823,-9.057378,Final Refined EEGNet (12/24),4
-46.630272,-7.9710646,Final Refined EEGNet (12/24),4
-47.08299,-8.876667,Final Refined EEGNet (12/24),4
-41.020935,-27.914011,Final Refined EEGNet (12/24),4
-48.88579,-12.899446,Final Refined EEGNet (12/24),4
-46.052677,-8.6672,Final Refined EEGNet (12/24),4
-13.831504,-45.440166,Final Refined EEGNet (12/24),4
-45.361168,-6.9794173,Final Refined EEGNet (12/24),4
-41.33046,-28.088833,Final Refined EEGNet (12/24),4
-48.81359,-12.584828,Final Refined EEGNet (12/24),4
-45.1061,-7.715435,Final Refined EEGNet (12/24),4
-13.329213,-45.00853,Final Refined EEGNet (12/24),4
-44.990112,-7.237528,Final Refined EEGNet (12/24),4
-46.96518,-10.253653,Final Refined EEGNet (12/24),4
-13.69046,-45.024185,Final Refined EEGNet (12/24),4
-41.690193,-28.830606,Final Refined EEGNet (12/24),4
-48.46849,-11.472561,Final Refined EEGNet (12/24),4
-46.611786,-9.77472,Final Refined EEGNet (12/24),4
-43.96944,-7.3535805,Final Refined EEGNet (12/24),4
-47.82602,-12.711459,Final Refined EEGNet (12/24),4
-46.98575,-9.25233,Final Refined EEGNet (12/24),4
-14.027411,-43.431904,Final Refined EEGNet (12/24),4
-44.62583,-7.440515,Final Refined EEGNet (12/24),4
-47.456753,-12.494093,Final Refined EEGNet (12/24),4
-38.140217,-26.96573,Final Refined EEGNet (12/24),4
-48.72614,-13.053889,Final Refined EEGNet (12/24),4
-41.701603,-28.672562,Final Refined EEGNet (12/24),4
-48.73561,-13.137389,Final Refined EEGNet (12/24),4
-46.403896,-10.873773,Final Refined EEGNet (12/24),4
-12.790595,-44.904266,Final Refined EEGNet (12/24),4
-43.562256,-7.3265443,Final Refined EEGNet (12/24),4
-46.24297,-12.527731,Final Refined EEGNet (12/24),4
-46.384293,-12.401032,Final Refined EEGNet (12/24),4
-40.23814,-27.24175,Final Refined EEGNet (12/24),4
-48.196896,-13.238358,Final Refined EEGNet (12/24),4
-46.28924,-11.058313,Final Refined EEGNet (12/24),4
-13.4696665,-44.192398,Final Refined EEGNet (12/24),4
-43.70359,-7.386372,Final Refined EEGNet (12/24),4
-43.7003,-7.4587936,Final Refined EEGNet (12/24),4
-46.109142,-12.332918,Final Refined EEGNet (12/24),4
-13.095039,-44.47525,Final Refined EEGNet (12/24),4
-43.048332,-28.481066,Final Refined EEGNet (12/24),4
-48.160107,-13.576229,Final Refined EEGNet (12/24),4
-53.927876,-13.102508,Final Refined EEGNet (12/24),4
-13.642165,-44.490646,Final Refined EEGNet (12/24),4
-55.54776,-13.163377,Final Refined EEGNet (12/24),4
-53.11063,-13.700162,Final Refined EEGNet (12/24),4
-43.081425,-28.317446,Final Refined EEGNet (12/24),4
-50.0856,-14.250406,Final Refined EEGNet (12/24),4
-53.637367,-13.416839,Final Refined EEGNet (12/24),4
-44.314835,-28.516996,Final Refined EEGNet (12/24),4
-50.86992,-14.744133,Final Refined EEGNet (12/24),4
-54.13828,-13.764542,Final Refined EEGNet (12/24),4
-12.106923,-43.906902,Final Refined EEGNet (12/24),4
-55.11595,-13.099122,Final Refined EEGNet (12/24),4
-53.450462,-14.876466,Final Refined EEGNet (12/24),4
-12.833669,-44.88061,Final Refined EEGNet (12/24),4
-55.40599,-13.736456,Final Refined EEGNet (12/24),4
-54.12175,-15.348732,Final Refined EEGNet (12/24),4
-44.508778,-28.492344,Final Refined EEGNet (12/24),4
-50.77055,-14.901027,Final Refined EEGNet (12/24),4
-55.064915,-14.665263,Final Refined EEGNet (12/24),4
-54.429485,-15.418415,Final Refined EEGNet (12/24),4
-44.38523,-28.588482,Final Refined EEGNet (12/24),4
-52.478428,-17.450613,Final Refined EEGNet (12/24),4
-54.941254,-13.923729,Final Refined EEGNet (12/24),4
-12.09257,-45.718864,Final Refined EEGNet (12/24),4
-55.394245,-13.265025,Final Refined EEGNet (12/24),4
-44.743896,-28.480024,Final Refined EEGNet (12/24),4
-52.571587,-16.360195,Final Refined EEGNet (12/24),4
-54.939285,-14.329451,Final Refined EEGNet (12/24),4
-11.564575,-46.400402,Final Refined EEGNet (12/24),4
-55.480476,-13.713944,Final Refined EEGNet (12/24),4
-54.244167,-15.069689,Final Refined EEGNet (12/24),4
-12.694332,-46.641506,Final Refined EEGNet (12/24),4
-44.893017,-28.480427,Final Refined EEGNet (12/24),4
-52.437943,-16.575983,Final Refined EEGNet (12/24),4
-54.97902,-14.234675,Final Refined EEGNet (12/24),4
-55.276016,-13.08477,Final Refined EEGNet (12/24),4
-53.556732,-15.159599,Final Refined EEGNet (12/24),4
-54.803432,-14.834006,Final Refined EEGNet (12/24),4
-12.232002,-46.539722,Final Refined EEGNet (12/24),4
-55.292786,-13.099288,Final Refined EEGNet (12/24),4
-53.655285,-14.510823,Final Refined EEGNet (12/24),4
-43.80139,-28.384865,Final Refined EEGNet (12/24),4
-52.38665,-16.47974,Final Refined EEGNet (12/24),4
-44.43868,-28.486004,Final Refined EEGNet (12/24),4
-51.58539,-16.558424,Final Refined EEGNet (12/24),4
-54.690903,-13.788685,Final Refined EEGNet (12/24),4
-11.643885,-45.08394,Final Refined EEGNet (12/24),4
-55.53805,-13.7218485,Final Refined EEGNet (12/24),4
-54.224773,-15.425379,Final Refined EEGNet (12/24),4
-53.266815,-15.343826,Final Refined EEGNet (12/24),4
-44.528934,-28.503365,Final Refined EEGNet (12/24),4
-51.699234,-17.359222,Final Refined EEGNet (12/24),4
-53.629963,-13.679497,Final Refined EEGNet (12/24),4
-11.809947,-44.245773,Final Refined EEGNet (12/24),4
-54.03361,-13.498882,Final Refined EEGNet (12/24),4
-54.165512,-13.689944,Final Refined EEGNet (12/24),4
-50.496033,-14.184703,Final Refined EEGNet (12/24),4
-13.011782,-44.904583,Final Refined EEGNet (12/24),4
-43.592636,-28.564444,Final Refined EEGNet (12/24),4
-48.808617,-13.582502,Final Refined EEGNet (12/24),4
-51.013668,-14.6292925,Final Refined EEGNet (12/24),4
-13.346033,-44.599487,Final Refined EEGNet (12/24),4
-54.04187,-14.911551,Final Refined EEGNet (12/24),4
-49.37491,-14.092507,Final Refined EEGNet (12/24),4
-42.239307,-28.450537,Final Refined EEGNet (12/24),4
-48.568436,-13.300682,Final Refined EEGNet (12/24),4
-50.516556,-14.225573,Final Refined EEGNet (12/24),4
-40.17516,-26.874786,Final Refined EEGNet (12/24),4
-48.464367,-13.703426,Final Refined EEGNet (12/24),4
-46.548187,-11.9902,Final Refined EEGNet (12/24),4
-13.814729,-43.753162,Final Refined EEGNet (12/24),4
-37.367207,-5.7444806,Final Refined EEGNet (12/24),4
-47.818672,-13.3033495,Final Refined EEGNet (12/24),4
-14.195091,-45.669003,Final Refined EEGNet (12/24),4
-60.00078,24.599886,Final Refined EEGNet (12/24),4
-43.927544,-12.043573,Final Refined EEGNet (12/24),4
-39.933098,-27.770823,Final Refined EEGNet (12/24),4
-48.40372,-11.235839,Final Refined EEGNet (12/24),4
-46.428593,-10.558933,Final Refined EEGNet (12/24),4
-43.33257,-12.766191,Final Refined EEGNet (12/24),4
-41.736908,-29.671272,Final Refined EEGNet (12/24),4
-43.07157,-19.913713,Final Refined EEGNet (12/24),4
-41.486534,-11.919721,Final Refined EEGNet (12/24),4
-12.164791,-44.59723,Final Refined EEGNet (12/24),4
-41.184845,-11.195034,Final Refined EEGNet (12/24),4
-41.38869,-23.632914,Final Refined EEGNet (12/24),4
1.2948282,-22.731285,Final Refined EEGNet (12/24),4
-42.16747,-12.365412,Final Refined EEGNet (12/24),4
-11.4009695,-42.803917,Final Refined EEGNet (12/24),4
-41.33481,-10.500667,Final Refined EEGNet (12/24),4
-41.374653,-12.417294,Final Refined EEGNet (12/24),4
-13.254448,-44.624508,Final Refined EEGNet (12/24),4
-41.153584,-23.637684,Final Refined EEGNet (12/24),4
-42.757603,-14.698254,Final Refined EEGNet (12/24),4
-42.833675,-12.865171,Final Refined EEGNet (12/24),4
-41.81998,-11.187408,Final Refined EEGNet (12/24),4
-42.902348,-13.412158,Final Refined EEGNet (12/24),4
-43.78617,-13.036657,Final Refined EEGNet (12/24),4
-11.085874,-42.63319,Final Refined EEGNet (12/24),4
-41.135944,-11.132908,Final Refined EEGNet (12/24),4
-41.573708,-12.073869,Final Refined EEGNet (12/24),4
-41.68193,-23.228361,Final Refined EEGNet (12/24),4
-42.23305,-16.12782,Final Refined EEGNet (12/24),4
-4.768821,-29.687126,Final Refined EEGNet (12/24),4
-44.409096,-15.702597,Final Refined EEGNet (12/24),4
-46.293503,-17.377518,Final Refined EEGNet (12/24),4
-37.374237,-27.561556,Final Refined EEGNet (12/24),4
-41.45547,-11.202132,Final Refined EEGNet (12/24),4
-42.103966,-13.235379,Final Refined EEGNet (12/24),4
-47.89073,-14.437245,Final Refined EEGNet (12/24),4
-4.9416857,-29.696455,Final Refined EEGNet (12/24),4
-42.81954,-17.804111,Final Refined EEGNet (12/24),4
-41.825874,-12.354185,Final Refined EEGNet (12/24),4
-36.853947,-28.309347,Final Refined EEGNet (12/24),4
-42.01249,-10.941735,Final Refined EEGNet (12/24),4
-41.31295,-11.189134,Final Refined EEGNet (12/24),4
-41.946922,-12.249529,Final Refined EEGNet (12/24),4
-36.755302,-28.343657,Final Refined EEGNet (12/24),4
-43.007576,-23.156158,Final Refined EEGNet (12/24),4
-43.699856,-17.300653,Final Refined EEGNet (12/24),4
-42.278545,-13.300453,Final Refined EEGNet (12/24),4
-37.562794,-28.424168,Final Refined EEGNet (12/24),4
-41.23464,-10.442042,Final Refined EEGNet (12/24),4
-42.773773,-13.541677,Final Refined EEGNet (12/24),4
-41.0485,-22.935696,Final Refined EEGNet (12/24),4
-42.6435,-16.7326,Final Refined EEGNet (12/24),4
-41.239,-11.460961,Final Refined EEGNet (12/24),4
-41.136845,-22.945658,Final Refined EEGNet (12/24),4
-43.103935,-17.088621,Final Refined EEGNet (12/24),4
-41.45733,-10.838807,Final Refined EEGNet (12/24),4
-37.390675,-28.213745,Final Refined EEGNet (12/24),4
-41.649708,-11.151567,Final Refined EEGNet (12/24),4
-42.39521,-13.320654,Final Refined EEGNet (12/24),4
-14.846679,-52.91843,Final Refined EEGNet (12/24),4
10.1205225,-24.771797,Final Refined EEGNet (12/24),4
-3.0153713,-25.144117,Final Refined EEGNet (12/24),4
-11.727324,-46.3115,Final Refined EEGNet (12/24),4
-6.311612,-27.369541,Final Refined EEGNet (12/24),4
-0.89240694,-23.379158,Final Refined EEGNet (12/24),4
-2.4522812,-24.771002,Final Refined EEGNet (12/24),4
-10.409744,-49.671074,Final Refined EEGNet (12/24),4
-40.10238,-26.57038,Final Refined EEGNet (12/24),4
-0.904024,-23.380621,Final Refined EEGNet (12/24),4
-13.564254,-51.075806,Final Refined EEGNet (12/24),4
9.903615,-23.73758,Final Refined EEGNet (12/24),4
-12.230716,-50.100216,Final Refined EEGNet (12/24),4
-5.3760843,-27.06392,Final Refined EEGNet (12/24),4
-1.116038,-23.813494,Final Refined EEGNet (12/24),4
-13.775306,-52.521187,Final Refined EEGNet (12/24),4
9.657398,-24.276384,Final Refined EEGNet (12/24),4
-2.05598,-24.978651,Final Refined EEGNet (12/24),4
-14.623065,-52.811203,Final Refined EEGNet (12/24),4
-11.016874,-44.450394,Final Refined EEGNet (12/24),4
-6.21286,-27.229237,Final Refined EEGNet (12/24),4
-1.2939284,-23.883696,Final Refined EEGNet (12/24),4
9.4600935,-23.993696,Final Refined EEGNet (12/24),4
-1.9332024,-25.040829,Final Refined EEGNet (12/24),4
3.9995062,-24.40246,Final Refined EEGNet (12/24),4
-14.655246,-50.737373,Final Refined EEGNet (12/24),4
9.931083,-23.942171,Final Refined EEGNet (12/24),4
-1.9197857,-24.404242,Final Refined EEGNet (12/24),4
-9.592778,-44.539726,Final Refined EEGNet (12/24),4
-6.3023276,-27.234882,Final Refined EEGNet (12/24),4
-12.147421,-45.98508,Final Refined EEGNet (12/24),4
-3.8947499,-26.089811,Final Refined EEGNet (12/24),4
4.4028826,-24.771767,Final Refined EEGNet (12/24),4
-12.746083,-51.926006,Final Refined EEGNet (12/24),4
9.889355,-23.526762,Final Refined EEGNet (12/24),4
-2.1530383,-24.453299,Final Refined EEGNet (12/24),4
-2.5927343,-25.045898,Final Refined EEGNet (12/24),4
-9.814889,-45.498085,Final Refined EEGNet (12/24),4
-4.7717094,-26.873056,Final Refined EEGNet (12/24),4
3.7672777,-23.797043,Final Refined EEGNet (12/24),4
-13.306796,-50.465107,Final Refined EEGNet (12/24),4
10.26027,-22.746382,Final Refined EEGNet (12/24),4
9.695834,-23.449741,Final Refined EEGNet (12/24),4
-1.4641321,-25.018314,Final Refined EEGNet (12/24),4
-14.185649,-51.35234,Final Refined EEGNet (12/24),4
-10.720764,-43.064774,Final Refined EEGNet (12/24),4
-4.299011,-26.64957,Final Refined EEGNet (12/24),4
8.984315,-24.178968,Final Refined EEGNet (12/24),4
-13.327486,-50.929276,Final Refined EEGNet (12/24),4
9.655278,-23.229288,Final Refined EEGNet (12/24),4
-0.28931913,-24.050339,Final Refined EEGNet (12/24),4
-10.119303,-43.88813,Final Refined EEGNet (12/24),4
-4.1056337,-26.452333,Final Refined EEGNet (12/24),4
4.664475,-24.214327,Final Refined EEGNet (12/24),4
-10.588859,-43.223686,Final Refined EEGNet (12/24),4
-38.97496,-25.92059,Final Refined EEGNet (12/24),4
2.7094731,-22.859142,Final Refined EEGNet (12/24),4
-13.916727,-51.968193,Final Refined EEGNet (12/24),4
11.090345,-21.854721,Final Refined EEGNet (12/24),4
-0.7609484,-24.060724,Final Refined EEGNet (12/24),4
-14.70736,-51.141945,Final Refined EEGNet (12/24),4
10.650518,-21.372532,Final Refined EEGNet (12/24),4
-57.707253,15.594371,Final Refined EEGNet (12/24),4
-10.006579,-43.453396,Final Refined EEGNet (12/24),4
-2.3065932,-25.885086,Final Refined EEGNet (12/24),4
2.7653449,-22.362988,Final Refined EEGNet (12/24),4
1.7233615,-22.755909,Final Refined EEGNet (12/24),4
-10.516224,-42.694294,Final Refined EEGNet (12/24),4
-2.231658,-25.953812,Final Refined EEGNet (12/24),4
9.187956,-23.212648,Final Refined EEGNet (12/24),4
-14.730803,-49.081425,Final Refined EEGNet (12/24),4
10.765847,-21.349041,Final Refined EEGNet (12/24),4
-10.49018,-43.38584,Final Refined EEGNet (12/24),4
-1.1168141,-26.30364,Final Refined EEGNet (12/24),4
7.389448,-23.580252,Final Refined EEGNet (12/24),4
-15.596736,-50.27442,Final Refined EEGNet (12/24),4
9.996522,-21.994621,Final Refined EEGNet (12/24),4
4.156788,-25.151896,Final Refined EEGNet (12/24),4
-14.285536,-51.753876,Final Refined EEGNet (12/24),4
-10.52643,-42.95463,Final Refined EEGNet (12/24),4
-3.4918964,-25.658567,Final Refined EEGNet (12/24),4
3.4468775,-22.60368,Final Refined EEGNet (12/24),4
9.115099,-21.96383,Final Refined EEGNet (12/24),4
1.3115792,-22.938343,Final Refined EEGNet (12/24),4
3.4077337,-22.348633,Final Refined EEGNet (12/24),4
-14.8510475,-50.803,Final Refined EEGNet (12/24),4
6.0250463,-20.763409,Final Refined EEGNet (12/24),4
3.1836607,-23.966736,Final Refined EEGNet (12/24),4
-10.635255,-45.097477,Final Refined EEGNet (12/24),4
-3.6800478,-26.289494,Final Refined EEGNet (12/24),4
-9.058056,-43.90344,Final Refined EEGNet (12/24),4
-3.3817804,-25.604815,Final Refined EEGNet (12/24),4
7.6777606,-23.687517,Final Refined EEGNet (12/24),4
-14.14898,-50.275307,Final Refined EEGNet (12/24),4
10.844946,-21.196821,Final Refined EEGNet (12/24),4
1.3322531,-22.941835,Final Refined EEGNet (12/24),4
1.1952554,-23.13373,Final Refined EEGNet (12/24),4
-10.204798,-44.248756,Final Refined EEGNet (12/24),4
-2.7676325,-26.416067,Final Refined EEGNet (12/24),4
6.953976,-21.83052,Final Refined EEGNet (12/24),4
-14.707802,-50.20199,Final Refined EEGNet (12/24),4
9.809255,-21.71202,Final Refined EEGNet (12/24),4
9.420935,-22.258818,Final Refined EEGNet (12/24),4
3.5871475,-22.793207,Final Refined EEGNet (12/24),4
-13.364185,-50.604965,Final Refined EEGNet (12/24),4
-10.995592,-42.06865,Final Refined EEGNet (12/24),4
-2.998003,-25.732885,Final Refined EEGNet (12/24),4
9.075022,-22.961271,Final Refined EEGNet (12/24),4
-14.848415,-49.987057,Final Refined EEGNet (12/24),4
9.964415,-21.859364,Final Refined EEGNet (12/24),4
4.4564724,-25.021816,Final Refined EEGNet (12/24),4
-9.745973,-44.72381,Final Refined EEGNet (12/24),4
-2.5489829,-26.742666,Final Refined EEGNet (12/24),4
3.550958,-23.018105,Final Refined EEGNet (12/24),4
-9.505615,-43.830536,Final Refined EEGNet (12/24),4
-3.2423606,-26.088326,Final Refined EEGNet (12/24),4
7.1475267,-24.366037,Final Refined EEGNet (12/24),4
-14.397373,-50.545975,Final Refined EEGNet (12/24),4
10.709043,-20.787088,Final Refined EEGNet (12/24),4
3.4279737,-24.439108,Final Refined EEGNet (12/24),4
-14.977292,-50.43172,Final Refined EEGNet (12/24),4
9.202501,-21.38381,Final Refined EEGNet (12/24),4
2.0945234,-24.977898,Final Refined EEGNet (12/24),4
-11.123355,-44.0757,Final Refined EEGNet (12/24),4
-2.7881196,-27.41014,Final Refined EEGNet (12/24),4
4.60171,-22.365463,Final Refined EEGNet (12/24),4
4.486062,-26.256784,Final Refined EEGNet (12/24),4
-10.635649,-42.510506,Final Refined EEGNet (12/24),4
-4.5190187,-24.478878,Final Refined EEGNet (12/24),4
6.0114446,-21.76942,Final Refined EEGNet (12/24),4
-12.156352,-48.33885,Final Refined EEGNet (12/24),4
4.563078,-22.099375,Final Refined EEGNet (12/24),4
-10.164334,-42.056015,Final Refined EEGNet (12/24),4
-3.2003822,-28.827435,Final Refined EEGNet (12/24),4
5.6951566,-21.125305,Final Refined EEGNet (12/24),4
-10.965249,-49.435074,Final Refined EEGNet (12/24),4
9.162754,-20.948246,Final Refined EEGNet (12/24),4
2.2275257,-20.894388,Final Refined EEGNet (12/24),4
-10.754794,-50.71408,Final Refined EEGNet (12/24),4
-8.482348,-43.454185,Final Refined EEGNet (12/24),4
-2.1973464,-23.98497,Final Refined EEGNet (12/24),4
7.056145,-25.122995,Final Refined EEGNet (12/24),4
6.858301,-21.56146,Final Refined EEGNet (12/24),4
3.6257267,-22.723755,Final Refined EEGNet (12/24),4
6.3594484,-21.538385,Final Refined EEGNet (12/24),4
-10.877854,-50.007885,Final Refined EEGNet (12/24),4
10.6057825,-20.744453,Final Refined EEGNet (12/24),4
2.060899,-24.860462,Final Refined EEGNet (12/24),4
-23.03798,-24.352758,Final Refined EEGNet (12/24),4
-19.52616,-11.169141,Final Refined EEGNet (12/24),4
-3.1972537,-37.566658,Final Refined EEGNet (12/24),4
-5.1727133,-24.774555,Final Refined EEGNet (12/24),4
-5.386227,-22.667591,Final Refined EEGNet (12/24),4
-11.5844345,-52.897404,Final Refined EEGNet (12/24),4
9.172497,-20.400536,Final Refined EEGNet (12/24),4
3.350418,-24.605555,Final Refined EEGNet (12/24),4
-5.05374,-24.545235,Final Refined EEGNet (12/24),4
-2.9659615,-37.350925,Final Refined EEGNet (12/24),4
-4.5888453,-27.00101,Final Refined EEGNet (12/24),4
4.3834486,-22.05665,Final Refined EEGNet (12/24),4
-11.7612295,-49.300552,Final Refined EEGNet (12/24),4
8.203154,-20.836168,Final Refined EEGNet (12/24),4
6.956518,-21.038818,Final Refined EEGNet (12/24),4
5.27527,-22.88936,Final Refined EEGNet (12/24),4
-14.87649,-49.346096,Final Refined EEGNet (12/24),4
-10.989066,-41.372795,Final Refined EEGNet (12/24),4
-4.11368,-24.304794,Final Refined EEGNet (12/24),4
5.293627,-21.440283,Final Refined EEGNet (12/24),4
-14.260985,-49.371174,Final Refined EEGNet (12/24),4
8.5975685,-20.693521,Final Refined EEGNet (12/24),4
5.664206,-25.83149,Final Refined EEGNet (12/24),4
-9.614691,-44.93124,Final Refined EEGNet (12/24),4
2.8866656,-26.69679,Final Refined EEGNet (12/24),4
6.3152995,-21.189539,Final Refined EEGNet (12/24),4
-9.244734,-43.67198,Final Refined EEGNet (12/24),4
-4.460663,-24.382372,Final Refined EEGNet (12/24),4
6.7528934,-21.150148,Final Refined EEGNet (12/24),4
-13.481751,-50.082428,Final Refined EEGNet (12/24),4
9.315018,-21.114845,Final Refined EEGNet (12/24),4
4.5954857,-22.250452,Final Refined EEGNet (12/24),4
-15.435457,14.70212,Final Refined EEGNet (12/24),5
-15.482666,14.634898,Final Refined EEGNet (12/24),5
-25.351357,22.305147,Final Refined EEGNet (12/24),5
8.787355,56.378807,Final Refined EEGNet (12/24),5
17.456242,66.12813,Final Refined EEGNet (12/24),5
-11.407426,21.078415,Final Refined EEGNet (12/24),5
12.853197,63.234257,Final Refined EEGNet (12/24),5
4.9625473,49.864265,Final Refined EEGNet (12/24),5
12.628933,63.51973,Final Refined EEGNet (12/24),5
-13.012936,20.645077,Final Refined EEGNet (12/24),5
4.4116,50.697166,Final Refined EEGNet (12/24),5
1.1553899,42.29547,Final Refined EEGNet (12/24),5
-25.445791,21.36648,Final Refined EEGNet (12/24),5
4.4657025,51.017204,Final Refined EEGNet (12/24),5
-6.5398436,25.084696,Final Refined EEGNet (12/24),5
18.141315,66.29759,Final Refined EEGNet (12/24),5
12.371677,62.384228,Final Refined EEGNet (12/24),5
-26.399342,19.289412,Final Refined EEGNet (12/24),5
17.520348,65.532646,Final Refined EEGNet (12/24),5
19.383312,65.93632,Final Refined EEGNet (12/24),5
-27.278889,14.668027,Final Refined EEGNet (12/24),5
-6.698766,24.928574,Final Refined EEGNet (12/24),5
17.434557,66.10567,Final Refined EEGNet (12/24),5
-1.493937,40.1237,Final Refined EEGNet (12/24),5
13.384065,66.19986,Final Refined EEGNet (12/24),5
15.559026,67.654205,Final Refined EEGNet (12/24),5
5.571654,54.842815,Final Refined EEGNet (12/24),5
-25.590784,20.875978,Final Refined EEGNet (12/24),5
13.590562,63.40217,Final Refined EEGNet (12/24),5
18.556705,66.49199,Final Refined EEGNet (12/24),5
-7.772254,21.774794,Final Refined EEGNet (12/24),5
11.966017,64.15857,Final Refined EEGNet (12/24),5
-7.2007117,24.116035,Final Refined EEGNet (12/24),5
14.8821335,68.00047,Final Refined EEGNet (12/24),5
5.1746283,50.471535,Final Refined EEGNet (12/24),5
-26.323776,18.141218,Final Refined EEGNet (12/24),5
17.519714,65.98055,Final Refined EEGNet (12/24),5
15.098236,67.559975,Final Refined EEGNet (12/24),5
17.233717,66.42468,Final Refined EEGNet (12/24),5
-8.025435,21.904367,Final Refined EEGNet (12/24),5
9.056587,61.811794,Final Refined EEGNet (12/24),5
4.820296,50.009815,Final Refined EEGNet (12/24),5
-26.510675,16.12505,Final Refined EEGNet (12/24),5
3.8284178,60.869553,Final Refined EEGNet (12/24),5
4.5509596,54.423424,Final Refined EEGNet (12/24),5
11.484407,63.159836,Final Refined EEGNet (12/24),5
-26.203857,17.613716,Final Refined EEGNet (12/24),5
-11.759537,20.24083,Final Refined EEGNet (12/24),5
14.35847,65.70037,Final Refined EEGNet (12/24),5
5.1044784,50.684124,Final Refined EEGNet (12/24),5
-25.728395,14.970577,Final Refined EEGNet (12/24),5
4.004569,58.420162,Final Refined EEGNet (12/24),5
16.291767,67.02404,Final Refined EEGNet (12/24),5
-11.191758,20.726635,Final Refined EEGNet (12/24),5
12.498055,63.57675,Final Refined EEGNet (12/24),5
-2.0703425,42.6297,Final Refined EEGNet (12/24),5
-11.79875,20.093588,Final Refined EEGNet (12/24),5
16.258541,66.590225,Final Refined EEGNet (12/24),5
-0.4120342,42.466885,Final Refined EEGNet (12/24),5
-22.530384,8.728983,Final Refined EEGNet (12/24),5
3.2307603,58.673763,Final Refined EEGNet (12/24),5
14.632436,66.60159,Final Refined EEGNet (12/24),5
-40.157917,-33.339874,Final Refined EEGNet (12/24),5
43.290497,-7.715547,Final Refined EEGNet (12/24),5
14.258769,65.14216,Final Refined EEGNet (12/24),5
-36.695404,-55.189606,Final Refined EEGNet (12/24),5
16.323828,65.9464,Final Refined EEGNet (12/24),5
5.284998,50.366486,Final Refined EEGNet (12/24),5
19.328491,66.11879,Final Refined EEGNet (12/24),5
-7.109891,18.508888,Final Refined EEGNet (12/24),5
12.825596,65.285835,Final Refined EEGNet (12/24),5
2.5006998,44.514244,Final Refined EEGNet (12/24),5
-26.788256,14.959138,Final Refined EEGNet (12/24),5
8.76377,55.80407,Final Refined EEGNet (12/24),5
-22.771069,9.11118,Final Refined EEGNet (12/24),5
15.646945,66.2683,Final Refined EEGNet (12/24),5
8.931899,55.354176,Final Refined EEGNet (12/24),5
-27.026903,15.540104,Final Refined EEGNet (12/24),5
1.8456137,58.337776,Final Refined EEGNet (12/24),5
15.950239,66.354,Final Refined EEGNet (12/24),5
-27.278683,14.446926,Final Refined EEGNet (12/24),5
-8.7697935,19.355362,Final Refined EEGNet (12/24),5
16.935173,66.20091,Final Refined EEGNet (12/24),5
8.667701,55.12743,Final Refined EEGNet (12/24),5
11.147095,64.73014,Final Refined EEGNet (12/24),5
18.171589,66.53413,Final Refined EEGNet (12/24),5
10.287594,55.264454,Final Refined EEGNet (12/24),5
-26.846325,14.484406,Final Refined EEGNet (12/24),5
4.7542143,54.564686,Final Refined EEGNet (12/24),5
14.535048,66.56777,Final Refined EEGNet (12/24),5
-6.20168,18.35962,Final Refined EEGNet (12/24),5
15.864138,66.95063,Final Refined EEGNet (12/24),5
-8.451664,22.828783,Final Refined EEGNet (12/24),5
13.010378,64.33057,Final Refined EEGNet (12/24),5
6.6302066,50.850685,Final Refined EEGNet (12/24),5
-27.598463,13.900943,Final Refined EEGNet (12/24),5
10.606182,66.21693,Final Refined EEGNet (12/24),5
13.056942,66.68279,Final Refined EEGNet (12/24),5
9.158432,64.8656,Final Refined EEGNet (12/24),5
-9.719077,19.71184,Final Refined EEGNet (12/24),5
16.999323,65.610245,Final Refined EEGNet (12/24),5
8.811144,56.18592,Final Refined EEGNet (12/24),5
-26.754246,13.683999,Final Refined EEGNet (12/24),5
10.027735,59.673046,Final Refined EEGNet (12/24),5
7.7453017,55.783257,Final Refined EEGNet (12/24),5
12.614546,65.50138,Final Refined EEGNet (12/24),5
-34.713593,-61.29999,Final Refined EEGNet (12/24),5
-6.262245,18.378733,Final Refined EEGNet (12/24),5
19.412125,66.15538,Final Refined EEGNet (12/24),5
6.36019,51.450275,Final Refined EEGNet (12/24),5
-36.398567,-61.29246,Final Refined EEGNet (12/24),5
-1.8233521,59.702404,Final Refined EEGNet (12/24),5
14.570271,68.20662,Final Refined EEGNet (12/24),5
-5.1034875,17.424679,Final Refined EEGNet (12/24),5
9.142336,65.700165,Final Refined EEGNet (12/24),5
6.814982,50.368416,Final Refined EEGNet (12/24),5
-7.415569,19.518404,Final Refined EEGNet (12/24),5
13.609267,66.03089,Final Refined EEGNet (12/24),5
8.477822,55.11631,Final Refined EEGNet (12/24),5
-35.370956,-60.851135,Final Refined EEGNet (12/24),5
12.888421,65.57012,Final Refined EEGNet (12/24),5
18.158054,67.15382,Final Refined EEGNet (12/24),5
-36.076412,-58.932766,Final Refined EEGNet (12/24),5
-1.761381,59.110947,Final Refined EEGNet (12/24),5
15.778486,68.839645,Final Refined EEGNet (12/24),5
-5.3276234,17.573502,Final Refined EEGNet (12/24),5
16.652863,66.75465,Final Refined EEGNet (12/24),5
6.752238,51.308613,Final Refined EEGNet (12/24),5
17.958212,66.22206,Final Refined EEGNet (12/24),5
-8.859545,17.106401,Final Refined EEGNet (12/24),5
11.391388,59.84701,Final Refined EEGNet (12/24),5
-0.02554102,42.586346,Final Refined EEGNet (12/24),5
-35.766273,-58.350327,Final Refined EEGNet (12/24),5
2.265424,52.00757,Final Refined EEGNet (12/24),5
-3.36871,16.224628,Final Refined EEGNet (12/24),5
11.495491,64.57608,Final Refined EEGNet (12/24),5
0.039543938,41.538353,Final Refined EEGNet (12/24),5
-36.44453,-59.83808,Final Refined EEGNet (12/24),5
-6.7041388,54.693333,Final Refined EEGNet (12/24),5
15.45436,67.01852,Final Refined EEGNet (12/24),5
-35.651447,-58.259018,Final Refined EEGNet (12/24),5
-3.1891818,16.471691,Final Refined EEGNet (12/24),5
10.718948,66.04212,Final Refined EEGNet (12/24),5
2.9862022,45.774418,Final Refined EEGNet (12/24),5
3.2008593,57.432243,Final Refined EEGNet (12/24),5
9.681878,64.97226,Final Refined EEGNet (12/24),5
0.3668542,42.123623,Final Refined EEGNet (12/24),5
-36.541878,-58.178085,Final Refined EEGNet (12/24),5
3.4614623,56.77095,Final Refined EEGNet (12/24),5
10.295435,65.84008,Final Refined EEGNet (12/24),5
-8.443496,18.614885,Final Refined EEGNet (12/24),5
10.664499,65.98668,Final Refined EEGNet (12/24),5
-6.21094,18.310411,Final Refined EEGNet (12/24),5
8.250823,66.105125,Final Refined EEGNet (12/24),5
-13.7453985,46.31354,Final Refined EEGNet (12/24),5
-35.80615,-58.422466,Final Refined EEGNet (12/24),5
3.447161,57.50016,Final Refined EEGNet (12/24),5
16.203718,68.71587,Final Refined EEGNet (12/24),5
14.853415,66.26454,Final Refined EEGNet (12/24),5
-6.3363156,18.365927,Final Refined EEGNet (12/24),5
14.742259,67.78192,Final Refined EEGNet (12/24),5
0.2394265,42.3475,Final Refined EEGNet (12/24),5
-35.678062,-59.43263,Final Refined EEGNet (12/24),5
-4.807122,67.68849,Final Refined EEGNet (12/24),5
9.971896,64.88942,Final Refined EEGNet (12/24),5
13.507468,67.817604,Final Refined EEGNet (12/24),5
-35.104355,-60.642563,Final Refined EEGNet (12/24),5
-3.1425707,16.583317,Final Refined EEGNet (12/24),5
17.560179,66.84061,Final Refined EEGNet (12/24),5
3.149707,41.85634,Final Refined EEGNet (12/24),5
-34.795753,-61.348186,Final Refined EEGNet (12/24),5
8.288843,63.688286,Final Refined EEGNet (12/24),5
12.317863,66.73756,Final Refined EEGNet (12/24),5
-3.1302779,16.589106,Final Refined EEGNet (12/24),5
15.954028,68.34103,Final Refined EEGNet (12/24),5
1.2385463,50.902283,Final Refined EEGNet (12/24),5
-4.579837,17.1402,Final Refined EEGNet (12/24),5
14.580655,66.257904,Final Refined EEGNet (12/24),5
-3.0365772,41.87874,Final Refined EEGNet (12/24),5
-26.005522,13.040612,Final Refined EEGNet (12/24),5
-1.623025,59.77278,Final Refined EEGNet (12/24),5
18.073225,67.528694,Final Refined EEGNet (12/24),5
-25.11255,13.8724985,Final Refined EEGNet (12/24),5
1.0789768,50.79452,Final Refined EEGNet (12/24),5
7.8214283,60.83933,Final Refined EEGNet (12/24),5
-9.462861,21.840004,Final Refined EEGNet (12/24),5
9.284049,62.425037,Final Refined EEGNet (12/24),5
5.1125464,50.360474,Final Refined EEGNet (12/24),5
12.756678,64.54084,Final Refined EEGNet (12/24),5
-13.117445,20.732042,Final Refined EEGNet (12/24),5
5.1958237,60.100185,Final Refined EEGNet (12/24),5
-0.54739183,43.342567,Final Refined EEGNet (12/24),5
-25.4742,14.055714,Final Refined EEGNet (12/24),5
1.3013585,51.019863,Final Refined EEGNet (12/24),5
-13.045805,20.651888,Final Refined EEGNet (12/24),5
5.731819,60.260643,Final Refined EEGNet (12/24),5
3.3443813,44.932682,Final Refined EEGNet (12/24),5
-26.17901,13.603328,Final Refined EEGNet (12/24),5
1.0443623,50.90269,Final Refined EEGNet (12/24),5
7.381309,60.673073,Final Refined EEGNet (12/24),5
-25.207153,13.7186165,Final Refined EEGNet (12/24),5
-13.014881,20.814278,Final Refined EEGNet (12/24),5
5.115196,59.554985,Final Refined EEGNet (12/24),5
3.0718987,43.94192,Final Refined EEGNet (12/24),5
3.8113253,55.81105,Final Refined EEGNet (12/24),5
7.8916516,62.693447,Final Refined EEGNet (12/24),5
3.0100162,44.428143,Final Refined EEGNet (12/24),5
-26.046095,13.486596,Final Refined EEGNet (12/24),5
0.45085317,50.740345,Final Refined EEGNet (12/24),5
13.753106,64.99749,Final Refined EEGNet (12/24),5
-12.218195,20.546766,Final Refined EEGNet (12/24),5
7.766596,58.303265,Final Refined EEGNet (12/24),5
-9.471618,21.675833,Final Refined EEGNet (12/24),5
9.542638,62.172276,Final Refined EEGNet (12/24),5
3.5816753,46.474075,Final Refined EEGNet (12/24),5
-26.651005,13.433965,Final Refined EEGNet (12/24),5
11.136472,63.029453,Final Refined EEGNet (12/24),5
15.051802,66.11213,Final Refined EEGNet (12/24),5
7.5820932,61.89683,Final Refined EEGNet (12/24),5
-8.665718,22.240953,Final Refined EEGNet (12/24),5
11.248711,62.892166,Final Refined EEGNet (12/24),5
3.5155795,45.898933,Final Refined EEGNet (12/24),5
-32.411297,-61.05488,Final Refined EEGNet (12/24),5
3.4854436,56.215775,Final Refined EEGNet (12/24),5
2.9580362,53.901665,Final Refined EEGNet (12/24),5
11.937306,64.59339,Final Refined EEGNet (12/24),5
-32.607002,-61.100548,Final Refined EEGNet (12/24),5
-8.729092,22.342108,Final Refined EEGNet (12/24),5
5.4472675,56.234276,Final Refined EEGNet (12/24),5
6.97459,51.22199,Final Refined EEGNet (12/24),5
-32.75899,-61.162003,Final Refined EEGNet (12/24),5
7.5278425,58.088924,Final Refined EEGNet (12/24),5
10.82111,64.47771,Final Refined EEGNet (12/24),5
-8.672942,22.651918,Final Refined EEGNet (12/24),5
7.233167,57.595615,Final Refined EEGNet (12/24),5
6.653886,51.266605,Final Refined EEGNet (12/24),5
-7.7118893,21.490932,Final Refined EEGNet (12/24),5
5.0857286,55.86722,Final Refined EEGNet (12/24),5
8.476906,54.233986,Final Refined EEGNet (12/24),5
-32.55395,-60.839344,Final Refined EEGNet (12/24),5
3.67249,53.907307,Final Refined EEGNet (12/24),5
9.90599,64.89324,Final Refined EEGNet (12/24),5
-33.91194,-59.404034,Final Refined EEGNet (12/24),5
2.6863036,54.266396,Final Refined EEGNet (12/24),5
12.729797,64.510124,Final Refined EEGNet (12/24),5
-9.768489,21.290264,Final Refined EEGNet (12/24),5
9.743875,61.981842,Final Refined EEGNet (12/24),5
6.842837,51.309517,Final Refined EEGNet (12/24),5
12.689615,65.44023,Final Refined EEGNet (12/24),5
-9.680177,20.462809,Final Refined EEGNet (12/24),5
13.482434,67.13659,Final Refined EEGNet (12/24),5
6.9820366,51.27948,Final Refined EEGNet (12/24),5
-34.014404,-58.889153,Final Refined EEGNet (12/24),5
6.718508,56.274292,Final Refined EEGNet (12/24),5
-8.403059,21.689772,Final Refined EEGNet (12/24),5
1.7626473,54.440678,Final Refined EEGNet (12/24),5
8.108255,54.192818,Final Refined EEGNet (12/24),5
-34.580067,-58.659496,Final Refined EEGNet (12/24),5
1.0194501,53.6945,Final Refined EEGNet (12/24),5
17.725464,67.70749,Final Refined EEGNet (12/24),5
-34.558388,-57.712788,Final Refined EEGNet (12/24),5
-8.417291,21.239388,Final Refined EEGNet (12/24),5
15.027956,67.86604,Final Refined EEGNet (12/24),5
5.4815583,51.53969,Final Refined EEGNet (12/24),5
5.8649755,55.57984,Final Refined EEGNet (12/24),5
6.8990507,62.131973,Final Refined EEGNet (12/24),5
-1.8851421,42.635487,Final Refined EEGNet (12/24),5
-34.706013,-57.995487,Final Refined EEGNet (12/24),5
2.6322834,54.450718,Final Refined EEGNet (12/24),5
8.299344,61.962223,Final Refined EEGNet (12/24),5
-11.250514,20.522972,Final Refined EEGNet (12/24),5
8.065085,63.88629,Final Refined EEGNet (12/24),5
-10.440486,20.37066,Final Refined EEGNet (12/24),5
7.1371045,61.394836,Final Refined EEGNet (12/24),5
3.3061883,45.60514,Final Refined EEGNet (12/24),5
-34.122692,-57.6877,Final Refined EEGNet (12/24),5
2.8049154,54.073067,Final Refined EEGNet (12/24),5
6.657582,61.907978,Final Refined EEGNet (12/24),5
8.272892,63.939785,Final Refined EEGNet (12/24),5
-10.954629,20.080568,Final Refined EEGNet (12/24),5
5.9559774,61.50445,Final Refined EEGNet (12/24),5
3.3744476,45.46883,Final Refined EEGNet (12/24),5
-34.432896,-59.422653,Final Refined EEGNet (12/24),5
-0.106925316,52.123383,Final Refined EEGNet (12/24),5
-1.1300386,49.93346,Final Refined EEGNet (12/24),5
6.159597,62.092033,Final Refined EEGNet (12/24),5
-34.524864,-56.419224,Final Refined EEGNet (12/24),5
-11.240923,20.399078,Final Refined EEGNet (12/24),5
4.509918,55.671642,Final Refined EEGNet (12/24),5
3.7609441,46.075577,Final Refined EEGNet (12/24),5
-35.51497,-57.62366,Final Refined EEGNet (12/24),5
3.7924159,53.172554,Final Refined EEGNet (12/24),5
9.117879,57.27046,Final Refined EEGNet (12/24),5
-9.427635,21.317392,Final Refined EEGNet (12/24),5
7.611454,58.14284,Final Refined EEGNet (12/24),5
4.2495856,46.143353,Final Refined EEGNet (12/24),5
-9.824698,21.67606,Final Refined EEGNet (12/24),5
6.1827927,55.98498,Final Refined EEGNet (12/24),5
6.7463756,50.993305,Final Refined EEGNet (12/24),5
-35.640774,-56.963795,Final Refined EEGNet (12/24),5
4.563576,52.53397,Final Refined EEGNet (12/24),5
9.7707205,56.456448,Final Refined EEGNet (12/24),5
-35.295486,-57.91456,Final Refined EEGNet (12/24),5
4.7011094,55.15163,Final Refined EEGNet (12/24),5
9.64348,62.69253,Final Refined EEGNet (12/24),5
-11.49666,19.929113,Final Refined EEGNet (12/24),5
7.6011543,59.401604,Final Refined EEGNet (12/24),5
2.682179,44.289368,Final Refined EEGNet (12/24),5
5.315895,60.338604,Final Refined EEGNet (12/24),5
-9.062287,21.690552,Final Refined EEGNet (12/24),5
4.3394313,60.163338,Final Refined EEGNet (12/24),5
0.35810548,50.071922,Final Refined EEGNet (12/24),5
-34.568146,-57.759773,Final Refined EEGNet (12/24),5
11.469529,59.843445,Final Refined EEGNet (12/24),5
-7.1735706,24.481997,Final Refined EEGNet (12/24),5
8.174003,65.63772,Final Refined EEGNet (12/24),5
3.9923677,53.606773,Final Refined EEGNet (12/24),5
-36.294697,-56.999588,Final Refined EEGNet (12/24),5
0.6498109,56.205185,Final Refined EEGNet (12/24),5
7.8011227,66.47714,Final Refined EEGNet (12/24),5
-35.18373,-56.20724,Final Refined EEGNet (12/24),5
-7.391476,24.128656,Final Refined EEGNet (12/24),5
7.9032135,65.1376,Final Refined EEGNet (12/24),5
5.625392,54.72238,Final Refined EEGNet (12/24),5
0.34603825,55.705418,Final Refined EEGNet (12/24),5
9.348492,66.52513,Final Refined EEGNet (12/24),5
4.5484924,53.661686,Final Refined EEGNet (12/24),5
-34.45725,-55.58086,Final Refined EEGNet (12/24),5
0.63279486,56.140987,Final Refined EEGNet (12/24),5
-10.048493,73.21264,Final Refined EEGNet (12/24),5
-6.8660774,24.78116,Final Refined EEGNet (12/24),5
9.7767315,64.341515,Final Refined EEGNet (12/24),5
-7.2155094,24.36167,Final Refined EEGNet (12/24),5
9.449132,64.95803,Final Refined EEGNet (12/24),5
3.7526596,52.215637,Final Refined EEGNet (12/24),5
-35.69664,-56.375324,Final Refined EEGNet (12/24),5
-0.4746614,50.94631,Final Refined EEGNet (12/24),5
11.719116,66.31588,Final Refined EEGNet (12/24),5
15.324955,68.523735,Final Refined EEGNet (12/24),5
-8.12463,23.0143,Final Refined EEGNet (12/24),5
-1.3996493,48.908245,Final Refined EEGNet (12/24),5
5.3693027,54.70633,Final Refined EEGNet (12/24),5
-35.037285,-56.632275,Final Refined EEGNet (12/24),5
3.7689302,53.336357,Final Refined EEGNet (12/24),5
5.161362,54.066635,Final Refined EEGNet (12/24),5
9.045662,58.17969,Final Refined EEGNet (12/24),5
-35.042942,-56.443024,Final Refined EEGNet (12/24),5
-10.487897,19.842125,Final Refined EEGNet (12/24),5
1.5255766,51.10938,Final Refined EEGNet (12/24),5
3.4589472,45.45434,Final Refined EEGNet (12/24),5
-34.851162,-56.559387,Final Refined EEGNet (12/24),5
3.371449,55.722145,Final Refined EEGNet (12/24),5
9.523942,56.965557,Final Refined EEGNet (12/24),5
-11.553093,19.872673,Final Refined EEGNet (12/24),5
5.927353,59.34947,Final Refined EEGNet (12/24),5
2.3076375,44.26961,Final Refined EEGNet (12/24),5
-10.103092,19.129189,Final Refined EEGNet (12/24),5
1.6031246,58.374687,Final Refined EEGNet (12/24),5
-1.2004197,42.097534,Final Refined EEGNet (12/24),5
-36.56221,-57.690002,Final Refined EEGNet (12/24),5
0.77620786,50.64936,Final Refined EEGNet (12/24),5
5.2939196,61.188015,Final Refined EEGNet (12/24),5
-27.091616,15.281514,Final Refined EEGNet (12/24),5
-11.870243,21.659674,Final Refined EEGNet (12/24),5
8.948113,53.991364,Final Refined EEGNet (12/24),5
-26.711775,19.275583,Final Refined EEGNet (12/24),5
10.363898,55.619114,Final Refined EEGNet (12/24),5
-24.004274,14.88248,Final Refined EEGNet (12/24),5
14.535038,62.89672,Final Refined EEGNet (12/24),5
-26.40882,19.05731,Final Refined EEGNet (12/24),5
-11.657288,37.374004,Final Refined EEGNet (12/24),5
-24.693657,25.34281,Final Refined EEGNet (12/24),5
-26.378645,20.520248,Final Refined EEGNet (12/24),5
-7.948664,22.138865,Final Refined EEGNet (12/24),5
-25.354881,23.785526,Final Refined EEGNet (12/24),5
14.580037,62.784615,Final Refined EEGNet (12/24),5
-25.119745,22.444979,Final Refined EEGNet (12/24),5
-26.456793,19.812582,Final Refined EEGNet (12/24),5
-14.955101,46.275833,Final Refined EEGNet (12/24),5
1.448449,45.34342,Final Refined EEGNet (12/24),5
-26.470047,19.308893,Final Refined EEGNet (12/24),5
-26.347046,22.053774,Final Refined EEGNet (12/24),5
-15.226735,44.171295,Final Refined EEGNet (12/24),5
-24.271152,26.205416,Final Refined EEGNet (12/24),5
-11.668463,37.181564,Final Refined EEGNet (12/24),5
5.9134917,49.835136,Final Refined EEGNet (12/24),5
-24.590504,25.36807,Final Refined EEGNet (12/24),5
-26.894932,19.666555,Final Refined EEGNet (12/24),5
-12.097762,21.819534,Final Refined EEGNet (12/24),5
1.1572337,45.642437,Final Refined EEGNet (12/24),5
-25.460928,23.980381,Final Refined EEGNet (12/24),5
-14.220701,43.175613,Final Refined EEGNet (12/24),5
-25.778627,23.431725,Final Refined EEGNet (12/24),5
1.4963096,44.7038,Final Refined EEGNet (12/24),5
-24.564363,21.518171,Final Refined EEGNet (12/24),5
-26.434496,19.991379,Final Refined EEGNet (12/24),5
-9.464415,21.288559,Final Refined EEGNet (12/24),5
1.2891103,90.31294,Final Refined EEGNet (12/24),5
1.3486389,39.969883,Final Refined EEGNet (12/24),5
-26.444582,21.868397,Final Refined EEGNet (12/24),5
1.4183975,90.28706,Final Refined EEGNet (12/24),5
-25.104269,14.932999,Final Refined EEGNet (12/24),5
-26.238665,21.010416,Final Refined EEGNet (12/24),5
-20.793715,31.82352,Final Refined EEGNet (12/24),5
-18.098671,33.00381,Final Refined EEGNet (12/24),5
1.41996,90.28171,Final Refined EEGNet (12/24),5
-26.413246,19.985086,Final Refined EEGNet (12/24),5
-25.306473,24.471886,Final Refined EEGNet (12/24),5
13.107458,91.72877,Final Refined EEGNet (12/24),5
-24.486372,21.345058,Final Refined EEGNet (12/24),5
-26.431541,19.068209,Final Refined EEGNet (12/24),5
4.7071085,46.297295,Final Refined EEGNet (12/24),5
-12.90703,47.192734,Final Refined EEGNet (12/24),5
-25.62377,23.383411,Final Refined EEGNet (12/24),5
7.143667,50.340206,Final Refined EEGNet (12/24),5
-22.322868,28.841787,Final Refined EEGNet (12/24),5
-26.14212,22.008352,Final Refined EEGNet (12/24),5
-6.0129266,18.317867,Final Refined EEGNet (12/24),5
-24.936735,23.431627,Final Refined EEGNet (12/24),5
-26.501564,19.827505,Final Refined EEGNet (12/24),5
-18.091553,33.096188,Final Refined EEGNet (12/24),5
10.369414,55.459938,Final Refined EEGNet (12/24),5
-37.57731,-60.370434,Final Refined EEGNet (12/24),5
-25.843048,24.008562,Final Refined EEGNet (12/24),5
-14.409416,43.279606,Final Refined EEGNet (12/24),5
-28.635098,17.500221,Final Refined EEGNet (12/24),5
-22.18631,28.91972,Final Refined EEGNet (12/24),5
-26.771141,22.687313,Final Refined EEGNet (12/24),5
-15.667052,44.4118,Final Refined EEGNet (12/24),5
-28.627428,17.73846,Final Refined EEGNet (12/24),5
-22.62403,28.726442,Final Refined EEGNet (12/24),5
-26.930874,22.559374,Final Refined EEGNet (12/24),5
-37.699196,-60.96616,Final Refined EEGNet (12/24),5
-25.091845,25.226217,Final Refined EEGNet (12/24),5
-28.664244,17.705965,Final Refined EEGNet (12/24),5
-18.62545,32.270206,Final Refined EEGNet (12/24),5
-27.160261,19.109533,Final Refined EEGNet (12/24),5
-37.63345,-60.237003,Final Refined EEGNet (12/24),5
-25.295572,23.7431,Final Refined EEGNet (12/24),5
-15.017435,44.401302,Final Refined EEGNet (12/24),5
-38.826855,-61.627525,Final Refined EEGNet (12/24),5
-28.686537,18.198915,Final Refined EEGNet (12/24),5
-20.977482,31.403091,Final Refined EEGNet (12/24),5
-26.079418,23.5275,Final Refined EEGNet (12/24),5
-24.515726,25.619102,Final Refined EEGNet (12/24),5
-14.418965,47.7169,Final Refined EEGNet (12/24),5
-26.77763,22.317951,Final Refined EEGNet (12/24),5
-38.071712,-61.261047,Final Refined EEGNet (12/24),5
-24.137278,26.720806,Final Refined EEGNet (12/24),5
-14.500535,48.255383,Final Refined EEGNet (12/24),5
-28.584799,18.46252,Final Refined EEGNet (12/24),5
-19.35004,44.304928,Final Refined EEGNet (12/24),5
-28.45336,18.35717,Final Refined EEGNet (12/24),5
-18.31628,44.50292,Final Refined EEGNet (12/24),5
-25.252686,24.866077,Final Refined EEGNet (12/24),5
-37.535736,-60.687706,Final Refined EEGNet (12/24),5
-23.56788,27.526152,Final Refined EEGNet (12/24),5
-14.5539465,48.02046,Final Refined EEGNet (12/24),5
-14.482925,48.13347,Final Refined EEGNet (12/24),5
-28.482496,18.63966,Final Refined EEGNet (12/24),5
-18.89298,44.48244,Final Refined EEGNet (12/24),5
-25.295391,24.986858,Final Refined EEGNet (12/24),5
-36.80637,-60.548252,Final Refined EEGNet (12/24),5
-23.244932,28.344284,Final Refined EEGNet (12/24),5
-23.354412,28.52017,Final Refined EEGNet (12/24),5
-14.538144,48.551323,Final Refined EEGNet (12/24),5
-36.86666,-58.798775,Final Refined EEGNet (12/24),5
-28.086054,18.911701,Final Refined EEGNet (12/24),5
-19.146711,44.544453,Final Refined EEGNet (12/24),5
-26.08283,24.608253,Final Refined EEGNet (12/24),5
-36.796535,-59.636433,Final Refined EEGNet (12/24),5
-23.45983,28.166933,Final Refined EEGNet (12/24),5
-14.350829,48.417946,Final Refined EEGNet (12/24),5
-27.972733,18.925442,Final Refined EEGNet (12/24),5
-18.912985,44.588932,Final Refined EEGNet (12/24),5
-26.400644,23.025064,Final Refined EEGNet (12/24),5
-28.18495,18.873528,Final Refined EEGNet (12/24),5
-19.173794,44.536835,Final Refined EEGNet (12/24),5
-25.710787,24.838795,Final Refined EEGNet (12/24),5
-36.640076,-59.51575,Final Refined EEGNet (12/24),5
-23.760197,28.532728,Final Refined EEGNet (12/24),5
-14.585637,48.574722,Final Refined EEGNet (12/24),5
-34.81222,-56.959835,Final Refined EEGNet (12/24),5
-1.754631,48.766106,Final Refined EEGNet (12/24),5
4.5044703,61.943447,Final Refined EEGNet (12/24),5
-17.285412,3.841943,Final Refined EEGNet (12/24),5
3.5732312,88.102394,Final Refined EEGNet (12/24),5
-15.107188,45.261955,Final Refined EEGNet (12/24),5
3.015476,61.850433,Final Refined EEGNet (12/24),5
-17.206278,4.0344534,Final Refined EEGNet (12/24),5
3.5977337,88.08301,Final Refined EEGNet (12/24),5
-14.809598,45.672222,Final Refined EEGNet (12/24),5
-36.934975,-59.357998,Final Refined EEGNet (12/24),5
-14.285425,45.839252,Final Refined EEGNet (12/24),5
-8.084639,18.576643,Final Refined EEGNet (12/24),5
3.795582,56.15463,Final Refined EEGNet (12/24),5
0.12844382,41.592896,Final Refined EEGNet (12/24),5
-35.38218,-56.617992,Final Refined EEGNet (12/24),5
-3.1708078,47.791313,Final Refined EEGNet (12/24),5
8.207903,61.714573,Final Refined EEGNet (12/24),5
-36.123646,-57.527702,Final Refined EEGNet (12/24),5
-9.209483,18.72459,Final Refined EEGNet (12/24),5
5.5800257,60.33116,Final Refined EEGNet (12/24),5
1.3357345,42.450085,Final Refined EEGNet (12/24),5
-1.6340592,48.719177,Final Refined EEGNet (12/24),5
3.8274558,60.46753,Final Refined EEGNet (12/24),5
-0.3939023,40.950794,Final Refined EEGNet (12/24),5
-36.573128,-57.533333,Final Refined EEGNet (12/24),5
-1.500833,49.0309,Final Refined EEGNet (12/24),5
7.5633516,62.375168,Final Refined EEGNet (12/24),5
-8.186541,18.45972,Final Refined EEGNet (12/24),5
3.670298,59.287365,Final Refined EEGNet (12/24),5
-9.051929,18.552528,Final Refined EEGNet (12/24),5
2.00824,58.77422,Final Refined EEGNet (12/24),5
-0.46667498,41.179287,Final Refined EEGNet (12/24),5
-36.107754,-56.747784,Final Refined EEGNet (12/24),5
-1.1967672,49.405804,Final Refined EEGNet (12/24),5
4.961417,61.199776,Final Refined EEGNet (12/24),5
6.558997,61.5248,Final Refined EEGNet (12/24),5
-8.173421,18.503471,Final Refined EEGNet (12/24),5
4.1534567,60.413475,Final Refined EEGNet (12/24),5
0.6505154,42.040016,Final Refined EEGNet (12/24),5
-35.74037,-56.57974,Final Refined EEGNet (12/24),5
-1.7538097,49.277706,Final Refined EEGNet (12/24),5
-1.7022381,49.47361,Final Refined EEGNet (12/24),5
4.687855,62.084568,Final Refined EEGNet (12/24),5
-36.080437,-56.601135,Final Refined EEGNet (12/24),5
-4.348289,16.88799,Final Refined EEGNet (12/24),5
3.3262868,59.889896,Final Refined EEGNet (12/24),5
-1.1265482,40.151283,Final Refined EEGNet (12/24),5
-35.096893,-56.666084,Final Refined EEGNet (12/24),5
-1.691793,49.39027,Final Refined EEGNet (12/24),5
8.161835,62.644653,Final Refined EEGNet (12/24),5
-9.803022,19.095974,Final Refined EEGNet (12/24),5
2.4806309,58.357746,Final Refined EEGNet (12/24),5
-1.1043922,42.07627,Final Refined EEGNet (12/24),5
-7.3781586,19.217796,Final Refined EEGNet (12/24),5
3.145738,58.738388,Final Refined EEGNet (12/24),5
3.0716817,45.807728,Final Refined EEGNet (12/24),5
-36.044144,-57.00794,Final Refined EEGNet (12/24),5
-0.8856864,49.698708,Final Refined EEGNet (12/24),5
4.059648,60.196777,Final Refined EEGNet (12/24),5
-32.5487,-60.43967,Final Refined EEGNet (12/24),5
5.089098,53.734287,Final Refined EEGNet (12/24),5
8.848736,62.255077,Final Refined EEGNet (12/24),5
-11.813337,19.695805,Final Refined EEGNet (12/24),5
6.2321596,59.854324,Final Refined EEGNet (12/24),5
3.5963013,46.53866,Final Refined EEGNet (12/24),5
11.56883,63.56433,Final Refined EEGNet (12/24),5
-9.042161,22.608288,Final Refined EEGNet (12/24),5
5.6214004,60.423824,Final Refined EEGNet (12/24),5
4.1521235,52.260918,Final Refined EEGNet (12/24),5
-32.389244,-61.360786,Final Refined EEGNet (12/24),5
0.9208617,55.762756,Final Refined EEGNet (12/24),5
-8.224212,22.838509,Final Refined EEGNet (12/24),5
16.310965,66.76015,Final Refined EEGNet (12/24),5
5.5305014,53.5203,Final Refined EEGNet (12/24),5
-31.55538,-61.58258,Final Refined EEGNet (12/24),5
0.8745549,56.48549,Final Refined EEGNet (12/24),5
15.941673,68.69627,Final Refined EEGNet (12/24),5
-25.68952,11.352862,Final Refined EEGNet (12/24),5
-8.810604,22.696571,Final Refined EEGNet (12/24),5
-9.468628,72.95392,Final Refined EEGNet (12/24),5
6.512335,54.13189,Final Refined EEGNet (12/24),5
1.4414958,56.23565,Final Refined EEGNet (12/24),5
18.744902,66.16218,Final Refined EEGNet (12/24),5
6.182362,53.747723,Final Refined EEGNet (12/24),5
-31.302923,-61.56544,Final Refined EEGNet (12/24),5
-10.925497,73.80155,Final Refined EEGNet (12/24),5
-10.905626,73.791595,Final Refined EEGNet (12/24),5
-6.944659,24.707895,Final Refined EEGNet (12/24),5
15.704968,66.24596,Final Refined EEGNet (12/24),5
-8.026245,23.49837,Final Refined EEGNet (12/24),5
11.94031,65.128456,Final Refined EEGNet (12/24),5
8.168682,58.547497,Final Refined EEGNet (12/24),5
-32.47314,-60.68247,Final Refined EEGNet (12/24),5
1.2440578,53.742123,Final Refined EEGNet (12/24),5
15.400316,66.56559,Final Refined EEGNet (12/24),5
17.059027,69.690765,Final Refined EEGNet (12/24),5
-8.351297,23.181183,Final Refined EEGNet (12/24),5
-1.9404382,41.400646,Final Refined EEGNet (12/24),5
13.458006,63.507355,Final Refined EEGNet (12/24),5
-31.978651,-61.171444,Final Refined EEGNet (12/24),5
5.914085,55.21086,Final Refined EEGNet (12/24),5
4.907801,54.9396,Final Refined EEGNet (12/24),5
11.910397,63.147854,Final Refined EEGNet (12/24),5
-34.195637,-58.57688,Final Refined EEGNet (12/24),5
-9.99851,21.568943,Final Refined EEGNet (12/24),5
2.8147366,51.89105,Final Refined EEGNet (12/24),5
6.7146697,50.92672,Final Refined EEGNet (12/24),5
-35.162853,-57.245667,Final Refined EEGNet (12/24),5
6.953546,57.065563,Final Refined EEGNet (12/24),5
9.227505,57.75581,Final Refined EEGNet (12/24),5
-10.87469,21.05383,Final Refined EEGNet (12/24),5
9.281966,61.297894,Final Refined EEGNet (12/24),5
3.7359831,46.304432,Final Refined EEGNet (12/24),5
-10.509572,21.256762,Final Refined EEGNet (12/24),5
8.271479,59.35684,Final Refined EEGNet (12/24),5
4.0163603,45.874004,Final Refined EEGNet (12/24),5
-34.22635,-55.95602,Final Refined EEGNet (12/24),5
4.7113295,54.07131,Final Refined EEGNet (12/24),5
7.088011,61.077736,Final Refined EEGNet (12/24),5
-16.04126,-95.83836,Final Refined EEGNet (12/24),6
-3.7903023,-84.67727,Final Refined EEGNet (12/24),6
-13.78501,-93.50681,Final Refined EEGNet (12/24),6
-16.161861,-97.54574,Final Refined EEGNet (12/24),6
-17.218864,-57.210354,Final Refined EEGNet (12/24),6
-16.242332,-96.09318,Final Refined EEGNet (12/24),6
-15.779936,-95.85876,Final Refined EEGNet (12/24),6
-18.30919,-57.558464,Final Refined EEGNet (12/24),6
-48.55076,-69.978226,Final Refined EEGNet (12/24),6
-47.902527,-69.004524,Final Refined EEGNet (12/24),6
-38.72473,-61.506546,Final Refined EEGNet (12/24),6
-45.29043,-66.43749,Final Refined EEGNet (12/24),6
-48.504616,-69.56067,Final Refined EEGNet (12/24),6
-49.536514,-67.42138,Final Refined EEGNet (12/24),6
-41.40064,-62.822193,Final Refined EEGNet (12/24),6
-44.81379,-68.06881,Final Refined EEGNet (12/24),6
-49.33351,-68.762146,Final Refined EEGNet (12/24),6
-18.858797,-57.304047,Final Refined EEGNet (12/24),6
-48.242176,-70.27625,Final Refined EEGNet (12/24),6
-39.173088,-62.071217,Final Refined EEGNet (12/24),6
-44.535576,-67.69717,Final Refined EEGNet (12/24),6
-48.314278,-69.41598,Final Refined EEGNet (12/24),6
-18.224419,-57.80628,Final Refined EEGNet (12/24),6
-50.048203,-69.45177,Final Refined EEGNet (12/24),6
-47.915512,-68.52896,Final Refined EEGNet (12/24),6
-17.95064,-57.833797,Final Refined EEGNet (12/24),6
-41.24172,-63.13955,Final Refined EEGNet (12/24),6
-45.449947,-66.3625,Final Refined EEGNet (12/24),6
-48.344315,-69.591995,Final Refined EEGNet (12/24),6
-48.561966,-69.91422,Final Refined EEGNet (12/24),6
-49.412304,-66.89622,Final Refined EEGNet (12/24),6
-50.813652,-67.84261,Final Refined EEGNet (12/24),6
-18.733145,-57.557945,Final Refined EEGNet (12/24),6
-50.603523,-69.05512,Final Refined EEGNet (12/24),6
-49.912926,-67.23208,Final Refined EEGNet (12/24),6
-41.540237,-62.80617,Final Refined EEGNet (12/24),6
-47.53323,-66.65175,Final Refined EEGNet (12/24),6
-41.74996,-62.774136,Final Refined EEGNet (12/24),6
-47.932865,-66.89865,Final Refined EEGNet (12/24),6
-50.455513,-68.538795,Final Refined EEGNet (12/24),6
-18.25147,-58.285217,Final Refined EEGNet (12/24),6
-51.67027,-68.32932,Final Refined EEGNet (12/24),6
-50.18498,-67.97196,Final Refined EEGNet (12/24),6
-49.224773,-68.31261,Final Refined EEGNet (12/24),6
-41.395638,-62.537514,Final Refined EEGNet (12/24),6
-48.35949,-66.73527,Final Refined EEGNet (12/24),6
-50.45967,-68.22978,Final Refined EEGNet (12/24),6
-35.359512,-55.708347,Final Refined EEGNet (12/24),6
-51.427006,-68.48237,Final Refined EEGNet (12/24),6
-50.807755,-68.51765,Final Refined EEGNet (12/24),6
-49.1258,-67.73138,Final Refined EEGNet (12/24),6
-19.231714,-57.01913,Final Refined EEGNet (12/24),6
-46.363148,-64.47842,Final Refined EEGNet (12/24),6
-48.24282,-66.73286,Final Refined EEGNet (12/24),6
-50.111774,-68.33887,Final Refined EEGNet (12/24),6
-19.189705,-58.185284,Final Refined EEGNet (12/24),6
-51.051727,-68.63435,Final Refined EEGNet (12/24),6
-49.906147,-67.50974,Final Refined EEGNet (12/24),6
-40.86754,-63.088932,Final Refined EEGNet (12/24),6
-48.098347,-67.133316,Final Refined EEGNet (12/24),6
-50.52095,-68.65853,Final Refined EEGNet (12/24),6
-41.632187,-62.910885,Final Refined EEGNet (12/24),6
-48.321926,-66.68975,Final Refined EEGNet (12/24),6
-50.707268,-68.254,Final Refined EEGNet (12/24),6
-19.43413,-57.93646,Final Refined EEGNet (12/24),6
-51.314804,-68.43519,Final Refined EEGNet (12/24),6
-49.981163,-67.725746,Final Refined EEGNet (12/24),6
-10.292194,-50.54585,Final Refined EEGNet (12/24),6
-54.703068,-20.9948,Final Refined EEGNet (12/24),6
-52.11239,-22.41993,Final Refined EEGNet (12/24),6
-1.5912503,-82.83166,Final Refined EEGNet (12/24),6
-9.819254,-91.29075,Final Refined EEGNet (12/24),6
-10.536363,-90.86514,Final Refined EEGNet (12/24),6
-10.828523,-92.98228,Final Refined EEGNet (12/24),6
-1.4775676,-83.51608,Final Refined EEGNet (12/24),6
-9.781287,-93.190025,Final Refined EEGNet (12/24),6
-10.994811,-93.10067,Final Refined EEGNet (12/24),6
-10.659213,-50.987663,Final Refined EEGNet (12/24),6
-13.147011,-94.39187,Final Refined EEGNet (12/24),6
-1.6155049,-82.72432,Final Refined EEGNet (12/24),6
-9.865227,-92.9897,Final Refined EEGNet (12/24),6
-11.446991,-92.97092,Final Refined EEGNet (12/24),6
-10.642323,-50.20253,Final Refined EEGNet (12/24),6
-13.564306,-98.03479,Final Refined EEGNet (12/24),6
-13.0019455,-92.611786,Final Refined EEGNet (12/24),6
-11.724526,-51.730064,Final Refined EEGNet (12/24),6
-3.1212373,-83.976845,Final Refined EEGNet (12/24),6
-9.240242,-93.95074,Final Refined EEGNet (12/24),6
-11.175375,-96.45735,Final Refined EEGNet (12/24),6
-14.42738,-96.34064,Final Refined EEGNet (12/24),6
-11.163425,-93.82913,Final Refined EEGNet (12/24),6
-11.568511,-94.65846,Final Refined EEGNet (12/24),6
-10.877013,-51.12722,Final Refined EEGNet (12/24),6
-13.830803,-97.70934,Final Refined EEGNet (12/24),6
-11.669175,-93.49477,Final Refined EEGNet (12/24),6
-1.921443,-83.479095,Final Refined EEGNet (12/24),6
-9.07906,-93.92664,Final Refined EEGNet (12/24),6
-2.0651033,-83.728386,Final Refined EEGNet (12/24),6
-8.851266,-94.074135,Final Refined EEGNet (12/24),6
-12.357285,-93.119896,Final Refined EEGNet (12/24),6
-11.093909,-48.438053,Final Refined EEGNet (12/24),6
-11.885133,-98.29037,Final Refined EEGNet (12/24),6
-8.636893,-95.22312,Final Refined EEGNet (12/24),6
-10.249504,-93.7459,Final Refined EEGNet (12/24),6
-2.61419,-83.37779,Final Refined EEGNet (12/24),6
-9.107754,-94.15542,Final Refined EEGNet (12/24),6
-13.148875,-94.89286,Final Refined EEGNet (12/24),6
-10.880232,-51.034782,Final Refined EEGNet (12/24),6
-13.462005,-99.75201,Final Refined EEGNet (12/24),6
-13.105299,-97.879776,Final Refined EEGNet (12/24),6
-10.279534,-93.47695,Final Refined EEGNet (12/24),6
-11.476685,-48.228386,Final Refined EEGNet (12/24),6
-2.475005,-85.153534,Final Refined EEGNet (12/24),6
-9.982373,-93.63223,Final Refined EEGNet (12/24),6
-11.297632,-94.461945,Final Refined EEGNet (12/24),6
-11.110693,-51.238937,Final Refined EEGNet (12/24),6
-12.396505,-100.9293,Final Refined EEGNet (12/24),6
-8.481455,-95.30166,Final Refined EEGNet (12/24),6
-2.7145605,-84.7638,Final Refined EEGNet (12/24),6
-8.709392,-94.094864,Final Refined EEGNet (12/24),6
-8.677195,-95.09983,Final Refined EEGNet (12/24),6
-3.1128495,-83.98329,Final Refined EEGNet (12/24),6
-8.110013,-95.2191,Final Refined EEGNet (12/24),6
-13.504352,-97.83154,Final Refined EEGNet (12/24),6
-11.841256,-51.58955,Final Refined EEGNet (12/24),6
-13.092331,-99.3981,Final Refined EEGNet (12/24),6
-7.7162814,-100.96398,Final Refined EEGNet (12/24),6
-11.003581,-50.937534,Final Refined EEGNet (12/24),6
-11.283017,-102.25768,Final Refined EEGNet (12/24),6
-7.668983,-97.09733,Final Refined EEGNet (12/24),6
-1.0939587,-84.49263,Final Refined EEGNet (12/24),6
-5.5615063,-96.99421,Final Refined EEGNet (12/24),6
-10.536221,-101.48049,Final Refined EEGNet (12/24),6
-8.202573,-99.98639,Final Refined EEGNet (12/24),6
-1.9148114,-83.738846,Final Refined EEGNet (12/24),6
-6.30915,-97.364746,Final Refined EEGNet (12/24),6
-11.3330965,-97.50565,Final Refined EEGNet (12/24),6
-14.639137,-53.78934,Final Refined EEGNet (12/24),6
-11.2738085,-99.746956,Final Refined EEGNet (12/24),6
-2.2481334,-83.797005,Final Refined EEGNet (12/24),6
-6.4434366,-97.396484,Final Refined EEGNet (12/24),6
-11.544599,-98.84761,Final Refined EEGNet (12/24),6
-12.145787,-52.74072,Final Refined EEGNet (12/24),6
-14.008681,-98.945145,Final Refined EEGNet (12/24),6
-9.406034,-98.977585,Final Refined EEGNet (12/24),6
-12.016754,-53.11469,Final Refined EEGNet (12/24),6
-1.945383,-86.12311,Final Refined EEGNet (12/24),6
-6.7373257,-97.150925,Final Refined EEGNet (12/24),6
-10.319722,-98.9462,Final Refined EEGNet (12/24),6
-11.592673,-102.29081,Final Refined EEGNet (12/24),6
-8.172811,-100.9127,Final Refined EEGNet (12/24),6
-11.151923,-100.65376,Final Refined EEGNet (12/24),6
-12.209383,-52.27934,Final Refined EEGNet (12/24),6
-12.633996,-102.666695,Final Refined EEGNet (12/24),6
-9.288019,-99.1118,Final Refined EEGNet (12/24),6
-0.9806907,-86.21021,Final Refined EEGNet (12/24),6
-5.669211,-98.20429,Final Refined EEGNet (12/24),6
-1.5025586,-84.481094,Final Refined EEGNet (12/24),6
-5.662796,-98.780815,Final Refined EEGNet (12/24),6
-9.747523,-99.20416,Final Refined EEGNet (12/24),6
-11.965793,-51.667664,Final Refined EEGNet (12/24),6
-12.728597,-102.48581,Final Refined EEGNet (12/24),6
-8.595229,-99.607315,Final Refined EEGNet (12/24),6
-8.112545,-99.941635,Final Refined EEGNet (12/24),6
-1.9724288,-84.298935,Final Refined EEGNet (12/24),6
-6.4222813,-97.878876,Final Refined EEGNet (12/24),6
-11.189659,-100.84787,Final Refined EEGNet (12/24),6
-13.318717,-53.945522,Final Refined EEGNet (12/24),6
-12.235506,-102.7173,Final Refined EEGNet (12/24),6
-12.682171,-102.5352,Final Refined EEGNet (12/24),6
-9.085401,-101.15771,Final Refined EEGNet (12/24),6
-12.853093,-52.30292,Final Refined EEGNet (12/24),6
-1.1147535,-86.28008,Final Refined EEGNet (12/24),6
-5.7245536,-97.98108,Final Refined EEGNet (12/24),6
-11.252114,-101.64076,Final Refined EEGNet (12/24),6
-13.164073,-53.842262,Final Refined EEGNet (12/24),6
-12.338055,-102.89527,Final Refined EEGNet (12/24),6
-8.590797,-99.50082,Final Refined EEGNet (12/24),6
-2.3104582,-85.51455,Final Refined EEGNet (12/24),6
-5.979838,-97.74656,Final Refined EEGNet (12/24),6
-9.947446,-99.79089,Final Refined EEGNet (12/24),6
-0.8162577,-85.8863,Final Refined EEGNet (12/24),6
-7.444744,-99.38677,Final Refined EEGNet (12/24),6
-11.137393,-101.159836,Final Refined EEGNet (12/24),6
-12.831298,-53.307762,Final Refined EEGNet (12/24),6
-11.830163,-103.61345,Final Refined EEGNet (12/24),6
-9.008371,-99.900276,Final Refined EEGNet (12/24),6
-19.386732,-58.21462,Final Refined EEGNet (12/24),6
-49.89377,-67.6559,Final Refined EEGNet (12/24),6
-48.7211,-65.20852,Final Refined EEGNet (12/24),6
-40.963478,-62.902145,Final Refined EEGNet (12/24),6
-46.593975,-67.00706,Final Refined EEGNet (12/24),6
-48.200935,-65.57885,Final Refined EEGNet (12/24),6
-48.37711,-65.777824,Final Refined EEGNet (12/24),6
-40.542255,-62.75906,Final Refined EEGNet (12/24),6
-47.20912,-65.962166,Final Refined EEGNet (12/24),6
-48.023853,-65.08649,Final Refined EEGNet (12/24),6
-19.247469,-57.658676,Final Refined EEGNet (12/24),6
-49.705482,-64.523994,Final Refined EEGNet (12/24),6
-40.739838,-63.570286,Final Refined EEGNet (12/24),6
-46.53431,-66.38295,Final Refined EEGNet (12/24),6
-49.8864,-65.00823,Final Refined EEGNet (12/24),6
-18.942951,-58.204132,Final Refined EEGNet (12/24),6
-50.372665,-64.58895,Final Refined EEGNet (12/24),6
-49.563698,-65.58486,Final Refined EEGNet (12/24),6
-18.623474,-57.913033,Final Refined EEGNet (12/24),6
-41.523026,-63.604496,Final Refined EEGNet (12/24),6
-45.57755,-68.279045,Final Refined EEGNet (12/24),6
-49.780975,-65.55744,Final Refined EEGNet (12/24),6
-49.81902,-63.632412,Final Refined EEGNet (12/24),6
-49.695393,-65.737724,Final Refined EEGNet (12/24),6
-50.25737,-64.86442,Final Refined EEGNet (12/24),6
-19.380932,-58.154385,Final Refined EEGNet (12/24),6
-50.557354,-64.69482,Final Refined EEGNet (12/24),6
-48.907944,-65.73075,Final Refined EEGNet (12/24),6
-40.929325,-63.67667,Final Refined EEGNet (12/24),6
-46.805763,-65.84652,Final Refined EEGNet (12/24),6
-40.876637,-63.205185,Final Refined EEGNet (12/24),6
-47.155315,-65.78052,Final Refined EEGNet (12/24),6
-50.331722,-64.07602,Final Refined EEGNet (12/24),6
-19.208107,-57.789246,Final Refined EEGNet (12/24),6
-50.517723,-64.607704,Final Refined EEGNet (12/24),6
-50.300583,-65.54366,Final Refined EEGNet (12/24),6
-49.85341,-65.596855,Final Refined EEGNet (12/24),6
-40.904465,-63.337906,Final Refined EEGNet (12/24),6
-46.075794,-66.816216,Final Refined EEGNet (12/24),6
-50.316956,-64.58437,Final Refined EEGNet (12/24),6
-18.887657,-57.819427,Final Refined EEGNet (12/24),6
-49.980923,-63.47233,Final Refined EEGNet (12/24),6
-50.087193,-64.00924,Final Refined EEGNet (12/24),6
-48.5819,-65.69685,Final Refined EEGNet (12/24),6
-19.292282,-57.94483,Final Refined EEGNet (12/24),6
-40.57931,-63.38257,Final Refined EEGNet (12/24),6
-45.375477,-66.81376,Final Refined EEGNet (12/24),6
-49.266705,-64.0728,Final Refined EEGNet (12/24),6
-19.363743,-58.466904,Final Refined EEGNet (12/24),6
-49.383095,-64.20897,Final Refined EEGNet (12/24),6
-48.213963,-64.44566,Final Refined EEGNet (12/24),6
-40.35199,-62.934258,Final Refined EEGNet (12/24),6
-47.45581,-65.216965,Final Refined EEGNet (12/24),6
-48.432575,-64.48898,Final Refined EEGNet (12/24),6
-39.3342,-63.07579,Final Refined EEGNet (12/24),6
-46.348896,-66.19686,Final Refined EEGNet (12/24),6
-47.657562,-65.104225,Final Refined EEGNet (12/24),6
-18.525879,-57.99299,Final Refined EEGNet (12/24),6
-49.35937,-63.590157,Final Refined EEGNet (12/24),6
-47.95854,-65.27348,Final Refined EEGNet (12/24),6
-13.566574,-54.75212,Final Refined EEGNet (12/24),6
-55.25878,-21.132473,Final Refined EEGNet (12/24),6
-16.06503,-93.89758,Final Refined EEGNet (12/24),6
-1.149829,-83.622025,Final Refined EEGNet (12/24),6
-10.305293,-92.19178,Final Refined EEGNet (12/24),6
-15.287946,-94.80296,Final Refined EEGNet (12/24),6
-14.640378,-95.259186,Final Refined EEGNet (12/24),6
-1.1098657,-84.60448,Final Refined EEGNet (12/24),6
-10.202324,-91.96377,Final Refined EEGNet (12/24),6
-15.573065,-95.12079,Final Refined EEGNet (12/24),6
-12.863483,-53.518147,Final Refined EEGNet (12/24),6
-16.084166,-94.76456,Final Refined EEGNet (12/24),6
-0.5816266,-84.96742,Final Refined EEGNet (12/24),6
-9.79736,-91.59885,Final Refined EEGNet (12/24),6
-15.913165,-94.05525,Final Refined EEGNet (12/24),6
-14.060476,-54.230835,Final Refined EEGNet (12/24),6
-16.16435,-94.00954,Final Refined EEGNet (12/24),6
-10.648719,-92.217995,Final Refined EEGNet (12/24),6
-14.638249,-52.93825,Final Refined EEGNet (12/24),6
-1.387053,-84.485085,Final Refined EEGNet (12/24),6
-10.016593,-92.461044,Final Refined EEGNet (12/24),6
-12.464635,-93.784935,Final Refined EEGNet (12/24),6
-13.917845,-96.865944,Final Refined EEGNet (12/24),6
-11.235485,-94.44323,Final Refined EEGNet (12/24),6
-12.396909,-94.6181,Final Refined EEGNet (12/24),6
-13.771113,-54.22654,Final Refined EEGNet (12/24),6
-14.907671,-95.2853,Final Refined EEGNet (12/24),6
-10.747433,-95.38654,Final Refined EEGNet (12/24),6
-1.0098704,-84.11972,Final Refined EEGNet (12/24),6
-5.863385,-97.236496,Final Refined EEGNet (12/24),6
-1.3973765,-83.44573,Final Refined EEGNet (12/24),6
-6.13385,-97.10793,Final Refined EEGNet (12/24),6
-11.541869,-97.542984,Final Refined EEGNet (12/24),6
-14.424365,-53.698757,Final Refined EEGNet (12/24),6
-14.816151,-96.67311,Final Refined EEGNet (12/24),6
-10.72235,-94.54433,Final Refined EEGNet (12/24),6
-7.6337075,-99.84776,Final Refined EEGNet (12/24),6
-0.9251649,-85.24048,Final Refined EEGNet (12/24),6
-5.9059324,-97.35485,Final Refined EEGNet (12/24),6
-11.590564,-96.74956,Final Refined EEGNet (12/24),6
-12.676053,-53.21054,Final Refined EEGNet (12/24),6
-12.848179,-100.72123,Final Refined EEGNet (12/24),6
-11.52107,-98.56693,Final Refined EEGNet (12/24),6
-7.2947874,-98.54315,Final Refined EEGNet (12/24),6
-12.718741,-53.784348,Final Refined EEGNet (12/24),6
-1.3583524,-85.463844,Final Refined EEGNet (12/24),6
-6.5590672,-97.66932,Final Refined EEGNet (12/24),6
-12.701676,-99.37295,Final Refined EEGNet (12/24),6
-13.500545,-54.229088,Final Refined EEGNet (12/24),6
-11.607063,-102.477356,Final Refined EEGNet (12/24),6
-8.343293,-99.589745,Final Refined EEGNet (12/24),6
-2.1453774,-84.183174,Final Refined EEGNet (12/24),6
-7.2305393,-96.43586,Final Refined EEGNet (12/24),6
-12.978032,-98.716156,Final Refined EEGNet (12/24),6
-3.1872842,-84.60186,Final Refined EEGNet (12/24),6
-7.0813317,-98.16842,Final Refined EEGNet (12/24),6
-12.483565,-97.984825,Final Refined EEGNet (12/24),6
-13.353012,-52.956894,Final Refined EEGNet (12/24),6
-13.0870075,-101.31892,Final Refined EEGNet (12/24),6
-9.828215,-100.11859,Final Refined EEGNet (12/24),6
-13.343434,-52.933605,Final Refined EEGNet (12/24),6
-12.231871,-102.63779,Final Refined EEGNet (12/24),6
-9.272302,-100.38966,Final Refined EEGNet (12/24),6
-0.85502756,-84.71817,Final Refined EEGNet (12/24),6
-6.6509743,-98.07642,Final Refined EEGNet (12/24),6
-11.998948,-101.27222,Final Refined EEGNet (12/24),6
-10.284981,-99.205376,Final Refined EEGNet (12/24),6
-1.4565568,-84.95738,Final Refined EEGNet (12/24),6
-7.292443,-96.79632,Final Refined EEGNet (12/24),6
-12.8393955,-96.93062,Final Refined EEGNet (12/24),6
-12.92636,-53.25757,Final Refined EEGNet (12/24),6
-14.815531,-98.33398,Final Refined EEGNet (12/24),6
-1.2951604,-85.16272,Final Refined EEGNet (12/24),6
-7.402511,-97.56269,Final Refined EEGNet (12/24),6
-13.03579,-100.46515,Final Refined EEGNet (12/24),6
-12.872352,-53.79234,Final Refined EEGNet (12/24),6
-15.868057,-98.01522,Final Refined EEGNet (12/24),6
-10.208803,-100.904236,Final Refined EEGNet (12/24),6
-14.026083,-52.923435,Final Refined EEGNet (12/24),6
-1.9746107,-84.81171,Final Refined EEGNet (12/24),6
-7.7384863,-97.50674,Final Refined EEGNet (12/24),6
-11.862465,-100.85986,Final Refined EEGNet (12/24),6
-13.542399,-102.27405,Final Refined EEGNet (12/24),6
-11.298447,-98.623856,Final Refined EEGNet (12/24),6
-12.0468645,-99.75302,Final Refined EEGNet (12/24),6
-12.644733,-53.114334,Final Refined EEGNet (12/24),6
-15.970552,-97.70118,Final Refined EEGNet (12/24),6
-11.080753,-99.39971,Final Refined EEGNet (12/24),6
-1.4967265,-85.87593,Final Refined EEGNet (12/24),6
-10.867099,-94.08912,Final Refined EEGNet (12/24),6
-1.7539872,-84.39701,Final Refined EEGNet (12/24),6
-8.006673,-99.35148,Final Refined EEGNet (12/24),6
-14.725389,-99.66668,Final Refined EEGNet (12/24),6
-11.434147,-51.939537,Final Refined EEGNet (12/24),6
-15.91761,-98.25034,Final Refined EEGNet (12/24),6
-12.496376,-96.757225,Final Refined EEGNet (12/24),6
-11.650206,-96.05558,Final Refined EEGNet (12/24),6
-0.52996236,-85.86063,Final Refined EEGNet (12/24),6
-11.056893,-94.2464,Final Refined EEGNet (12/24),6
-11.756838,-100.129616,Final Refined EEGNet (12/24),6
-13.122263,-54.190678,Final Refined EEGNet (12/24),6
-12.9804,-102.59545,Final Refined EEGNet (12/24),6
-12.902413,-101.981964,Final Refined EEGNet (12/24),6
-9.098147,-101.266815,Final Refined EEGNet (12/24),6
-13.326227,-53.319885,Final Refined EEGNet (12/24),6
-1.2102506,-85.906044,Final Refined EEGNet (12/24),6
-6.3846908,-97.56417,Final Refined EEGNet (12/24),6
-9.8919,-99.21043,Final Refined EEGNet (12/24),6
-13.0885515,-54.31327,Final Refined EEGNet (12/24),6
-12.296806,-103.13506,Final Refined EEGNet (12/24),6
-8.898074,-100.76935,Final Refined EEGNet (12/24),6
-0.651729,-85.31226,Final Refined EEGNet (12/24),6
-5.407451,-98.27995,Final Refined EEGNet (12/24),6
-10.380959,-102.561,Final Refined EEGNet (12/24),6
-1.093957,-85.714905,Final Refined EEGNet (12/24),6
-6.439785,-97.37188,Final Refined EEGNet (12/24),6
-11.372065,-102.29864,Final Refined EEGNet (12/24),6
-14.448345,-51.059692,Final Refined EEGNet (12/24),6
-12.504735,-102.42527,Final Refined EEGNet (12/24),6
-8.895113,-100.18408,Final Refined EEGNet (12/24),6
